score_id,performance_id,onset_beat,duration_beat,pitch,voice,beat_period,tempo_bpm,timing,articulation_log,velocity_norm
n1,P02_n0,0.0,3.0,57,3,0.7660258412361145,78.3263393610582,0.0,-0.014154057018458843,0.4330708682537079
n2,P02_n1,0.0,3.0,60,3,0.7660258412361145,78.3263393610582,0.0,-0.014154057018458843,0.4330708682537079
n3,P02_n2,0.0,3.0,64,3,0.7660258412361145,78.3263393610582,0.0,-0.014154057018458843,0.4330708682537079
n0,P00_n0,0.0,1.0,76,1,0.7660258412361145,78.3263393610582,0.0,0.0,0.4724409580230713
n4,P00_n1,1.0,0.5,81,1,0.762820839881897,78.65542846114357,0.0,-2.254561621839457e-07,0.4724409580230713
n5,P00_n2,1.5,0.5,79,1,0.7500002384185791,79.99997456869298,0.0,0.0,0.5039370059967041
n6,P00_n3,2.0,1.0,81,1,0.7532052993774414,79.659556364769,0.0,1.1416717882184457e-07,0.5590550899505615
n8,P02_n3,3.0,3.0,55,3,0.7500004768371582,79.99994913740213,0.0,0.07800202816724777,0.4488188922405243
n9,P02_n4,3.0,3.0,60,3,0.7500004768371582,79.99994913740213,0.0,0.07800202816724777,0.4488188922405243
n10,P02_n5,3.0,3.0,64,3,0.7500004768371582,79.99994913740213,0.0,0.07800202816724777,0.4488188922405243
n7,P00_n4,3.0,0.5,79,1,0.7500004768371582,79.99994913740213,0.0,-4.5862017827857926e-07,0.4881889820098877
n11,P00_n5,3.5,0.5,81,1,0.75,80.0,0.0,4.586203203871264e-07,0.5354330539703369
n12,P00_n6,4.0,1.0,76,1,0.7628207206726074,78.65544075296718,0.0,0.0,0.5275590419769287
n13,P00_n7,5.0,1.0,76,1,0.8621797561645508,69.5910563557105,0.0,0.0,0.4645669162273407
n15,P02_n6,6.0,3.0,53,3,0.7670943140983582,78.21723991074545,0.0,-0.014134434051811695,0.4803149700164795
n16,P02_n7,6.0,3.0,60,3,0.7670943140983582,78.21723991074545,0.0,-0.014134434051811695,0.4803149700164795
n17,P02_n8,6.0,3.0,64,3,0.7670943140983582,78.21723991074545,0.0,-0.014134434051811695,0.4803149700164795
n14,P00_n8,6.0,1.5,74,1,0.7670943140983582,78.21723991074545,0.0,-1.4946677140414977e-07,0.5039370059967041
n18,P00_n9,7.5,0.5,76,1,0.7564105987548828,79.32199799786675,0.0,-2.2736681160040462e-07,0.4960629940032959
n19,P00_n10,8.0,0.5,79,1,0.75,80.0,0.0,4.586203203871264e-07,0.5590550899505615
n20,P00_n11,8.5,0.5,74,1,0.75,80.0,0.0,4.586203203871264e-07,0.4960629940032959
n22,P02_n9,9.0,0.5,52,3,0.75,80.0,0.0,4.586203203871264e-07,0.3700787425041199
n21,P00_n12,9.0,0.5,76,1,0.75,80.0,0.0,4.586203203871264e-07,0.5275590419769287
n24,P02_n10,9.5,0.5,60,3,0.7884626388549805,76.09745477240757,0.0,-1.526869027657085e-06,0.4330708682537079
n23,P00_n13,9.5,0.5,69,1,0.7884626388549805,76.09745477240757,0.0,-1.526869027657085e-06,0.4409448802471161
n26,P02_n11,10.0,2.0,59,3,0.8621795177459717,69.59107559973154,0.0,3.9894854353406117e-07,0.4251968562602997
n25,P00_n14,10.0,2.0,68,1,0.8621795177459717,69.59107559973154,0.0,3.9894854353406117e-07,0.3937007784843445
n28,P02_n12,12.0,0.5,53,3,0.7692317962646484,77.9998958589037,0.0,-1.4532521390719921e-06,0.36220473051071167
n27,P00_n15,12.0,1.0,81,1,0.7692317962646484,77.9998958589037,0.0,-0.006025336682796478,0.5275590419769287
n29,P02_n13,12.5,0.5,57,3,0.7628211975097656,78.65539158569578,0.0,-9.018244782055262e-07,0.4330708682537079
n31,P02_n14,13.0,2.0,64,3,0.7564105987548828,79.32199799786675,0.0,-2.2736681160040462e-07,0.5590550899505615
n30,P00_n16,13.0,0.5,84,1,0.7564105987548828,79.32199799786675,0.0,-2.2736681160040462e-07,0.5826771855354309
n32,P00_n17,13.5,0.5,83,1,0.75640869140625,79.32219801500847,0.0,3.4105064514733385e-06,0.5984252095222473
n33,P00_n18,14.0,1.0,81,1,0.7564105987548828,79.32199799786675,0.0,-2.2736681160040462e-07,0.6062992215156555
n35,P02_n15,15.0,0.5,50,3,0.75,80.0,0.0,4.586203203871264e-07,0.35433071851730347
n34,P00_n19,15.0,0.5,86,1,0.75,80.0,0.0,4.586203203871264e-07,0.5511810779571533
n37,P02_n16,15.5,0.5,57,3,0.7500019073486328,79.99979654999656,0.0,-3.2103382636705646e-06,0.4409448802471161
n36,P00_n20,15.5,0.5,84,1,0.7500019073486328,79.99979654999656,0.0,-3.2103382636705646e-06,0.5826771855354309
n39,P02_n17,16.0,1.0,64,3,0.75,80.0,0.0,4.586203203871264e-07,0.5275590419769287
n38,P00_n21,16.0,1.0,83,1,0.75,80.0,0.0,4.586203203871264e-07,0.5984252095222473
n41,P02_n18,17.0,1.0,65,3,0.7724361419677734,77.67632395753854,0.0,0.0,0.5511810779571533
n40,P00_n22,17.0,1.0,81,1,0.7724361419677734,77.67632395753854,0.0,0.0,0.5354330539703369
n43,P02_n19,18.0,0.5,52,3,0.7628211975097656,78.65539158569578,0.0,-9.018244782055262e-07,0.3700787425041199
n42,P00_n23,18.0,1.5,79,1,0.7628211975097656,78.65539158569578,0.0,-0.00404764898121357,0.5433070659637451
n44,P02_n20,18.5,0.5,59,3,0.7628192901611328,78.65558825515019,0.0,2.7054768452217104e-06,0.4488188922405243
n45,P02_n21,19.0,2.0,67,3,0.7564105987548828,79.32199799786675,0.0,-0.0061263139359653,0.4803149700164795
n46,P00_n24,19.5,0.5,76,1,0.7564105987548828,79.32199799786675,0.0,-2.2736681160040462e-07,0.4566929042339325
n47,P00_n25,20.0,0.5,79,1,0.75,80.0,0.0,4.586203203871264e-07,0.5354330539703369
n48,P00_n26,20.5,0.5,81,1,0.7500019073486328,79.99979654999656,0.0,-3.2103382636705646e-06,0.5354330539703369
n50,P01_n0,21.0,3.0,45,4,0.75,80.0,0.0,-2.5849621295928955,0.33070865273475647
n49,P00_n27,21.0,3.0,81,1,0.75,80.0,0.0,0.2188655138015747,0.5354330539703369
n52,P02_n22,21.5,0.5,59,3,0.8076934814453125,74.28560633253358,0.0,-1.7034457187037333e-06,0.3937007784843445
n51,P01_n1,21.5,0.5,74,2,0.8076934814453125,74.28560633253358,0.0,-1.7034457187037333e-06,0.5118110179901123
n54,P02_n23,22.0,2.0,57,3,0.9198713302612305,65.22651378096636,0.0,1.121782474911015e-06,0.3700787425041199
n53,P01_n2,22.0,2.0,73,2,0.9198713302612305,65.22651378096636,0.0,1.121782474911015e-06,0.4881889820098877
n55,P00_n28,24.0,1.0,76,1,0.7628211975097656,78.65539158569578,0.0,-9.018244782055262e-07,0.5196850299835205
n56,P01_n3,24.5,0.25,72,2,0.7692337036132812,77.99970245474833,0.0,-5.030482043366646e-06,0.5196850299835205
n57,P01_n4,24.75,0.25,71,2,0.75640869140625,79.32219801500847,0.0,3.4105064514733385e-06,0.5354330539703369
n59,P01_n5,25.0,0.25,69,2,0.75640869140625,79.32219801500847,0.0,3.4105064514733385e-06,0.5354330539703369
n58,P00_n29,25.0,1.5,81,1,0.75640869140625,79.32219801500847,0.0,-0.00817057490348816,0.6141732335090637
n60,P01_n6,25.25,0.25,68,2,0.7564163208007812,79.32139795249383,0.0,-1.1140931746922433e-05,0.5039370059967041
n61,P01_n7,25.5,0.25,69,2,0.75640869140625,79.32219801500847,0.0,3.4105064514733385e-06,0.5196850299835205
n62,P01_n8,25.75,0.25,71,2,0.74359130859375,80.68948534843635,0.0,-2.659797473825165e-06,0.5275590419769287
n64,P02_n24,26.0,0.25,57,3,0.75640869140625,79.32219801500847,0.0,3.4105064514733385e-06,0.4645669162273407
n63,P01_n9,26.0,0.25,72,2,0.75640869140625,79.32219801500847,0.0,3.4105064514733385e-06,0.5511810779571533
n66,P02_n25,26.25,0.25,59,3,0.74359130859375,80.68948534843635,0.0,-2.659797473825165e-06,0.5275590419769287
n65,P01_n10,26.25,0.25,74,2,0.74359130859375,80.68948534843635,0.0,-2.659797473825165e-06,0.5354330539703369
n69,P02_n26,26.5,0.25,60,3,0.75640869140625,79.32219801500847,0.0,3.4105064514733385e-06,0.5433070659637451
n68,P01_n11,26.5,0.5,76,2,0.75640869140625,79.32219801500847,0.0,-0.01227488648146391,0.5590550899505615
n67,P00_n30,26.5,0.5,81,1,0.75640869140625,79.32219801500847,0.0,-0.01227488648146391,0.6141732335090637
n70,P02_n27,26.75,0.25,62,3,0.74359130859375,80.68948534843635,0.0,-2.659797473825165e-06,0.5433070659637451
n72,P02_n28,27.0,1.25,64,3,0.75640869140625,79.32219801500847,0.0,0.07620305567979813,0.6299212574958801
n71,P00_n31,27.0,0.5,79,1,0.75640869140625,79.32219801500847,0.0,0.012178092263638973,0.6220472455024719
n73,P01_n12,27.25,0.25,72,2,0.7692337036132812,77.99970245474833,0.0,-5.030482043366646e-06,0.5039370059967041
n75,P01_n13,27.5,0.25,71,2,0.7820510864257812,76.72133066679675,0.0,7.696928605582798e-07,0.5196850299835205
n74,P00_n32,27.5,0.5,81,1,0.7820510864257812,76.72133066679675,0.0,0.035047732293605804,0.5905511975288391
n76,P01_n14,27.75,0.25,69,2,0.8205108642578125,73.12517434400164,0.0,3.877675226249266e-06,0.4881889820098877
n78,P01_n15,28.0,1.25,67,2,0.8589706420898438,69.85104852247595,0.0,-0.15439097583293915,0.4960629940032959
n77,P00_n33,28.0,2.0,76,1,0.8589706420898438,69.85104852247595,0.0,-0.16823704540729523,0.5275590419769287
n80,P02_n29,28.25,0.25,63,3,0.7564163208007812,79.32139795249383,0.0,-1.1140931746922433e-05,0.4960629940032959
n81,P02_n30,28.5,0.25,64,3,0.74359130859375,80.68948534843635,0.0,-2.659797473825165e-06,0.5748031735420227
n82,P02_n31,28.75,0.25,65,3,0.75640869140625,79.32219801500847,0.0,3.4105064514733385e-06,0.5826771855354309
n84,P02_n32,29.0,0.5,64,3,0.74359130859375,80.68948534843635,0.0,0.012381146661937237,0.6062992215156555
n85,P01_n16,29.25,0.25,72,2,0.75640869140625,79.32219801500847,0.0,3.4105064514733385e-06,0.4724409580230713
n87,P02_n33,29.5,0.5,55,3,0.74359130859375,80.68948534843635,0.0,0.012381146661937237,0.4724409580230713
n86,P01_n17,29.5,0.25,71,2,0.74359130859375,80.68948534843635,0.0,-2.659797473825165e-06,0.5196850299835205
n88,P01_n18,29.75,0.25,72,2,0.75640869140625,79.32219801500847,0.0,3.4105064514733385e-06,0.5275590419769287
n91,P02_n34,30.0,0.5,53,3,0.7692337036132812,77.99970245474833,0.0,-0.012077942490577698,0.5118110179901123
n89,P01_n19,30.0,1.5,74,1,0.7692337036132812,77.99970245474833,0.0,-2.584967613220215,0.5669291615486145
n90,P00_n34,30.0,0.25,74,2,0.7692337036132812,77.99970245474833,0.0,2.5728845596313477,0.5905511975288391
n92,P01_n20,30.25,0.25,72,2,0.75640869140625,79.32219801500847,0.0,3.4105064514733385e-06,0.5118110179901123
n94,P02_n35,30.5,0.25,65,3,0.76922607421875,78.00047607712449,0.0,9.278491233999375e-06,0.5196850299835205
n93,P01_n21,30.5,1.75,71,2,0.76922607421875,78.00047607712449,0.0,-0.01726881042122841,0.5039370059967041
n95,P02_n36,30.75,0.25,64,3,0.7564163208007812,79.32139795249383,0.0,-1.1140931746922433e-05,0.5590550899505615
n97,P02_n37,31.0,0.25,62,3,0.76922607421875,78.00047607712449,0.0,9.278491233999375e-06,0.5590550899505615
n98,P02_n38,31.25,0.25,60,3,0.7564163208007812,79.32139795249383,0.0,-1.1140931746922433e-05,0.5275590419769287
n100,P02_n39,31.5,0.25,59,3,0.75640869140625,79.32219801500847,0.0,3.4105064514733385e-06,0.5275590419769287
n99,P00_n35,31.5,0.5,76,1,0.75640869140625,79.32219801500847,0.0,3.4105064514733385e-06,0.5590550899505615
n101,P02_n40,31.75,0.25,60,3,0.75640869140625,79.32219801500847,0.0,3.4105064514733385e-06,0.5275590419769287
n104,P02_n41,32.0,0.5,62,3,0.75640869140625,79.32219801500847,0.0,3.4105064514733385e-06,0.5905511975288391
n102,P00_n36,32.0,1.0,79,1,0.75640869140625,79.32219801500847,0.0,-0.006122675724327564,0.6456692814826965
n105,P01_n22,32.25,0.25,69,2,0.75640869140625,79.32219801500847,0.0,3.4105064514733385e-06,0.4488188922405243
n107,P02_n42,32.5,0.5,53,3,0.74359130859375,80.68948534843635,0.0,0.012381146661937237,0.4173228442668915
n106,P01_n23,32.5,0.25,71,2,0.74359130859375,80.68948534843635,0.0,-2.659797473825165e-06,0.5275590419769287
n108,P01_n24,32.75,0.25,72,2,0.7564163208007812,79.32139795249383,0.0,-1.1140931746922433e-05,0.5354330539703369
n110,P01_n25,33.0,0.25,71,2,0.75640869140625,79.32219801500847,0.0,3.4105064514733385e-06,0.5433070659637451
n109,P00_n37,33.0,1.25,76,1,0.75640869140625,79.32219801500847,0.0,-0.009810898452997208,0.6220472455024719
n111,P01_n26,33.25,0.25,69,2,0.75640869140625,79.32219801500847,0.0,3.4105064514733385e-06,0.4881889820098877
n113,P02_n43,33.5,0.25,52,3,0.74359130859375,80.68948534843635,0.0,-2.659797473825165e-06,0.4330708682537079
n112,P01_n27,33.5,2.5,68,2,0.74359130859375,80.68948534843635,0.0,0.01730501279234886,0.4645669162273407
n114,P02_n44,33.75,0.25,50,3,0.75640869140625,79.32219801500847,0.0,3.4105064514733385e-06,0.4488188922405243
n117,P02_n45,34.0,0.5,52,3,0.74359130859375,80.68948534843635,0.0,0.012381146661937237,0.4960629940032959
n118,P00_n38,34.25,0.25,75,1,0.75640869140625,79.32219801500847,0.0,3.4105064514733385e-06,0.5511810779571533
n120,P02_n46,34.5,0.25,64,3,0.74359130859375,80.68948534843635,0.0,-2.659797473825165e-06,0.5039370059967041
n119,P00_n39,34.5,0.25,76,1,0.74359130859375,80.68948534843635,0.0,-2.659797473825165e-06,0.6299212574958801
n122,P02_n47,34.75,0.25,62,3,0.75640869140625,79.32219801500847,0.0,3.4105064514733385e-06,0.5511810779571533
n121,P00_n40,34.75,0.25,78,1,0.75640869140625,79.32219801500847,0.0,3.4105064514733385e-06,0.6377952694892883
n124,P02_n48,35.0,0.25,64,3,0.74359130859375,80.68948534843635,0.0,-2.659797473825165e-06,0.5826771855354309
n123,P00_n41,35.0,0.25,80,1,0.74359130859375,80.68948534843635,0.0,-2.659797473825165e-06,0.6771653294563293
n126,P02_n49,35.25,0.25,62,3,0.75640869140625,79.32219801500847,0.0,3.4105064514733385e-06,0.5511810779571533
n125,P00_n42,35.25,0.25,81,1,0.75640869140625,79.32219801500847,0.0,3.4105064514733385e-06,0.6535432934761047
n128,P02_n50,35.5,0.25,60,3,0.75640869140625,79.32219801500847,0.0,3.4105064514733385e-06,0.5511810779571533
n127,P00_n43,35.5,0.25,83,1,0.75640869140625,79.32219801500847,0.0,3.4105064514733385e-06,0.6850393414497375
n130,P02_n51,35.75,0.25,59,3,0.7692337036132812,77.99970245474833,0.0,-5.030482043366646e-06,0.5275590419769287
n129,P00_n44,35.75,0.25,80,1,0.7692337036132812,77.99970245474833,0.0,-5.030482043366646e-06,0.6141732335090637
n133,P02_n52,36.0,0.25,57,3,0.7820510864257812,76.72133066679675,0.0,7.696928605582798e-07,0.5433070659637451
n132,P01_n28,36.0,0.5,72,2,0.7820510864257812,76.72133066679675,0.0,0.01177801564335823,0.5511810779571533
n131,P00_n45,36.0,0.75,81,1,0.7820510864257812,76.72133066679675,0.0,0.031195417046546936,0.6929134130477905
n134,P02_n53,36.25,0.25,60,3,0.7948760986328125,75.48346226940279,0.0,-7.3563983278290834e-06,0.5196850299835205
n136,P02_n54,36.5,0.25,59,3,0.8205108642578125,73.12517434400164,0.0,3.877675226249266e-06,0.5275590419769287
n135,P01_n29,36.5,0.25,74,2,0.8205108642578125,73.12517434400164,0.0,3.877675226249266e-06,0.4960629940032959
n139,P02_n55,36.75,0.25,60,3,0.8333358764648438,71.99978027410805,0.0,-3.921197730960557e-06,0.5354330539703369
n138,P01_n30,36.75,0.75,72,2,0.8333358764648438,71.99978027410805,0.0,-0.029905395582318306,0.5275590419769287
n137,P00_n46,36.75,0.25,76,1,0.8333358764648438,71.99978027410805,0.0,-3.921197730960557e-06,0.5118110179901123
n142,P02_n56,37.0,0.25,62,3,0.8589706420898438,69.85104852247595,0.0,6.707336979161482e-06,0.5669291615486145
n140,P00_n47,37.0,2.0,77,1,0.8589706420898438,69.85104852247595,0.0,-0.16823704540729523,0.5511810779571533
n143,P02_n57,37.25,0.25,60,3,0.75640869140625,79.32219801500847,0.0,3.4105064514733385e-06,0.5275590419769287
n145,P02_n58,37.5,0.25,59,3,0.74359130859375,80.68948534843635,0.0,-2.659797473825165e-06,0.5275590419769287
n144,P01_n31,37.5,0.5,69,2,0.74359130859375,80.68948534843635,0.0,0.012381146661937237,0.4960629940032959
n146,P02_n59,37.75,0.25,60,3,0.75640869140625,79.32219801500847,0.0,3.4105064514733385e-06,0.5196850299835205
n148,P02_n60,38.0,0.75,62,3,0.74359130859375,80.68948534843635,0.0,0.00826497282832861,0.6062992215156555
n147,P01_n32,38.0,0.25,71,2,0.74359130859375,80.68948534843635,0.0,-2.659797473825165e-06,0.5039370059967041
n149,P01_n33,38.25,0.25,69,2,0.7564163208007812,79.32139795249383,0.0,-1.1140931746922433e-05,0.5039370059967041
n150,P01_n34,38.5,0.25,67,2,0.7435836791992188,80.69031324707838,0.0,1.2142616469645873e-05,0.4960629940032959
n152,P02_n61,38.75,0.25,57,3,0.7564163208007812,79.32139795249383,0.0,-1.1140931746922433e-05,0.4488188922405243
n151,P01_n35,38.75,0.25,65,2,0.7564163208007812,79.32139795249383,0.0,-1.1140931746922433e-05,0.4645669162273407
n155,P02_n62,39.0,0.25,59,3,0.75640869140625,79.32219801500847,0.0,3.4105064514733385e-06,0.5354330539703369
n154,P01_n36,39.0,1.0,64,2,0.75640869140625,79.32219801500847,0.0,0.012178092263638973,0.4881889820098877
n153,P00_n48,39.0,0.75,79,1,0.75640869140625,79.32219801500847,0.0,0.01621367037296295,0.6456692814826965
n156,P02_n63,39.25,0.25,55,3,0.76922607421875,78.00047607712449,0.0,9.278491233999375e-06,0.4803149700164795
n157,P02_n64,39.5,0.25,57,3,0.7692337036132812,77.99970245474833,0.0,-5.030482043366646e-06,0.5039370059967041
n159,P02_n65,39.75,0.25,55,3,0.75640869140625,79.32219801500847,0.0,3.4105064514733385e-06,0.4881889820098877
n158,P00_n49,39.75,0.25,71,1,0.75640869140625,79.32219801500847,0.0,3.4105064514733385e-06,0.5039370059967041
n162,P02_n66,40.0,0.25,57,3,0.7564163208007812,79.32139795249383,0.0,-1.1140931746922433e-05,0.5275590419769287
n161,P01_n37,40.0,0.5,69,2,0.7564163208007812,79.32139795249383,0.0,0.012163540348410606,0.4803149700164795
n160,P00_n50,40.0,2.0,72,1,0.7564163208007812,79.32139795249383,0.0,-1.1140931746922433e-05,0.5511810779571533
n163,P02_n67,40.25,0.25,59,3,0.76922607421875,78.00047607712449,0.0,9.278491233999375e-06,0.5275590419769287
n165,P02_n68,40.5,0.25,60,3,0.75640869140625,79.32219801500847,0.0,3.4105064514733385e-06,0.5511810779571533
n164,P01_n38,40.5,0.5,64,2,0.75640869140625,79.32219801500847,0.0,3.4105064514733385e-06,0.4724409580230713
n166,P02_n69,40.75,0.25,59,3,0.7564163208007812,79.32139795249383,0.0,-1.1140931746922433e-05,0.5118110179901123
n168,P02_n70,41.0,0.75,60,3,0.75640869140625,79.32219801500847,0.0,-0.00817057490348816,0.5905511975288391
n167,P01_n39,41.0,0.25,69,2,0.75640869140625,79.32219801500847,0.0,3.4105064514733385e-06,0.4881889820098877
n169,P01_n40,41.25,0.25,67,2,0.75640869140625,79.32219801500847,0.0,3.4105064514733385e-06,0.4960629940032959
n170,P01_n41,41.5,0.25,65,2,0.74359130859375,80.68948534843635,0.0,-2.659797473825165e-06,0.4881889820098877
n172,P02_n71,41.75,0.25,48,3,0.75640869140625,79.32219801500847,0.0,3.4105064514733385e-06,0.4015747904777527
n171,P01_n42,41.75,0.25,64,2,0.75640869140625,79.32219801500847,0.0,3.4105064514733385e-06,0.4803149700164795
n175,P02_n72,42.0,0.75,50,3,0.75640869140625,79.32219801500847,0.0,-0.00817057490348816,0.5196850299835205
n174,P01_n43,42.0,0.25,62,2,0.75640869140625,79.32219801500847,0.0,3.4105064514733385e-06,0.4881889820098877
n173,P00_n51,42.0,0.5,77,1,0.75640869140625,79.32219801500847,0.0,-0.01227488648146391,0.5669291615486145
n176,P01_n44,42.25,0.25,60,2,0.74359130859375,80.68948534843635,0.0,-2.659797473825165e-06,0.4488188922405243
n178,P01_n45,42.5,0.25,62,2,0.75640869140625,79.32219801500847,0.0,3.4105064514733385e-06,0.4724409580230713
n177,P00_n52,42.5,0.5,71,1,0.75640869140625,79.32219801500847,0.0,-0.01227488648146391,0.5354330539703369
n180,P02_n73,42.75,0.25,45,3,0.74359130859375,80.68948534843635,0.0,-2.659797473825165e-06,0.3937007784843445
n179,P01_n46,42.75,0.25,64,2,0.74359130859375,80.68948534843635,0.0,-2.659797473825165e-06,0.4724409580230713
n183,P02_n74,43.0,1.0,50,3,0.75640869140625,79.32219801500847,0.0,-0.01227488648146391,0.4724409580230713
n182,P01_n47,43.0,1.5,65,2,0.75640869140625,79.32219801500847,0.0,-0.00817057490348816,0.4881889820098877
n181,P00_n53,43.0,0.25,72,1,0.75640869140625,79.32219801500847,0.0,3.4105064514733385e-06,0.5669291615486145
n184,P00_n54,43.25,0.25,71,1,0.75640869140625,79.32219801500847,0.0,3.4105064514733385e-06,0.5748031735420227
n185,P00_n55,43.5,0.25,69,1,0.74359130859375,80.68948534843635,0.0,-2.659797473825165e-06,0.5590550899505615
n186,P00_n56,43.75,0.25,71,1,0.74359130859375,80.68948534843635,0.0,-2.659797473825165e-06,0.5748031735420227
n189,P02_n75,44.0,0.75,62,3,0.75640869140625,79.32219801500847,0.0,3.486295327093103e-06,0.5590550899505615
n187,P00_n57,44.0,0.25,72,1,0.75640869140625,79.32219801500847,0.0,3.4105064514733385e-06,0.6062992215156555
n190,P00_n58,44.25,0.25,71,1,0.75640869140625,79.32219801500847,0.0,3.4105064514733385e-06,0.5669291615486145
n192,P01_n48,44.5,0.5,69,2,0.7564239501953125,79.32059790611825,0.0,0.012148989364504814,0.4724409580230713
n191,P00_n59,44.5,0.25,72,1,0.7564239501953125,79.32059790611825,0.0,-2.569222306192387e-05,0.5826771855354309
n194,P02_n76,44.75,0.25,60,3,0.76922607421875,78.00047607712449,0.0,9.278491233999375e-06,0.5433070659637451
n193,P00_n60,44.75,0.25,74,1,0.76922607421875,78.00047607712449,0.0,9.278491233999375e-06,0.5748031735420227
n196,P02_n77,45.0,0.25,59,3,0.78204345703125,76.7220791383751,0.0,1.4844148608972318e-05,0.5826771855354309
n195,P00_n61,45.0,0.75,76,1,0.78204345703125,76.7220791383751,0.0,0.031209491193294525,0.6929134130477905
n197,P02_n78,45.25,0.25,62,3,0.7948760986328125,75.48346226940279,0.0,-7.3563983278290834e-06,0.5511810779571533
n198,P02_n79,45.5,0.25,60,3,0.8205108642578125,73.12517434400164,0.0,3.877675226249266e-06,0.5590550899505615
n200,P02_n80,45.75,0.25,59,3,0.833343505859375,71.9991211044787,0.0,-1.7129365005530417e-05,0.5275590419769287
n199,P00_n62,45.75,0.25,68,1,0.833343505859375,71.9991211044787,0.0,-1.7129365005530417e-05,0.4566929042339325
n202,P02_n81,46.0,0.25,60,3,0.8589630126953125,69.85166894640541,0.0,1.952143975358922e-05,0.5511810779571533
n201,P00_n63,46.0,2.25,69,1,0.8589630126953125,69.85166894640541,0.0,-0.17259962856769562,0.4724409580230713
n203,P02_n82,46.25,0.25,59,3,0.74359130859375,80.68948534843635,0.0,-2.659797473825165e-06,0.5275590419769287
n204,P02_n83,46.5,0.25,57,3,0.75640869140625,79.32219801500847,0.0,3.4105064514733385e-06,0.5275590419769287
n205,P02_n84,46.75,0.25,55,3,0.74359130859375,80.68948534843635,0.0,-2.659797473825165e-06,0.5039370059967041
n206,P02_n85,47.0,0.25,53,3,0.75640869140625,79.32219801500847,0.0,3.4105064514733385e-06,0.5039370059967041
n207,P02_n86,47.25,0.25,52,3,0.74359130859375,80.68948534843635,0.0,-2.659797473825165e-06,0.4881889820098877
n208,P02_n87,47.5,0.25,50,3,0.75640869140625,79.32219801500847,0.0,3.4105064514733385e-06,0.4803149700164795
n209,P02_n88,47.75,0.25,48,3,0.74359130859375,80.68948534843635,0.0,-2.659797473825165e-06,0.4645669162273407
n211,P02_n89,48.0,0.5,47,3,0.7564239501953125,79.32059790611825,0.0,0.012148989364504814,0.4881889820098877
n212,P00_n64,48.25,0.25,68,1,0.76922607421875,78.00047607712449,0.0,9.278491233999375e-06,0.5669291615486145
n214,P02_n90,48.5,0.5,56,3,0.76922607421875,78.00047607712449,0.0,-0.012063633650541306,0.4881889820098877
n213,P00_n65,48.5,0.25,69,1,0.76922607421875,78.00047607712449,0.0,9.278491233999375e-06,0.5905511975288391
n215,P00_n66,48.75,0.25,71,1,0.75640869140625,79.32219801500847,0.0,3.4105064514733385e-06,0.5984252095222473
n217,P02_n91,49.0,0.5,57,3,0.7692413330078125,77.99892884771785,0.0,-0.01209225133061409,0.5590550899505615
n216,P00_n67,49.0,0.25,72,1,0.7692413330078125,77.99892884771785,0.0,-1.933931343955919e-05,0.6299212574958801
n218,P00_n68,49.25,0.25,71,1,0.75640869140625,79.32219801500847,0.0,3.4105064514733385e-06,0.5984252095222473
n220,P02_n92,49.5,0.5,48,3,0.76922607421875,78.00047607712449,0.0,-0.012063633650541306,0.4251968562602997
n219,P00_n69,49.5,0.25,72,1,0.76922607421875,78.00047607712449,0.0,9.278491233999375e-06,0.6220472455024719
n221,P00_n70,49.75,0.25,74,1,0.75640869140625,79.32219801500847,0.0,3.4105064514733385e-06,0.6220472455024719
n223,P02_n93,50.0,0.5,53,3,0.75640869140625,79.32219801500847,0.0,0.012178092263638973,0.4803149700164795
n222,P00_n71,50.0,0.25,72,1,0.75640869140625,79.32219801500847,0.0,3.4105064514733385e-06,0.6299212574958801
n224,P00_n72,50.25,0.25,71,1,0.7692413330078125,77.99892884771785,0.0,-1.933931343955919e-05,0.5984252095222473
n226,P02_n94,50.5,0.5,50,3,0.75640869140625,79.32219801500847,0.0,3.4105064514733385e-06,0.4409448802471161
n225,P00_n73,50.5,0.25,69,1,0.75640869140625,79.32219801500847,0.0,3.4105064514733385e-06,0.5905511975288391
n227,P00_n74,50.75,0.25,67,1,0.75640869140625,79.32219801500847,0.0,3.4105064514733385e-06,0.5669291615486145
n229,P02_n95,51.0,1.0,52,3,0.75640869140625,79.32219801500847,0.0,3.4105064514733385e-06,0.4488188922405243
n228,P00_n75,51.0,0.25,64,1,0.75640869140625,79.32219801500847,0.0,3.4105064514733385e-06,0.5748031735420227
n230,P00_n76,51.25,0.25,71,1,0.75640869140625,79.32219801500847,0.0,3.4105064514733385e-06,0.6141732335090637
n231,P00_n77,51.5,0.25,68,1,0.75640869140625,79.32219801500847,0.0,3.4105064514733385e-06,0.5826771855354309
n232,P00_n78,51.75,0.25,64,1,0.75640869140625,79.32219801500847,0.0,3.4105064514733385e-06,0.5433070659637451
n233,P00_n79,52.0,0.25,64,1,0.75640869140625,79.32219801500847,0.0,3.4105064514733385e-06,0.5826771855354309
n234,P00_n80,52.25,0.25,72,1,0.7564239501953125,79.32059790611825,0.0,-2.569222306192387e-05,0.6220472455024719
n236,P02_n96,52.5,0.5,57,3,0.75640869140625,79.32219801500847,0.0,-0.01227488648146391,0.4881889820098877
n235,P00_n81,52.5,0.25,69,1,0.75640869140625,79.32219801500847,0.0,3.4105064514733385e-06,0.5905511975288391
n237,P00_n82,52.75,0.25,64,1,0.74359130859375,80.68948534843635,0.0,-2.659797473825165e-06,0.5354330539703369
n239,P02_n97,53.0,0.75,56,3,0.75640869140625,79.32219801500847,0.0,-0.00817057490348816,0.5826771855354309
n238,P00_n83,53.0,0.25,64,1,0.75640869140625,79.32219801500847,0.0,3.4105064514733385e-06,0.5905511975288391
n240,P00_n84,53.25,0.25,74,1,0.75640869140625,79.32219801500847,0.0,3.4105064514733385e-06,0.6456692814826965
n241,P00_n85,53.5,0.25,71,1,0.74359130859375,80.68948534843635,0.0,-2.659797473825165e-06,0.6062992215156555
n243,P02_n98,53.75,0.25,62,3,0.75640869140625,79.32219801500847,0.0,3.4105064514733385e-06,0.5433070659637451
n242,P00_n86,53.75,0.25,65,1,0.75640869140625,79.32219801500847,0.0,3.4105064514733385e-06,0.5511810779571533
n245,P02_n99,54.0,1.0,60,3,0.75640869140625,79.32219801500847,0.0,-0.04974960535764694,0.4960629940032959
n244,P00_n87,54.0,0.25,64,1,0.75640869140625,79.32219801500847,0.0,3.4105064514733385e-06,0.5826771855354309
n246,P00_n88,54.25,0.25,71,1,0.74359130859375,80.68948534843635,0.0,-2.659797473825165e-06,0.6062992215156555
n247,P00_n89,54.5,0.25,68,1,0.75640869140625,79.32219801500847,0.0,3.4105064514733385e-06,0.5826771855354309
n248,P00_n90,54.75,0.25,64,1,0.74359130859375,80.68948534843635,0.0,-2.659797473825165e-06,0.5354330539703369
n249,P00_n91,55.0,0.25,64,1,0.75640869140625,79.32219801500847,0.0,3.4105064514733385e-06,0.5826771855354309
n250,P00_n92,55.25,0.25,72,1,0.74359130859375,80.68948534843635,0.0,-2.659797473825165e-06,0.6220472455024719
n252,P02_n100,55.5,0.5,48,3,0.75640869140625,79.32219801500847,0.0,-0.01227488648146391,0.4094488322734833
n251,P00_n93,55.5,0.25,69,1,0.75640869140625,79.32219801500847,0.0,3.4105064514733385e-06,0.5826771855354309
n253,P00_n94,55.75,0.25,64,1,0.74359130859375,80.68948534843635,0.0,-2.659797473825165e-06,0.5275590419769287
n255,P02_n101,56.0,0.75,50,3,0.75640869140625,79.32219801500847,0.0,-0.00817057490348816,0.5118110179901123
n254,P00_n95,56.0,0.25,64,1,0.75640869140625,79.32219801500847,0.0,3.4105064514733385e-06,0.5748031735420227
n256,P00_n96,56.25,0.25,74,1,0.74359130859375,80.68948534843635,0.0,-2.659797473825165e-06,0.6299212574958801
n257,P00_n97,56.5,0.25,71,1,0.75640869140625,79.32219801500847,0.0,3.4105064514733385e-06,0.5905511975288391
n259,P02_n102,56.75,0.25,45,3,0.74359130859375,80.68948534843635,0.0,-2.659797473825165e-06,0.4015747904777527
n258,P00_n98,56.75,0.25,65,1,0.74359130859375,80.68948534843635,0.0,-2.659797473825165e-06,0.5354330539703369
n261,P02_n103,57.0,1.0,44,3,0.75640869140625,79.32219801500847,0.0,-0.04974960535764694,0.3858267664909363
n260,P00_n99,57.0,0.25,64,1,0.75640869140625,79.32219801500847,0.0,3.4105064514733385e-06,0.5590550899505615
n262,P00_n100,57.25,0.25,71,1,0.75640869140625,79.32219801500847,0.0,3.4105064514733385e-06,0.5905511975288391
n263,P00_n101,57.5,0.25,68,1,0.75640869140625,79.32219801500847,0.0,3.4105064514733385e-06,0.5511810779571533
n264,P00_n102,57.75,0.25,64,1,0.7692413330078125,77.99892884771785,0.0,-1.933931343955919e-05,0.4960629940032959
n265,P00_n103,58.0,0.25,64,1,0.76922607421875,78.00047607712449,0.0,9.278491233999375e-06,0.5354330539703369
n266,P00_n104,58.25,0.25,72,1,0.7820587158203125,76.72058220982187,0.0,-1.330462509940844e-05,0.5826771855354309
n268,P02_n104,58.5,0.5,45,3,0.79486083984375,75.4849113107579,0.0,0.011608281172811985,0.4015747904777527
n267,P00_n105,58.5,0.25,69,1,0.79486083984375,75.4849113107579,0.0,2.0338471586001106e-05,0.5275590419769287
n269,P00_n106,58.75,0.25,64,1,0.8076934814453125,74.28560633253358,0.0,-1.7034457187037333e-06,0.4645669162273407
n271,P02_n105,59.0,0.5,47,3,0.8205108642578125,73.12517434400164,0.0,0.011231102980673313,0.4488188922405243
n270,P00_n107,59.0,0.25,64,1,0.8205108642578125,73.12517434400164,0.0,3.877675226249266e-06,0.4960629940032959
n272,P00_n108,59.25,0.25,74,1,0.833343505859375,71.9991211044787,0.0,-1.7129365005530417e-05,0.5669291615486145
n274,P02_n106,59.5,0.5,41,3,0.8589630126953125,69.85166894640541,0.0,0.010745898820459843,0.4094488322734833
n273,P00_n109,59.5,0.25,71,1,0.8589630126953125,69.85166894640541,0.0,1.952143975358922e-05,0.5039370059967041
n275,P00_n110,59.75,0.25,65,1,0.871795654296875,68.82346763748382,0.0,-8.877334494172828e-07,0.4645669162273407
n278,P02_n107,60.0,2.0,40,3,0.8611119389533997,69.67735236945424,0.0,0.09019679576158524,0.5196850299835205
n279,P02_n108,60.0,2.0,56,3,0.8611119389533997,69.67735236945424,0.0,0.09019679576158524,0.5196850299835205
n276,P00_n111,60.0,2.0,59,1,0.8611119389533997,69.67735236945424,0.0,-3.8602211475372314,0.4488188922405243
n277,P00_n112,60.0,2.0,64,1,0.8611119389533997,69.67735236945424,0.0,-3.8602211475372314,0.4488188922405243
n281,P02_n109,63.0,0.25,57,3,0.75640869140625,79.32219801500847,0.0,3.4105064514733385e-06,0.5275590419769287
n280,P00_n115,63.0,1.0,76,1,0.75640869140625,79.32219801500847,0.0,-1.753356695175171,0.5196850299835205
n282,P02_n110,63.25,0.25,64,3,0.76922607421875,78.00047607712449,0.0,9.278491233999375e-06,0.5748031735420227
n283,P02_n111,63.5,0.25,60,3,0.7692413330078125,77.99892884771785,0.0,-1.933931343955919e-05,0.5669291615486145
n284,P02_n112,63.75,0.25,64,3,0.75640869140625,79.32219801500847,0.0,3.4105064514733385e-06,0.5590550899505615
n286,P02_n113,64.0,0.25,57,3,0.76922607421875,78.00047607712449,0.0,9.278491233999375e-06,0.5354330539703369
n285,P00_n116,64.0,1.0,81,1,0.76922607421875,78.00047607712449,0.0,-1.757134199142456,0.6141732335090637
n287,P02_n114,64.25,0.25,64,3,0.7692413330078125,77.99892884771785,0.0,-1.933931343955919e-05,0.5511810779571533
n288,P02_n115,64.5,0.25,60,3,0.75640869140625,79.32219801500847,0.0,3.4105064514733385e-06,0.5433070659637451
n289,P02_n116,64.75,0.25,64,3,0.75640869140625,79.32219801500847,0.0,3.4105064514733385e-06,0.5433070659637451
n291,P02_n117,65.0,0.25,59,3,0.76922607421875,78.00047607712449,0.0,9.278491233999375e-06,0.5433070659637451
n290,P00_n117,65.0,0.75,81,1,0.76922607421875,78.00047607712449,0.0,-0.016110381111502647,0.6850393414497375
n292,P02_n118,65.25,0.25,65,3,0.75640869140625,79.32219801500847,0.0,3.4105064514733385e-06,0.5669291615486145
n293,P02_n119,65.5,0.25,62,3,0.75640869140625,79.32219801500847,0.0,3.4105064514733385e-06,0.5511810779571533
n295,P02_n120,65.75,0.25,65,3,0.7649638056755066,78.43508353577145,0.0,-0.016222098842263222,0.5433070659637451
n294,P00_n118,65.75,0.25,79,1,0.7649638056755066,78.43508353577145,0.0,0.00802549347281456,0.5669291615486145
n298,P02_n121,66.0,0.25,60,3,0.7606862187385559,78.87614961593212,0.0021387736778706312,0.01611543819308281,0.5433070659637451
n296,P00_n119,66.0,0.25,76,1,0.7606862187385559,78.87614961593212,-0.0010693868389353156,-0.008132155053317547,0.6614173054695129
n297,P00_n120,66.0,0.25,79,1,0.7606862187385559,78.87614961593212,-0.0010693868389353156,-0.008132155053317547,0.6614173054695129
n301,P02_n122,66.25,0.25,67,3,0.75640869140625,79.32219801500847,0.0,3.4105064514733385e-06,0.5748031735420227
n299,P00_n121,66.25,0.25,77,1,0.75640869140625,79.32219801500847,0.0,3.4105064514733385e-06,0.6299212574958801
n300,P00_n122,66.25,0.25,81,1,0.75640869140625,79.32219801500847,0.0,3.4105064514733385e-06,0.6299212574958801
n304,P02_n123,66.5,0.25,64,3,0.75640869140625,79.32219801500847,0.0,3.4105064514733385e-06,0.5590550899505615
n302,P00_n123,66.5,0.5,72,1,0.75640869140625,79.32219801500847,0.0,-1.753356695175171,0.5433070659637451
n303,P00_n124,66.5,0.5,76,1,0.75640869140625,79.32219801500847,0.0,-1.753356695175171,0.5433070659637451
n305,P02_n124,66.75,0.25,67,3,0.75640869140625,79.32219801500847,0.0,3.4105064514733385e-06,0.5511810779571533
n308,P02_n125,67.0,0.25,62,3,0.75640869140625,79.32219801500847,0.0,3.4105064514733385e-06,0.5511810779571533
n306,P00_n125,67.0,0.25,74,1,0.75640869140625,79.32219801500847,0.0,3.4105064514733385e-06,0.6062992215156555
n307,P00_n126,67.0,0.25,77,1,0.75640869140625,79.32219801500847,0.0,3.4105064514733385e-06,0.6062992215156555
n311,P02_n126,67.25,0.25,69,3,0.75640869140625,79.32219801500847,0.0,3.4105064514733385e-06,0.5826771855354309
n309,P00_n127,67.25,0.25,76,1,0.75640869140625,79.32219801500847,0.0,3.4105064514733385e-06,0.6141732335090637
n310,P00_n128,67.25,0.25,79,1,0.75640869140625,79.32219801500847,0.0,3.4105064514733385e-06,0.6141732335090637
n314,P02_n127,67.5,0.25,65,3,0.75640869140625,79.32219801500847,0.0,3.4105064514733385e-06,0.5590550899505615
n312,P00_n129,67.5,0.5,71,1,0.75640869140625,79.32219801500847,0.0,-1.753356695175171,0.5354330539703369
n313,P00_n130,67.5,0.5,74,1,0.75640869140625,79.32219801500847,0.0,-1.753356695175171,0.5354330539703369
n315,P02_n128,67.75,0.25,69,3,0.7564239501953125,79.32059790611825,0.0,-2.569222306192387e-05,0.5590550899505615
n318,P02_n129,68.0,0.25,64,3,0.75640869140625,79.32219801500847,0.0,3.4105064514733385e-06,0.5590550899505615
n316,P00_n131,68.0,0.25,72,1,0.75640869140625,79.32219801500847,0.0,3.4105064514733385e-06,0.5905511975288391
n317,P00_n132,68.0,0.25,76,1,0.75640869140625,79.32219801500847,0.0,3.4105064514733385e-06,0.5905511975288391
n321,P02_n130,68.25,0.25,71,3,0.74359130859375,80.68948534843635,0.0,-2.659797473825165e-06,0.5984252095222473
n319,P00_n133,68.25,0.25,74,1,0.74359130859375,80.68948534843635,0.0,-2.659797473825165e-06,0.6062992215156555
n320,P00_n134,68.25,0.25,77,1,0.74359130859375,80.68948534843635,0.0,-2.659797473825165e-06,0.6062992215156555
n322,P00_n135,68.5,0.5,68,1,0.75640869140625,79.32219801500847,0.0,-1.753356695175171,0.5196850299835205
n324,P02_n131,68.5,0.25,68,3,0.75640869140625,79.32219801500847,0.0,3.4105064514733385e-06,0.5905511975288391
n323,P00_n136,68.5,0.5,71,1,0.75640869140625,79.32219801500847,0.0,-1.753356695175171,0.5196850299835205
n325,P02_n132,68.75,0.25,71,3,0.75640869140625,79.32219801500847,0.0,3.4105064514733385e-06,0.5826771855354309
n328,P02_n133,69.0,0.25,57,3,0.75640869140625,79.32219801500847,0.0,3.4105064514733385e-06,0.5039370059967041
n326,P00_n137,69.0,1.0,72,1,0.75640869140625,79.32219801500847,0.0,-1.753356695175171,0.5511810779571533
n327,P00_n138,69.0,1.0,76,1,0.75640869140625,79.32219801500847,0.0,-1.753356695175171,0.5511810779571533
n329,P02_n134,69.25,0.25,69,3,0.74359130859375,80.68948534843635,0.0,-2.659797473825165e-06,0.5511810779571533
n330,P02_n135,69.5,0.25,64,3,0.75640869140625,79.32219801500847,0.0,3.4105064514733385e-06,0.5511810779571533
n331,P02_n136,69.75,0.25,69,3,0.75640869140625,79.32219801500847,0.0,3.4105064514733385e-06,0.5590550899505615
n334,P02_n137,70.0,0.25,60,3,0.74359130859375,80.68948534843635,0.0,-2.659797473825165e-06,0.5196850299835205
n332,P00_n139,70.0,2.0,72,1,0.74359130859375,80.68948534843635,0.0,-3.90378737449646,0.5826771855354309
n333,P00_n140,70.0,2.0,76,1,0.74359130859375,80.68948534843635,0.0,-3.90378737449646,0.5826771855354309
n335,P02_n138,70.25,0.25,69,3,0.75640869140625,79.32219801500847,0.0,3.4105064514733385e-06,0.5590550899505615
n336,P02_n139,70.5,0.25,64,3,0.74359130859375,80.68948534843635,0.0,-2.659797473825165e-06,0.5433070659637451
n337,P02_n140,70.75,0.25,69,3,0.75640869140625,79.32219801500847,0.0,3.4105064514733385e-06,0.5511810779571533
n338,P02_n141,71.0,0.25,57,3,0.75640869140625,79.32219801500847,0.0,3.4105064514733385e-06,0.4960629940032959
n339,P02_n142,71.25,0.25,64,3,0.74359130859375,80.68948534843635,0.0,-2.659797473825165e-06,0.5196850299835205
n340,P02_n143,71.5,0.25,60,3,0.75640869140625,79.32219801500847,0.0,3.4105064514733385e-06,0.5118110179901123
n341,P02_n144,71.75,0.25,64,3,0.74359130859375,80.68948534843635,0.0,-2.659797473825165e-06,0.5196850299835205
n344,P02_n145,72.0,0.25,53,3,0.75640869140625,79.32219801500847,0.0,3.4105064514733385e-06,0.4803149700164795
n342,P00_n143,72.0,1.0,65,1,0.75640869140625,79.32219801500847,0.0,-1.753356695175171,0.5196850299835205
n343,P00_n144,72.0,1.0,69,1,0.75640869140625,79.32219801500847,0.0,-1.753356695175171,0.5196850299835205
n345,P02_n146,72.25,0.25,60,3,0.74359130859375,80.68948534843635,0.0,-2.659797473825165e-06,0.4960629940032959
n346,P02_n147,72.5,0.25,57,3,0.75640869140625,79.32219801500847,0.0,3.4105064514733385e-06,0.4960629940032959
n347,P02_n148,72.75,0.25,60,3,0.74359130859375,80.68948534843635,0.0,-2.659797473825165e-06,0.4960629940032959
n350,P02_n149,73.0,0.25,53,3,0.75640869140625,79.32219801500847,0.0,3.4105064514733385e-06,0.4803149700164795
n348,P00_n145,73.0,1.0,69,1,0.75640869140625,79.32219801500847,0.0,-1.753356695175171,0.5433070659637451
n349,P00_n146,73.0,1.0,72,1,0.75640869140625,79.32219801500847,0.0,-1.753356695175171,0.5433070659637451
n351,P02_n150,73.25,0.25,60,3,0.74359130859375,80.68948534843635,0.0,-2.659797473825165e-06,0.4960629940032959
n352,P02_n151,73.5,0.25,57,3,0.75640869140625,79.32219801500847,0.0,3.4105064514733385e-06,0.5039370059967041
n353,P02_n152,73.75,0.25,60,3,0.74359130859375,80.68948534843635,0.0,-2.659797473825165e-06,0.5039370059967041
n356,P02_n153,74.0,0.25,53,3,0.75640869140625,79.32219801500847,0.0,3.4105064514733385e-06,0.4803149700164795
n354,P00_n147,74.0,1.0,69,1,0.75640869140625,79.32219801500847,0.0,-1.753356695175171,0.5433070659637451
n355,P00_n148,74.0,1.0,72,1,0.75640869140625,79.32219801500847,0.0,-1.753356695175171,0.5433070659637451
n357,P02_n154,74.25,0.25,60,3,0.74359130859375,80.68948534843635,0.0,-2.659797473825165e-06,0.5039370059967041
n358,P02_n155,74.5,0.25,57,3,0.75640869140625,79.32219801500847,0.0,3.4105064514733385e-06,0.5039370059967041
n359,P02_n156,74.75,0.25,60,3,0.7564239501953125,79.32059790611825,0.0,-2.569222306192387e-05,0.5118110179901123
n362,P02_n157,75.0,0.25,50,3,0.75640869140625,79.32219801500847,0.0,3.4105064514733385e-06,0.4724409580230713
n360,P00_n149,75.0,0.25,67,1,0.75640869140625,79.32219801500847,0.0,3.4105064514733385e-06,0.5669291615486145
n361,P00_n150,75.0,0.25,71,1,0.75640869140625,79.32219801500847,0.0,3.4105064514733385e-06,0.5669291615486145
n365,P02_n158,75.25,0.25,57,3,0.76922607421875,78.00047607712449,0.0,9.278491233999375e-06,0.4881889820098877
n363,P00_n151,75.25,0.25,69,1,0.76922607421875,78.00047607712449,0.0,9.278491233999375e-06,0.5748031735420227
n364,P00_n152,75.25,0.25,72,1,0.76922607421875,78.00047607712449,0.0,9.278491233999375e-06,0.5748031735420227
n368,P02_n159,75.5,0.25,53,3,0.76922607421875,78.00047607712449,0.0,9.278491233999375e-06,0.4803149700164795
n366,P00_n153,75.5,0.5,65,1,0.76922607421875,78.00047607712449,0.0,-1.7775983810424805,0.5039370059967041
n367,P00_n154,75.5,0.5,69,1,0.76922607421875,78.00047607712449,0.0,-1.7775983810424805,0.5039370059967041
n369,P02_n160,75.75,0.25,57,3,0.7692413330078125,77.99892884771785,0.0,-1.933931343955919e-05,0.4881889820098877
n372,P02_n161,76.0,0.25,52,3,0.78204345703125,76.7220791383751,0.0,1.4844148608972318e-05,0.4881889820098877
n370,P00_n155,76.0,0.25,69,1,0.78204345703125,76.7220791383751,0.0,1.4844148608972318e-05,0.5590550899505615
n371,P00_n156,76.0,0.25,72,1,0.78204345703125,76.7220791383751,0.0,1.4844148608972318e-05,0.5590550899505615
n375,P02_n162,76.25,0.25,59,3,0.7820587158203125,76.72058220982187,0.0,-1.330462509940844e-05,0.5354330539703369
n373,P00_n157,76.25,0.25,71,1,0.7820587158203125,76.72058220982187,0.0,-1.330462509940844e-05,0.5748031735420227
n374,P00_n158,76.25,0.25,74,1,0.7820587158203125,76.72058220982187,0.0,-1.330462509940844e-05,0.5748031735420227
n378,P02_n163,76.5,0.25,56,3,0.79486083984375,75.4849113107579,0.0,2.0338471586001106e-05,0.5118110179901123
n376,P00_n159,76.5,0.5,68,1,0.79486083984375,75.4849113107579,0.0,-1.744722604751587,0.5039370059967041
n377,P00_n160,76.5,0.5,71,1,0.79486083984375,75.4849113107579,0.0,-1.744722604751587,0.5039370059967041
n379,P02_n164,76.75,0.25,59,3,0.7948760986328125,75.48346226940279,0.0,-7.3563983278290834e-06,0.5118110179901123
n382,P02_n165,77.0,0.25,40,3,0.8076934814453125,74.28560633253358,0.0,-1.7034457187037333e-06,0.4330708682537079
n380,P00_n161,77.0,0.25,65,1,0.8076934814453125,74.28560633253358,0.0,-1.7034457187037333e-06,0.5196850299835205
n381,P00_n162,77.0,0.25,69,1,0.8076934814453125,74.28560633253358,0.0,-1.7034457187037333e-06,0.5196850299835205
n385,P02_n166,77.25,0.25,62,3,0.8205108642578125,73.12517434400164,0.0,3.877675226249266e-06,0.5669291615486145
n383,P00_n163,77.25,0.25,68,1,0.8205108642578125,73.12517434400164,0.0,3.877675226249266e-06,0.5196850299835205
n384,P00_n164,77.25,0.25,71,1,0.8205108642578125,73.12517434400164,0.0,3.877675226249266e-06,0.5196850299835205
n388,P02_n167,77.5,0.25,59,3,0.833343505859375,71.9991211044787,0.0,-1.7129365005530417e-05,0.5511810779571533
n386,P00_n165,77.5,0.5,64,1,0.833343505859375,71.9991211044787,0.0,-1.7369827032089233,0.4724409580230713
n387,P00_n166,77.5,0.5,68,1,0.833343505859375,71.9991211044787,0.0,-1.7369827032089233,0.4724409580230713
n389,P02_n168,77.75,0.25,62,3,0.8333282470703125,72.00043945580722,0.0,9.287089596909937e-06,0.5354330539703369
n393,P02_n169,78.0,1.0,57,3,0.8589744567871094,69.85073831464416,0.0,-1.916341781616211,0.5039370059967041
n390,P00_n167,78.0,2.0,60,1,0.8589744567871094,69.85073831464416,0.0,-3.9368059635162354,0.5039370059967041
n391,P00_n168,78.0,2.0,64,1,0.8589744567871094,69.85073831464416,0.0,-3.9368059635162354,0.5039370059967041
n392,P00_n169,78.0,2.0,69,1,0.8589744567871094,69.85073831464416,0.0,-3.9368059635162354,0.5039370059967041
n394,P02_n170,79.0,1.0,45,3,0.75128173828125,79.8635145015842,0.0,-0.0024629803374409676,0.3858267664909363
n395,P00_n172,80.25,0.25,81,1,0.75640869140625,79.32219801500847,0.0,3.4105064514733385e-06,0.4173228442668915
n396,P00_n173,80.5,0.25,80,1,0.7692413330078125,77.99892884771785,0.0,-1.933931343955919e-05,0.5196850299835205
n397,P00_n174,80.75,0.25,81,1,0.76922607421875,78.00047607712449,0.0,9.278491233999375e-06,0.5039370059967041
n398,P00_n175,81.0,0.25,83,1,0.75640869140625,79.32219801500847,0.0,3.4105064514733385e-06,0.5669291615486145
n399,P00_n176,81.25,0.25,86,1,0.76922607421875,78.00047607712449,0.0,9.278491233999375e-06,0.5354330539703369
n401,P02_n171,81.5,0.5,52,3,0.7564239501953125,79.32059790611825,0.0,-1.7533857822418213,0.3385826647281647
n402,P02_n172,81.5,0.5,56,3,0.7564239501953125,79.32059790611825,0.0,-1.7533857822418213,0.3385826647281647
n400,P00_n177,81.5,0.25,80,1,0.7564239501953125,79.32059790611825,0.0,-2.569222306192387e-05,0.4803149700164795
n403,P00_n178,81.75,0.25,83,1,0.75640869140625,79.32219801500847,0.0,3.4105064514733385e-06,0.4881889820098877
n405,P02_n173,82.0,0.5,52,3,0.75640869140625,79.32219801500847,0.0,-1.753356695175171,0.3385826647281647
n406,P02_n174,82.0,0.5,56,3,0.75640869140625,79.32219801500847,0.0,-1.753356695175171,0.3385826647281647
n404,P00_n179,82.0,0.25,76,1,0.75640869140625,79.32219801500847,0.0,3.4105064514733385e-06,0.4724409580230713
n407,P00_n180,82.25,0.25,80,1,0.75640869140625,79.32219801500847,0.0,3.4105064514733385e-06,0.4645669162273407
n409,P02_n175,82.5,0.5,52,3,0.7435760498046875,80.69114116270957,0.0,-1.7286710739135742,0.34645670652389526
n410,P02_n176,82.5,0.5,56,3,0.7435760498046875,80.69114116270957,0.0,-1.7286710739135742,0.34645670652389526
n408,P00_n181,82.5,0.25,71,1,0.7435760498046875,80.69114116270957,0.0,2.694518116186373e-05,0.4251968562602997
n411,P00_n182,82.75,0.25,80,1,0.75640869140625,79.32219801500847,0.0,3.4105064514733385e-06,0.4881889820098877
n415,P02_n177,83.0,1.0,52,3,0.7532119750976562,79.6588503418587,0.0,-1.7267825603485107,0.34645670652389526
n416,P02_n178,83.0,1.0,57,3,0.7532119750976562,79.6588503418587,0.0,-1.7267825603485107,0.34645670652389526
n412,P00_n183,83.0,1.0,72,1,0.7532119750976562,79.6588503418587,0.0,-1.2672500815824606e-05,0.4566929042339325
n413,P00_n184,83.0,1.0,76,1,0.7532119750976562,79.6588503418587,0.0,-1.2672500815824606e-05,0.4566929042339325
n414,P00_n185,83.0,1.0,81,1,0.7532119750976562,79.6588503418587,0.0,-1.2672500815824606e-05,0.4566929042339325
n417,P02_n179,84.0,1.0,45,3,0.75640869140625,79.32219801500847,0.0,-0.01227488648146391,0.27559053897857666
n418,P00_n186,84.25,0.25,69,1,0.74359130859375,80.68948534843635,0.0,-2.659797473825165e-06,0.3779527544975281
n419,P00_n187,84.5,0.25,68,1,0.75640869140625,79.32219801500847,0.0,3.4105064514733385e-06,0.4173228442668915
n420,P00_n188,84.75,0.25,69,1,0.74359130859375,80.68948534843635,0.0,-2.659797473825165e-06,0.4173228442668915
n421,P00_n189,85.0,0.25,71,1,0.75640869140625,79.32219801500847,0.0,3.4105064514733385e-06,0.4645669162273407
n422,P00_n190,85.25,0.25,74,1,0.74359130859375,80.68948534843635,0.0,-2.659797473825165e-06,0.4488188922405243
n424,P02_n180,85.5,0.5,40,3,0.75640869140625,79.32219801500847,0.0,-1.7127145528793335,0.29133859276771545
n425,P02_n181,85.5,0.5,44,3,0.75640869140625,79.32219801500847,0.0,-1.7127145528793335,0.29133859276771545
n423,P00_n191,85.5,0.25,68,1,0.75640869140625,79.32219801500847,0.0,3.4105064514733385e-06,0.4094488322734833
n426,P00_n192,85.75,0.25,71,1,0.76922607421875,78.00047607712449,0.0,9.278491233999375e-06,0.4094488322734833
n428,P02_n182,86.0,0.5,40,3,0.78204345703125,76.7220791383751,0.0,-1.760797381401062,0.29921260476112366
n429,P02_n183,86.0,0.5,44,3,0.78204345703125,76.7220791383751,0.0,-1.760797381401062,0.29921260476112366
n427,P00_n193,86.0,0.25,64,1,0.78204345703125,76.7220791383751,0.0,1.4844148608972318e-05,0.3779527544975281
n430,P00_n194,86.25,0.25,68,1,0.79486083984375,75.4849113107579,0.0,2.0338471586001106e-05,0.3779527544975281
n432,P02_n184,86.5,0.5,40,3,0.807708740234375,74.2842029697359,0.0,-1.848025918006897,0.30708661675453186
n433,P02_n185,86.5,0.5,44,3,0.807708740234375,74.2842029697359,0.0,-1.848025918006897,0.30708661675453186
n431,P00_n195,86.5,0.25,59,1,0.807708740234375,74.2842029697359,0.0,-2.895830402849242e-05,0.3385826647281647
n434,P00_n196,86.75,0.25,62,1,0.846160888671875,70.90850073935154,0.0,-1.1585327229113318e-05,0.34645670652389526
n438,P02_n186,87.0,1.0,40,3,0.838458240032196,71.55991453753983,0.0,0.04024973511695862,0.28346458077430725
n439,P02_n187,87.0,1.0,45,3,0.838458240032196,71.55991453753983,0.0,0.04024973511695862,0.28346458077430725
n435,P00_n197,87.0,1.0,60,1,0.838458240032196,71.55991453753983,0.0,0.04024973511695862,0.35433071851730347
n436,P00_n198,87.0,1.0,64,1,0.838458240032196,71.55991453753983,0.0,0.04024973511695862,0.35433071851730347
n437,P00_n199,87.0,1.0,69,1,0.838458240032196,71.55991453753983,0.0,0.04024973511695862,0.35433071851730347
n440,P00_n200,88.25,0.25,81,1,0.76922607421875,78.00047607712449,0.0,9.278491233999375e-06,0.4330708682537079
n441,P00_n201,88.5,0.25,80,1,0.756439208984375,79.31899786178239,0.0,-5.479436367750168e-05,0.5275590419769287
n442,P00_n202,88.75,0.25,81,1,0.76922607421875,78.00047607712449,0.0,9.278491233999375e-06,0.5118110179901123
n443,P00_n203,89.0,0.25,83,1,0.76922607421875,78.00047607712449,0.0,9.278491233999375e-06,0.6535432934761047
n444,P00_n204,89.25,0.25,86,1,0.75640869140625,79.32219801500847,0.0,3.4105064514733385e-06,0.6141732335090637
n446,P02_n188,89.5,0.5,52,3,0.75640869140625,79.32219801500847,0.0,-1.7127145528793335,0.4330708682537079
n447,P02_n189,89.5,0.5,56,3,0.75640869140625,79.32219801500847,0.0,-1.7127145528793335,0.4330708682537079
n445,P00_n205,89.5,0.25,80,1,0.75640869140625,79.32219801500847,0.0,3.4105064514733385e-06,0.5590550899505615
n448,P00_n206,89.75,0.25,83,1,0.75640869140625,79.32219801500847,0.0,3.4105064514733385e-06,0.5669291615486145
n450,P02_n190,90.0,0.5,52,3,0.76922607421875,78.00047607712449,0.0,-1.7369563579559326,0.4330708682537079
n451,P02_n191,90.0,0.5,56,3,0.76922607421875,78.00047607712449,0.0,-1.7369563579559326,0.4330708682537079
n449,P00_n207,90.0,0.25,76,1,0.76922607421875,78.00047607712449,0.0,9.278491233999375e-06,0.5590550899505615
n452,P00_n208,90.25,0.25,80,1,0.75640869140625,79.32219801500847,0.0,3.4105064514733385e-06,0.5354330539703369
n454,P02_n192,90.5,0.5,52,3,0.75640869140625,79.32219801500847,0.0,-1.7127145528793335,0.4330708682537079
n455,P02_n193,90.5,0.5,56,3,0.75640869140625,79.32219801500847,0.0,-1.7127145528793335,0.4330708682537079
n453,P00_n209,90.5,0.25,71,1,0.75640869140625,79.32219801500847,0.0,3.4105064514733385e-06,0.4960629940032959
n456,P00_n210,90.75,0.25,74,1,0.75640869140625,79.32219801500847,0.0,3.4105064514733385e-06,0.5354330539703369
n457,P00_n211,91.0,0.25,84,1,0.75640869140625,79.32219801500847,0.0,3.4105064514733385e-06,0.6220472455024719
n458,P00_n212,91.25,0.25,88,1,0.75640869140625,79.32219801500847,0.0,3.4105064514733385e-06,0.6141732335090637
n460,P02_n194,91.5,0.5,57,3,0.74359130859375,80.68948534843635,0.0,-1.7287006378173828,0.4566929042339325
n461,P02_n195,91.5,0.5,60,3,0.74359130859375,80.68948534843635,0.0,-1.7287006378173828,0.4566929042339325
n459,P00_n213,91.5,0.25,81,1,0.74359130859375,80.68948534843635,0.0,-2.659797473825165e-06,0.5590550899505615
n462,P00_n214,91.75,0.25,84,1,0.75640869140625,79.32219801500847,0.0,3.4105064514733385e-06,0.5590550899505615
n464,P02_n196,92.0,0.5,57,3,0.756439208984375,79.31899786178239,0.0,-1.7127728462219238,0.4409448802471161
n465,P02_n197,92.0,0.5,60,3,0.756439208984375,79.31899786178239,0.0,-1.7127728462219238,0.4409448802471161
n463,P00_n215,92.0,0.25,76,1,0.756439208984375,79.31899786178239,0.0,-5.479436367750168e-05,0.5354330539703369
n466,P00_n216,92.25,0.25,81,1,0.74359130859375,80.68948534843635,0.0,-2.659797473825165e-06,0.5433070659637451
n468,P02_n198,92.5,0.5,57,3,0.75640869140625,79.32219801500847,0.0,-1.7127145528793335,0.4409448802471161
n469,P02_n199,92.5,0.5,60,3,0.75640869140625,79.32219801500847,0.0,-1.7127145528793335,0.4409448802471161
n467,P00_n217,92.5,0.5,72,1,0.75640869140625,79.32219801500847,0.0,3.4105064514733385e-06,0.5039370059967041
n470,P00_n218,93.0,0.25,86,1,0.74359130859375,80.68948534843635,0.0,-2.659797473825165e-06,0.6456692814826965
n471,P00_n219,93.25,0.25,89,1,0.75640869140625,79.32219801500847,0.0,3.4105064514733385e-06,0.6929134130477905
n473,P02_n200,93.5,0.5,59,3,0.74359130859375,80.68948534843635,0.0,-1.7287006378173828,0.5275590419769287
n474,P02_n201,93.5,0.5,62,3,0.74359130859375,80.68948534843635,0.0,-1.7287006378173828,0.5275590419769287
n472,P00_n220,93.5,0.25,83,1,0.74359130859375,80.68948534843635,0.0,-2.659797473825165e-06,0.6535432934761047
n475,P00_n221,93.75,0.25,86,1,0.75640869140625,79.32219801500847,0.0,3.4105064514733385e-06,0.6535432934761047
n477,P02_n202,94.0,0.5,59,3,0.74359130859375,80.68948534843635,0.0,-1.7287006378173828,0.5118110179901123
n478,P02_n203,94.0,0.5,62,3,0.74359130859375,80.68948534843635,0.0,-1.7287006378173828,0.5118110179901123
n476,P00_n222,94.0,0.25,79,1,0.74359130859375,80.68948534843635,0.0,-2.659797473825165e-06,0.6377952694892883
n479,P00_n223,94.25,0.25,83,1,0.75640869140625,79.32219801500847,0.0,3.4105064514733385e-06,0.6220472455024719
n481,P02_n204,94.5,0.5,59,3,0.74359130859375,80.68948534843635,0.0,-1.7287006378173828,0.5118110179901123
n482,P02_n205,94.5,0.5,62,3,0.74359130859375,80.68948534843635,0.0,-1.7287006378173828,0.5118110179901123
n480,P00_n224,94.5,0.25,74,1,0.74359130859375,80.68948534843635,0.0,-2.659797473825165e-06,0.5748031735420227
n483,P00_n225,94.75,0.25,79,1,0.75640869140625,79.32219801500847,0.0,3.4105064514733385e-06,0.6220472455024719
n485,P02_n206,95.0,1.0,60,3,0.75640869140625,79.32219801500847,0.0,0.018227120861411095,0.4960629940032959
n486,P02_n207,95.0,1.0,64,3,0.75640869140625,79.32219801500847,0.0,0.018227120861411095,0.4960629940032959
n484,P00_n226,95.0,0.25,88,1,0.75640869140625,79.32219801500847,0.0,3.4105064514733385e-06,0.7086614370346069
n487,P00_n227,95.25,0.25,91,1,0.75640869140625,79.32219801500847,0.0,3.4105064514733385e-06,0.6929134130477905
n488,P00_n228,95.5,0.25,84,1,0.76922607421875,78.00047607712449,0.0,9.278491233999375e-06,0.6220472455024719
n489,P00_n229,95.75,0.25,88,1,0.78204345703125,76.7220791383751,0.0,1.4844148608972318e-05,0.6299212574958801
n490,P00_n230,96.0,0.25,81,1,0.794891357421875,75.4820132836795,0.0,-3.5050736187258735e-05,0.5905511975288391
n491,P00_n231,96.25,0.25,84,1,0.80767822265625,74.28700974835638,0.0,2.5551928047207184e-05,0.5669291615486145
n492,P00_n232,96.5,0.25,76,1,0.820526123046875,73.12381448283557,0.0,-2.2951433493290097e-05,0.5118110179901123
n493,P00_n233,96.75,0.25,81,1,0.84613037109375,70.91105821250811,0.0,4.0447746869176626e-05,0.5354330539703369
n495,P02_n208,97.0,0.25,53,3,0.769256591796875,77.99738167969215,0.0,-4.795654967892915e-05,0.5118110179901123
n494,P00_n234,97.0,0.25,65,1,0.769256591796875,77.99738167969215,0.0,-4.795654967892915e-05,0.6062992215156555
n497,P02_n209,97.25,0.25,52,3,0.76922607421875,78.00047607712449,0.0,9.278491233999375e-06,0.5511810779571533
n496,P00_n235,97.25,0.25,64,1,0.76922607421875,78.00047607712449,0.0,9.278491233999375e-06,0.6062992215156555
n499,P02_n210,97.5,0.25,50,3,0.75640869140625,79.32219801500847,0.0,3.4105064514733385e-06,0.5433070659637451
n498,P00_n236,97.5,0.25,62,1,0.75640869140625,79.32219801500847,0.0,3.4105064514733385e-06,0.5984252095222473
n501,P02_n211,97.75,0.25,48,3,0.76922607421875,78.00047607712449,0.0,9.278491233999375e-06,0.5275590419769287
n500,P00_n237,97.75,0.25,60,1,0.76922607421875,78.00047607712449,0.0,9.278491233999375e-06,0.5984252095222473
n503,P02_n212,98.0,0.25,47,3,0.75640869140625,79.32219801500847,0.0,3.4105064514733385e-06,0.5354330539703369
n502,P00_n238,98.0,0.25,59,1,0.75640869140625,79.32219801500847,0.0,3.4105064514733385e-06,0.5984252095222473
n505,P02_n213,98.25,0.25,44,3,0.76922607421875,78.00047607712449,0.0,9.278491233999375e-06,0.4960629940032959
n504,P00_n239,98.25,0.25,56,1,0.76922607421875,78.00047607712449,0.0,9.278491233999375e-06,0.5748031735420227
n507,P02_n214,98.5,0.25,44,3,0.75640869140625,79.32219801500847,0.0,3.4105064514733385e-06,0.5354330539703369
n506,P00_n240,98.5,0.25,56,1,0.75640869140625,79.32219801500847,0.0,3.4105064514733385e-06,0.6062992215156555
n509,P02_n215,98.75,0.25,52,3,0.75640869140625,79.32219801500847,0.0,3.4105064514733385e-06,0.6062992215156555
n508,P00_n241,98.75,0.25,64,1,0.75640869140625,79.32219801500847,0.0,3.4105064514733385e-06,0.6377952694892883
n511,P02_n216,99.0,0.5,52,3,0.75640869140625,79.32219801500847,0.0,3.4105064514733385e-06,0.6377952694892883
n510,P00_n242,99.0,0.25,64,1,0.75640869140625,79.32219801500847,0.0,3.4105064514733385e-06,0.6535432934761047
n512,P00_n243,99.25,0.25,62,1,0.75640869140625,79.32219801500847,0.0,3.4105064514733385e-06,0.6141732335090637
n514,P02_n217,99.5,0.5,40,3,0.75640869140625,79.32219801500847,0.0,3.4105064514733385e-06,0.4881889820098877
n515,P02_n218,99.5,0.5,44,3,0.75640869140625,79.32219801500847,0.0,3.4105064514733385e-06,0.4881889820098877
n513,P00_n244,99.5,0.25,60,1,0.75640869140625,79.32219801500847,0.0,3.4105064514733385e-06,0.6062992215156555
n516,P00_n245,99.75,0.25,59,1,0.756439208984375,79.31899786178239,0.0,-5.479436367750168e-05,0.6062992215156555
n518,P02_n219,100.0,0.5,48,3,0.75640869140625,79.32219801500847,0.0,3.4105064514733385e-06,0.5433070659637451
n517,P00_n246,100.0,0.25,57,1,0.75640869140625,79.32219801500847,0.0,3.4105064514733385e-06,0.6062992215156555
n519,P00_n247,100.25,0.25,55,1,0.75640869140625,79.32219801500847,0.0,3.4105064514733385e-06,0.5905511975288391
n521,P02_n220,100.5,0.5,40,3,0.75640869140625,79.32219801500847,0.0,3.4105064514733385e-06,0.5118110179901123
n522,P02_n221,100.5,0.5,45,3,0.75640869140625,79.32219801500847,0.0,3.4105064514733385e-06,0.5118110179901123
n520,P00_n248,100.5,0.25,53,1,0.75640869140625,79.32219801500847,0.0,3.4105064514733385e-06,0.5905511975288391
n523,P00_n249,100.75,0.25,50,1,0.75640869140625,79.32219801500847,0.0,3.4105064514733385e-06,0.5669291615486145
n525,P02_n222,101.0,1.0,45,3,0.75640869140625,79.32219801500847,0.0,-0.006122675724327564,0.5669291615486145
n526,P02_n223,101.0,1.0,48,3,0.75640869140625,79.32219801500847,0.0,-0.006122675724327564,0.5669291615486145
n524,P00_n250,101.0,0.25,52,1,0.75640869140625,79.32219801500847,0.0,3.4105064514733385e-06,0.6141732335090637
n527,P00_n251,101.25,0.25,57,1,0.74359130859375,80.68948534843635,0.0,-2.659797473825165e-06,0.6299212574958801
n528,P00_n252,101.5,0.25,60,1,0.75640869140625,79.32219801500847,0.0,3.4105064514733385e-06,0.6535432934761047
n529,P00_n253,101.75,0.25,64,1,0.75640869140625,79.32219801500847,0.0,3.4105064514733385e-06,0.6614173054695129
n531,P02_n224,102.0,0.5,44,3,0.74359130859375,80.68948534843635,0.0,-1.7287006378173828,0.5039370059967041
n532,P02_n225,102.0,0.5,47,3,0.74359130859375,80.68948534843635,0.0,-1.7287006378173828,0.5039370059967041
n530,P00_n254,102.0,0.25,52,1,0.74359130859375,80.68948534843635,0.0,-2.659797473825165e-06,0.5984252095222473
n533,P00_n255,102.25,0.25,64,1,0.75640869140625,79.32219801500847,0.0,3.4105064514733385e-06,0.6377952694892883
n535,P02_n226,102.5,0.5,44,3,0.74359130859375,80.68948534843635,0.0,-1.7287006378173828,0.5275590419769287
n536,P02_n227,102.5,0.5,47,3,0.74359130859375,80.68948534843635,0.0,-1.7287006378173828,0.5275590419769287
n534,P00_n256,102.5,0.25,56,1,0.74359130859375,80.68948534843635,0.0,-2.659797473825165e-06,0.6062992215156555
n537,P00_n257,102.75,0.25,64,1,0.75640869140625,79.32219801500847,0.0,3.4105064514733385e-06,0.6456692814826965
n539,P02_n228,103.0,1.0,45,3,0.74359130859375,80.68948534843635,0.0,0.012381146661937237,0.5511810779571533
n540,P02_n229,103.0,1.0,48,3,0.74359130859375,80.68948534843635,0.0,0.012381146661937237,0.5511810779571533
n538,P00_n258,103.0,0.25,52,1,0.74359130859375,80.68948534843635,0.0,-2.659797473825165e-06,0.5984252095222473
n541,P00_n259,103.25,0.25,57,1,0.75640869140625,79.32219801500847,0.0,3.4105064514733385e-06,0.6141732335090637
n542,P00_n260,103.5,0.25,60,1,0.74359130859375,80.68948534843635,0.0,-2.659797473825165e-06,0.6377952694892883
n543,P00_n261,103.75,0.25,64,1,0.75640869140625,79.32219801500847,0.0,3.4105064514733385e-06,0.6377952694892883
n545,P02_n230,104.0,0.5,44,3,0.74359130859375,80.68948534843635,0.0,-1.7287006378173828,0.5039370059967041
n546,P02_n231,104.0,0.5,47,3,0.74359130859375,80.68948534843635,0.0,-1.7287006378173828,0.5039370059967041
n544,P00_n262,104.0,0.25,52,1,0.74359130859375,80.68948534843635,0.0,-2.659797473825165e-06,0.5826771855354309
n547,P00_n263,104.25,0.25,64,1,0.75640869140625,79.32219801500847,0.0,3.4105064514733385e-06,0.6220472455024719
n549,P02_n232,104.5,0.5,44,3,0.74359130859375,80.68948534843635,0.0,-1.7287006378173828,0.5196850299835205
n550,P02_n233,104.5,0.5,47,3,0.74359130859375,80.68948534843635,0.0,-1.7287006378173828,0.5196850299835205
n548,P00_n264,104.5,0.25,56,1,0.74359130859375,80.68948534843635,0.0,-2.659797473825165e-06,0.5905511975288391
n551,P00_n265,104.75,0.25,64,1,0.75640869140625,79.32219801500847,0.0,3.4105064514733385e-06,0.6220472455024719
n553,P02_n234,105.0,1.0,40,3,0.76922607421875,78.00047607712449,0.0,0.0179311390966177,0.5511810779571533
n554,P02_n235,105.0,1.0,48,3,0.76922607421875,78.00047607712449,0.0,0.0179311390966177,0.5511810779571533
n552,P00_n266,105.0,0.25,52,1,0.76922607421875,78.00047607712449,0.0,9.278491233999375e-06,0.5669291615486145
n555,P00_n267,105.25,0.25,57,1,0.76922607421875,78.00047607712449,0.0,9.278491233999375e-06,0.5748031735420227
n556,P00_n268,105.5,0.25,60,1,0.782073974609375,76.7190853396808,0.0,-4.145285129197873e-05,0.5905511975288391
n557,P00_n269,105.75,0.25,64,1,0.79486083984375,75.4849113107579,0.0,2.0338471586001106e-05,0.5905511975288391
n559,P02_n236,106.0,0.5,47,3,0.80767822265625,74.28700974835638,0.0,-1.8479713201522827,0.5275590419769287
n560,P02_n237,106.0,0.5,50,3,0.80767822265625,74.28700974835638,0.0,-1.8479713201522827,0.5275590419769287
n558,P00_n270,106.0,0.25,52,1,0.80767822265625,74.28700974835638,0.0,2.5551928047207184e-05,0.5275590419769287
n561,P00_n271,106.25,0.25,64,1,0.820526123046875,73.12381448283557,0.0,-2.2951433493290097e-05,0.5748031735420227
n563,P02_n238,106.5,0.5,47,3,0.846160888671875,70.90850073935154,0.0,-1.8744806051254272,0.5433070659637451
n564,P02_n239,106.5,0.5,50,3,0.846160888671875,70.90850073935154,0.0,-1.8744806051254272,0.5433070659637451
n562,P00_n272,106.5,0.25,56,1,0.846160888671875,70.90850073935154,0.0,-1.1585327229113318e-05,0.5275590419769287
n565,P00_n273,106.75,0.25,64,1,0.858978271484375,69.85042810956763,0.0,-6.106652563175885e-06,0.5669291615486145
n567,P02_n240,107.0,2.0,45,3,0.8044865727424622,74.58172955635845,0.0,0.04804866388440132,0.5748031735420227
n568,P02_n241,107.0,2.0,48,3,0.8044865727424622,74.58172955635845,0.0,0.04804866388440132,0.5748031735420227
n569,P02_n242,107.0,2.0,52,3,0.8044865727424622,74.58172955635845,0.0,0.04804866388440132,0.5748031735420227
n566,P00_n274,107.0,2.0,57,1,0.8044865727424622,74.58172955635845,0.0,-3.723614454269409,0.5196850299835205
n572,P02_n243,110.0,0.5,45,3,0.76922607421875,78.00047607712449,0.0,9.278491233999375e-06,0.35433071851730347
n571,P00_n277,110.0,0.5,76,2,0.76922607421875,78.00047607712449,0.0,0.9939854145050049,0.5354330539703369
n570,P01_n49,110.0,1.0,76,1,0.76922607421875,78.00047607712449,0.0,-0.999990701675415,0.5196850299835205
n574,P02_n244,110.5,0.5,52,3,0.7628326416015625,78.65421158962255,0.0,-2.2545442334376276e-05,0.4330708682537079
n573,P01_n50,110.5,0.5,74,2,0.7628326416015625,78.65421158962255,0.0,-2.2545442334376276e-05,0.4960629940032959
n577,P02_n245,111.0,0.5,60,3,0.7628173828125,78.6557849255881,0.0,6.312787263595965e-06,0.4881889820098877
n576,P01_n51,111.0,0.5,72,2,0.7628173828125,78.6557849255881,0.0,6.312787263595965e-06,0.4803149700164795
n575,P00_n278,111.0,0.5,81,1,0.7628173828125,78.6557849255881,0.0,6.312787263595965e-06,0.5118110179901123
n580,P02_n246,111.5,0.5,57,3,0.7628173828125,78.6557849255881,0.0,6.312787263595965e-06,0.4645669162273407
n579,P01_n52,111.5,0.5,71,2,0.7628173828125,78.6557849255881,0.0,6.312787263595965e-06,0.4488188922405243
n578,P00_n279,111.5,0.5,79,1,0.7628173828125,78.6557849255881,0.0,6.312787263595965e-06,0.5590550899505615
n583,P02_n247,112.0,0.5,64,3,0.75640869140625,79.32219801500847,0.0,3.4105064514733385e-06,0.5275590419769287
n582,P01_n53,112.0,0.5,72,2,0.75640869140625,79.32219801500847,0.0,3.4105064514733385e-06,0.4566929042339325
n581,P00_n280,112.0,1.0,81,1,0.75640869140625,79.32219801500847,0.0,3.4105064514733385e-06,0.6220472455024719
n585,P02_n248,112.5,0.5,52,3,0.75640869140625,79.32219801500847,0.0,3.4105064514733385e-06,0.4173228442668915
n584,P01_n54,112.5,0.5,69,2,0.75640869140625,79.32219801500847,0.0,3.4105064514733385e-06,0.3858267664909363
n587,P02_n249,113.0,0.5,45,3,0.7628173828125,78.6557849255881,0.0,6.312787263595965e-06,0.3858267664909363
n586,P00_n281,113.0,0.5,79,1,0.7628173828125,78.6557849255881,0.0,6.312787263595965e-06,0.5039370059967041
n589,P02_n250,113.5,0.5,53,3,0.7564239501953125,79.32059790611825,0.0,-2.569222306192387e-05,0.4251968562602997
n588,P00_n282,113.5,0.5,81,1,0.7564239501953125,79.32059790611825,0.0,-2.569222306192387e-05,0.5511810779571533
n591,P02_n251,114.0,0.5,60,3,0.75,80.0,0.0,4.586203203871264e-07,0.4803149700164795
n590,P00_n283,114.0,2.0,76,1,0.75,80.0,0.0,0.006152668967843056,0.5275590419769287
n592,P02_n252,114.5,0.5,57,3,0.75640869140625,79.32219801500847,0.0,3.4105064514733385e-06,0.4488188922405243
n593,P02_n253,115.0,0.5,65,3,0.75,80.0,0.0,4.586203203871264e-07,0.5275590419769287
n594,P02_n254,115.5,0.5,53,3,0.75640869140625,79.32219801500847,0.0,3.4105064514733385e-06,0.4094488322734833
n596,P02_n255,116.0,0.5,45,3,0.75,80.0,0.0,4.586203203871264e-07,0.3779527544975281
n595,P00_n284,116.0,1.0,74,1,0.75,80.0,0.0,4.586203203871264e-07,0.5118110179901123
n597,P02_n256,116.5,0.5,56,3,0.75,80.0,0.0,4.586203203871264e-07,0.4409448802471161
n599,P02_n257,117.0,0.5,62,3,0.75,80.0,0.0,4.586203203871264e-07,0.4881889820098877
n598,P00_n285,117.0,0.5,64,1,0.75,80.0,0.0,4.586203203871264e-07,0.4015747904777527
n601,P02_n258,117.5,0.5,59,3,0.75,80.0,0.0,4.586203203871264e-07,0.4645669162273407
n600,P00_n286,117.5,0.5,65,1,0.75,80.0,0.0,4.586203203871264e-07,0.4645669162273407
n603,P02_n259,118.0,0.5,65,3,0.75,80.0,0.0,4.586203203871264e-07,0.5196850299835205
n602,P00_n287,118.0,0.75,79,1,0.75,80.0,0.0,-0.004115715157240629,0.5748031735420227
n604,P02_n260,118.5,0.5,53,3,0.74359130859375,80.68948534843635,0.0,0.012381146661937237,0.4094488322734833
n605,P00_n288,118.75,0.25,77,1,0.75640869140625,79.32219801500847,0.0,3.4105064514733385e-06,0.4803149700164795
n607,P02_n261,119.0,0.5,45,3,0.75,80.0,0.0,4.586203203871264e-07,0.3779527544975281
n606,P00_n289,119.0,3.0,76,1,0.75,80.0,0.0,0.06627361476421356,0.5118110179901123
n608,P02_n262,119.5,0.5,52,3,0.7628173828125,78.6557849255881,0.0,6.312787263595965e-06,0.4173228442668915
n609,P02_n263,120.0,0.5,60,3,0.76922607421875,78.00047607712449,0.0,9.278491233999375e-06,0.4645669162273407
n610,P02_n264,120.5,0.5,57,3,0.7884674072265625,76.09699456195692,0.0,-1.0251804269501008e-05,0.4488188922405243
n611,P02_n265,121.0,0.5,64,3,0.8076934814453125,74.28560633253358,0.0,-1.7034457187037333e-06,0.5118110179901123
n612,P02_n266,121.5,0.5,52,3,0.8333282470703125,72.00043945580722,0.0,9.287089596909937e-06,0.4015747904777527
n614,P02_n267,122.0,0.5,41,3,0.7692413330078125,77.99892884771785,0.0,-1.933931343955919e-05,0.35433071851730347
n613,P00_n290,122.0,1.0,81,1,0.7692413330078125,77.99892884771785,0.0,-0.0060432227328419685,0.5275590419769287
n615,P02_n268,122.5,0.5,53,3,0.7628173828125,78.6557849255881,0.0,6.312787263595965e-06,0.4251968562602997
n618,P02_n269,123.0,0.5,60,3,0.7628173828125,78.6557849255881,0.0,6.312787263595965e-06,0.4724409580230713
n616,P00_n291,123.0,0.5,81,1,0.7628173828125,78.6557849255881,0.0,6.312787263595965e-06,0.5669291615486145
n617,P00_n292,123.0,0.5,84,1,0.7628173828125,78.6557849255881,0.0,6.312787263595965e-06,0.5669291615486145
n621,P02_n270,123.5,0.5,57,3,0.7628173828125,78.6557849255881,0.0,6.312787263595965e-06,0.4488188922405243
n619,P00_n293,123.5,0.5,79,1,0.7628173828125,78.6557849255881,0.0,6.312787263595965e-06,0.5826771855354309
n620,P00_n294,123.5,0.5,83,1,0.7628173828125,78.6557849255881,0.0,6.312787263595965e-06,0.5826771855354309
n624,P02_n271,124.0,0.5,65,3,0.7628326416015625,78.65421158962255,0.0,-2.2545442334376276e-05,0.5275590419769287
n622,P00_n295,124.0,0.75,77,1,0.7628326416015625,78.65421158962255,0.0,-0.004069292452186346,0.5748031735420227
n623,P00_n296,124.0,0.75,81,1,0.7628326416015625,78.65421158962255,0.0,-0.004069292452186346,0.5748031735420227
n625,P02_n272,124.5,0.5,53,3,0.75640869140625,79.32219801500847,0.0,3.4105064514733385e-06,0.4094488322734833
n626,P00_n297,124.75,0.25,72,1,0.75640869140625,79.32219801500847,0.0,3.4105064514733385e-06,0.4724409580230713
n627,P00_n298,124.75,0.25,76,1,0.75640869140625,79.32219801500847,0.0,3.4105064514733385e-06,0.4724409580230713
n630,P02_n273,125.0,0.5,38,3,0.75640869140625,79.32219801500847,0.0,3.4105064514733385e-06,0.35433071851730347
n628,P00_n299,125.0,1.0,76,1,0.75640869140625,79.32219801500847,0.0,3.4105064514733385e-06,0.5511810779571533
n629,P00_n300,125.0,1.0,79,1,0.75640869140625,79.32219801500847,0.0,3.4105064514733385e-06,0.5511810779571533
n631,P02_n274,125.5,0.5,45,3,0.75640869140625,79.32219801500847,0.0,3.4105064514733385e-06,0.3858267664909363
n634,P02_n275,126.0,0.5,57,3,0.75,80.0,0.0,4.586203203871264e-07,0.4566929042339325
n632,P00_n301,126.0,2.0,74,1,0.75,80.0,0.0,0.006152668967843056,0.5118110179901123
n633,P00_n302,126.0,2.0,77,1,0.75,80.0,0.0,0.006152668967843056,0.5118110179901123
n635,P02_n276,126.5,0.5,53,3,0.75640869140625,79.32219801500847,0.0,3.4105064514733385e-06,0.4330708682537079
n636,P02_n277,127.0,0.5,62,3,0.75,80.0,0.0,4.586203203871264e-07,0.5118110179901123
n637,P02_n278,127.5,0.5,50,3,0.75640869140625,79.32219801500847,0.0,3.4105064514733385e-06,0.4015747904777527
n639,P02_n279,128.0,0.5,40,3,0.75,80.0,0.0,4.586203203871264e-07,0.35433071851730347
n638,P00_n303,128.0,0.5,74,1,0.75,80.0,0.0,4.586203203871264e-07,0.4803149700164795
n641,P02_n280,128.5,0.5,52,3,0.75,80.0,0.0,4.586203203871264e-07,0.4251968562602997
n640,P00_n304,128.5,0.5,73,1,0.75,80.0,0.0,4.586203203871264e-07,0.5039370059967041
n643,P02_n281,129.0,0.5,59,3,0.75,80.0,0.0,4.586203203871264e-07,0.4803149700164795
n642,P00_n305,129.0,0.5,74,1,0.75,80.0,0.0,4.586203203871264e-07,0.5433070659637451
n645,P02_n282,129.5,0.5,56,3,0.75,80.0,0.0,4.586203203871264e-07,0.4645669162273407
n644,P00_n306,129.5,0.5,77,1,0.75,80.0,0.0,4.586203203871264e-07,0.5433070659637451
n647,P02_n283,130.0,0.5,68,3,0.75,80.0,0.0,4.586203203871264e-07,0.5590550899505615
n646,P00_n307,130.0,0.5,76,1,0.75,80.0,0.0,4.586203203871264e-07,0.5433070659637451
n649,P02_n284,130.5,0.5,59,3,0.9375,64.0,0.0,-0.32192763686180115,0.4645669162273407
n648,P00_n308,130.5,0.5,64,1,0.9375,64.0,0.0,-0.32192763686180115,0.4409448802471161
n652,P02_n285,131.0,0.5,45,3,0.5625,106.66666666666667,0.09375,0.41503795981407166,0.3779527544975281
n653,P00_n309,131.0,0.0,64,1,0.5625,106.66666666666667,0.09375,0.0,0.5118110179901123
n650,P00_n311,131.0,1.0,71,1,0.5625,106.66666666666667,-0.28125,-0.5605090856552124,0.4645669162273407
n651,P00_n310,131.0,1.0,74,1,0.5625,106.66666666666667,0.09375,-0.5849620699882507,0.5118110179901123
n654,P02_n286,131.5,0.5,52,3,0.7628173828125,78.6557849255881,0.0,6.312787263595965e-06,0.4173228442668915
n657,P02_n287,132.0,0.5,60,3,0.7692413330078125,77.99892884771785,0.0,-1.933931343955919e-05,0.4724409580230713
n655,P00_n312,132.0,2.0,69,1,0.7692413330078125,77.99892884771785,0.0,0.05887430161237717,0.4566929042339325
n656,P00_n313,132.0,2.0,72,1,0.7692413330078125,77.99892884771785,0.0,0.05887430161237717,0.4566929042339325
n658,P02_n288,132.5,0.5,57,3,0.7884521484375,76.09846725499304,0.0,1.7668173313722946e-05,0.4409448802471161
n659,P02_n289,133.0,0.5,64,3,0.8076934814453125,74.28560633253358,0.0,-1.7034457187037333e-06,0.5118110179901123
n660,P02_n290,133.5,0.5,52,3,0.839752197265625,71.4496493077007,0.0,-1.4336187632579822e-05,0.4094488322734833
n662,P02_n291,134.0,0.5,45,3,0.7603555917739868,78.91044749209236,0.0,0.004669795744121075,0.3779527544975281
n661,P00_n314,134.0,0.3330078125,76,1,0.7603555917739868,78.91044749209236,0.0,4.924370841763448e-06,0.4724409580230713
n663,P00_n315,134.3330078125,0.333984375,75,1,0.7677266001701355,78.15282157307489,0.0,-0.01813807524740696,0.5196850299835205
n664,P02_n292,134.5,0.5,52,3,0.7485380172729492,80.1562494027894,0.0,0.02726845256984234,0.4173228442668915
n665,P00_n316,134.6669921875,0.3330078125,76,1,0.7699779868125916,77.92430566538219,0.0,9.222596418112516e-06,0.5669291615486145
n667,P02_n293,135.0,0.5,60,3,0.7603555917739868,78.91044749209236,0.0,0.004669795744121075,0.4724409580230713
n666,P00_n317,135.0,0.3330078125,83,1,0.7603555917739868,78.91044749209236,0.0,4.924370841763448e-06,0.5275590419769287
n668,P00_n318,135.3330078125,0.333984375,81,1,0.7677266001701355,78.15282157307489,0.0,-0.01813807524740696,0.5590550899505615
n669,P02_n294,135.5,0.5,57,3,0.7485836744308472,80.15136056182146,0.0,0.027180399745702744,0.4488188922405243
n670,P00_n319,135.6669921875,0.3330078125,76,1,0.7699779868125916,77.92430566538219,0.0,9.222596418112516e-06,0.5511810779571533
n672,P02_n295,136.0,0.5,64,3,0.7603555917739868,78.91044749209236,0.0,-0.007504885550588369,0.5118110179901123
n671,P00_n320,136.0,0.3330078125,72,1,0.7603555917739868,78.91044749209236,0.0,4.924370841763448e-06,0.4803149700164795
n673,P00_n321,136.3330078125,0.333984375,69,1,0.7485380172729492,80.1562494027894,0.0,5.159478746463719e-07,0.4803149700164795
n674,P02_n296,136.5,0.5,52,3,0.7485380172729492,80.1562494027894,0.0,0.015093770809471607,0.4094488322734833
n675,P00_n322,136.6669921875,0.3330078125,64,1,0.7603555917739868,78.91044749209236,0.0,4.924370841763448e-06,0.4803149700164795
n677,P02_n297,137.0,0.5,45,3,0.7603555917739868,78.91044749209236,0.0,-0.007504885550588369,0.3779527544975281
n676,P00_n323,137.0,0.5,79,1,0.7603555917739868,78.91044749209236,0.0,-0.007504885550588369,0.5590550899505615
n678,P01_n55,137.3330078125,0.333984375,67,2,0.7485380172729492,80.1562494027894,0.0,0.01837899535894394,0.4015747904777527
n680,P02_n298,137.5,0.5,53,3,0.7677266001701355,78.15282157307489,0.0,-0.021423298865556717,0.4251968562602997
n679,P00_n324,137.5,0.5,81,1,0.7677266001701355,78.15282157307489,0.0,-0.021423298865556717,0.5905511975288391
n681,P01_n56,137.6669921875,0.3330078125,68,2,0.7507331371307373,79.92187507443305,0.0,5.159478746463719e-07,0.4173228442668915
n684,P02_n299,138.0,0.5,60,3,0.75640869140625,79.32219801500847,0.0,3.4105064514733385e-06,0.4724409580230713
n683,P01_n57,138.0,2.0,69,2,0.75640869140625,79.32219801500847,0.0,-0.006122675724327564,0.3858267664909363
n682,P00_n325,138.0,2.0,77,1,0.75640869140625,79.32219801500847,0.0,-0.006122675724327564,0.5196850299835205
n685,P02_n300,138.5,0.5,57,3,0.75640869140625,79.32219801500847,0.0,3.4105064514733385e-06,0.4488188922405243
n686,P02_n301,139.0,0.5,65,3,0.75,80.0,0.0,4.586203203871264e-07,0.5275590419769287
n687,P02_n302,139.5,0.5,53,3,0.75,80.0,0.0,4.586203203871264e-07,0.4094488322734833
n689,P02_n303,140.0,0.5,45,3,0.7532119750976562,79.6588503418587,0.0,-0.00616488279774785,0.3779527544975281
n688,P00_n326,140.0,0.5,74,1,0.7532119750976562,79.6588503418587,0.0,0.006113413721323013,0.5275590419769287
n691,P02_n304,140.5,0.5,56,3,0.7500152587890625,79.99837242894635,0.001605987548828125,-2.8892787668155506e-05,0.4409448802471161
n690,P00_n327,140.5,0.25,89,1,0.7500152587890625,79.99837242894635,-0.001605987548828125,-0.012412698939442635,0.5669291615486145
n692,P00_n328,140.75,0.25,85,1,0.7499847412109375,80.00162763728103,0.0,0.012308107689023018,0.5905511975288391
n694,P02_n305,141.0,0.5,62,3,0.7389208674430847,81.19949326593012,0.001605987548828125,0.0214711781591177,0.4881889820098877
n693,P00_n329,141.0,0.1669921875,88,1,0.7389208674430847,81.19949326593012,-0.001605987548828125,-0.018818557262420654,0.5748031735420227
n695,P00_n330,141.1669921875,0.166015625,86,1,0.7529411911964417,79.68749844148991,0.0,5.159478746463719e-07,0.5905511975288391
n696,P00_n331,141.3330078125,0.1669921875,81,1,0.7581551671028137,79.13947250307848,0.0,0.018108751624822617,0.5590550899505615
n698,P02_n306,141.5,0.5,59,3,0.7389665842056274,81.19446979391992,0.001605987548828125,0.021381979808211327,0.4645669162273407
n697,P00_n332,141.5,0.1669921875,77,1,0.7389665842056274,81.19446979391992,-0.001605987548828125,-0.018907755613327026,0.4881889820098877
n699,P00_n333,141.6669921875,0.166015625,74,1,0.7529411911964417,79.68749844148991,0.0,5.159478746463719e-07,0.5196850299835205
n700,P00_n334,141.8330078125,0.1669921875,69,1,0.7581323385238647,79.1418555193465,0.0,0.01815222203731537,0.4960629940032959
n702,P02_n307,142.0,0.5,65,3,0.7389436960220337,81.19698472698106,0.0016021728515625,0.021426578983664513,0.5196850299835205
n701,P00_n335,142.0,0.1669921875,70,1,0.7389436960220337,81.19698472698106,-0.0016021728515625,-0.01886315830051899,0.4645669162273407
n703,P00_n336,142.1669921875,0.166015625,71,1,0.7529411911964417,79.68749844148991,0.0,5.159478746463719e-07,0.5118110179901123
n704,P00_n337,142.3330078125,0.1669921875,72,1,0.7581323385238647,79.1418555193465,0.0,0.01815222203731537,0.5275590419769287
n706,P02_n308,142.5,0.5,53,3,0.7389436960220337,81.19698472698106,0.0016021728515625,0.021426578983664513,0.4094488322734833
n705,P00_n338,142.5,0.1669921875,73,1,0.7389436960220337,81.19698472698106,-0.0016021728515625,-0.01886315830051899,0.4724409580230713
n707,P00_n339,142.6669921875,0.166015625,74,1,0.7529411911964417,79.68749844148991,0.0,5.159478746463719e-07,0.5196850299835205
n708,P00_n340,142.8330078125,0.1669921875,75,1,0.7613304257392883,78.8094078096736,0.0,0.012079169042408466,0.5039370059967041
n711,P02_n309,143.0,0.5,45,3,0.75213623046875,79.77278260163921,0.00213623046875,0.00817535724490881,0.3779527544975281
n709,P00_n341,143.0,0.75,74,1,0.75213623046875,79.77278260163921,-0.001068115234375,1.371952862427861e-06,0.5905511975288391
n710,P00_n342,143.0,0.75,77,1,0.75213623046875,79.77278260163921,-0.001068115234375,1.371952862427861e-06,0.5905511975288391
n712,P02_n310,143.5,0.5,52,3,0.75640869140625,79.32219801500847,0.0,0.012178092263638973,0.4173228442668915
n713,P00_n343,143.75,0.25,74,1,0.76922607421875,78.00047607712449,0.0,9.278491233999375e-06,0.4645669162273407
n714,P00_n344,143.75,0.25,77,1,0.76922607421875,78.00047607712449,0.0,9.278491233999375e-06,0.4645669162273407
n717,P02_n311,144.0,0.5,60,3,0.76922607421875,78.00047607712449,0.0,9.278491233999375e-06,0.4645669162273407
n715,P00_n345,144.0,2.0,72,1,0.76922607421875,78.00047607712449,0.0,0.05890291929244995,0.4960629940032959
n716,P00_n346,144.0,2.0,76,1,0.76922607421875,78.00047607712449,0.0,0.05890291929244995,0.4960629940032959
n718,P02_n312,144.5,0.5,57,3,0.7884674072265625,76.09699456195692,0.0,-1.0251804269501008e-05,0.4488188922405243
n719,P02_n313,145.0,0.5,64,3,0.8141021728515625,73.70082282158454,0.0,1.161898580903653e-06,0.5118110179901123
n720,P02_n314,145.5,0.5,52,3,0.8333282470703125,72.00043945580722,0.0,9.287089596909937e-06,0.4015747904777527
n722,P02_n315,146.0,0.5,41,3,0.7628173828125,78.6557849255881,0.0,6.312787263595965e-06,0.35433071851730347
n721,P00_n347,146.0,0.5,81,1,0.7628173828125,78.6557849255881,0.0,6.312787263595965e-06,0.4960629940032959
n724,P02_n316,146.5,0.5,57,3,0.7660369873046875,78.3251996892616,0.0,-0.006070020608603954,0.4488188922405243
n723,P00_n348,146.5,0.5,80,1,0.7660369873046875,78.3251996892616,0.0,0.006002891808748245,0.5748031735420227
n726,P02_n317,147.0,0.5,60,3,0.7555443644523621,79.41294095084614,0.0016021728515625,0.013827580027282238,0.4803149700164795
n725,P00_n349,147.0,0.3330078125,83,1,0.7555443644523621,79.41294095084614,-0.0016021728515625,-0.009215770289301872,0.5669291615486145
n727,P00_n350,147.3330078125,0.333984375,81,1,0.7677266001701355,78.15282157307489,0.0,-0.01813807524740696,0.5511810779571533
n728,P02_n318,147.5,0.5,57,3,0.7485380172729492,80.1562494027894,0.0,0.02726845256984234,0.4488188922405243
n729,P00_n351,147.6669921875,0.3330078125,76,1,0.7699779868125916,77.92430566538219,0.0,9.222596418112516e-06,0.5511810779571533
n731,P02_n319,148.0,0.5,65,3,0.7603555917739868,78.91044749209236,0.0,-0.007504885550588369,0.5196850299835205
n730,P00_n352,148.0,0.3330078125,72,1,0.7603555917739868,78.91044749209236,0.0,4.924370841763448e-06,0.4803149700164795
n732,P00_n353,148.3330078125,0.333984375,69,1,0.7485380172729492,80.1562494027894,0.0,0.01837899535894394,0.4803149700164795
n733,P02_n320,148.5,0.5,53,3,0.7677266001701355,78.15282157307489,0.0,-0.00924861803650856,0.4094488322734833
n734,P00_n354,148.6669921875,0.3330078125,64,1,0.7603555917739868,78.91044749209236,0.0,4.924370841763448e-06,0.4881889820098877
n737,P02_n321,149.0,0.5,38,3,0.7564239501953125,79.32059790611825,0.0,-2.569222306192387e-05,0.35433071851730347
n735,P00_n355,149.0,1.0,72,1,0.7564239501953125,79.32059790611825,0.0,-2.569222306192387e-05,0.5511810779571533
n736,P00_n356,149.0,1.0,76,1,0.7564239501953125,79.32059790611825,0.0,-2.569222306192387e-05,0.5511810779571533
n738,P02_n322,149.5,0.5,45,3,0.75640869140625,79.32219801500847,0.0,3.4105064514733385e-06,0.3858267664909363
n741,P02_n323,150.0,0.5,57,3,0.75,80.0,0.0,4.586203203871264e-07,0.4566929042339325
n739,P00_n357,150.0,2.0,71,1,0.75,80.0,0.0,0.003079785965383053,0.5039370059967041
n740,P00_n358,150.0,2.0,74,1,0.75,80.0,0.0,0.003079785965383053,0.5039370059967041
n742,P02_n324,150.5,0.5,53,3,0.75640869140625,79.32219801500847,0.0,3.4105064514733385e-06,0.4251968562602997
n743,P02_n325,151.0,0.5,62,3,0.75,80.0,0.0,4.586203203871264e-07,0.5118110179901123
n744,P02_n326,151.5,0.5,50,3,0.75,80.0,0.0,4.586203203871264e-07,0.3937007784843445
n746,P02_n327,152.0,0.5,40,3,0.7507331371307373,79.92187507443305,0.0,0.01086918544024229,0.35433071851730347
n745,P00_n359,152.0,0.3330078125,71,1,0.7507331371307373,79.92187507443305,0.0,5.159478746463719e-07,0.4803149700164795
n747,P00_n360,152.3330078125,0.333984375,64,1,0.7677266001701355,78.15282157307489,0.0,-0.03651655465364456,0.4409448802471161
n748,P02_n328,152.5,0.5,52,3,0.7293494343757629,82.26509430469761,0.0,0.040280912071466446,0.4251968562602997
n749,P00_n361,152.6669921875,0.3330078125,65,1,0.7603555917739868,78.91044749209236,0.0,4.924370841763448e-06,0.4960629940032959
n751,P02_n329,153.0,0.5,59,3,0.74359130859375,80.68948534843635,0.0,0.012381146661937237,0.4803149700164795
n750,P00_n362,153.0,0.25,66,1,0.74359130859375,80.68948534843635,0.0,-2.659797473825165e-06,0.4645669162273407
n752,P00_n363,153.25,0.25,67,1,0.75640869140625,79.32219801500847,0.0,3.4105064514733385e-06,0.4960629940032959
n754,P02_n330,153.5,0.5,56,3,0.74359130859375,80.68948534843635,0.0,0.012381146661937237,0.4645669162273407
n753,P00_n364,153.5,0.25,68,1,0.74359130859375,80.68948534843635,0.0,-2.659797473825165e-06,0.5196850299835205
n755,P00_n365,153.75,0.25,69,1,0.75640869140625,79.32219801500847,0.0,3.4105064514733385e-06,0.5275590419769287
n757,P02_n331,154.0,0.5,68,3,0.7410954236984253,80.96123398059986,0.0,0.01723172515630722,0.5590550899505615
n756,P00_n366,154.0,0.0908203125,70,1,0.7410954236984253,80.96123398059986,0.0,0.1561444252729416,0.5039370059967041
n758,P00_n367,154.0908203125,0.0908203125,71,1,0.7410954236984253,80.96123398059986,0.0,0.1561444252729416,0.4960629940032959
n759,P00_n368,154.181640625,0.0908203125,72,1,0.7410954236984253,80.96123398059986,0.0,0.1561444252729416,0.5039370059967041
n760,P00_n369,154.2724609375,0.0908203125,73,1,0.7764617204666138,77.27360978457904,0.0,0.0888889953494072,0.5354330539703369
n761,P00_n370,154.36328125,0.0908203125,74,1,0.7410954236984253,80.96123398059986,0.0,0.1561444252729416,0.5039370059967041
n762,P00_n371,154.4541015625,0.091796875,75,1,0.7681183218955994,78.11296552844763,0.0,0.08904509246349335,0.5118110179901123
n763,P02_n332,154.5,0.5,59,3,0.6983045339584351,85.92239786827929,0.0,0.10303474217653275,0.4645669162273407
n764,P00_n372,154.5458984375,0.0908203125,76,1,0.7410954236984253,80.96123398059986,0.0,0.1561444252729416,0.5196850299835205
n765,P00_n373,154.63671875,0.0908203125,77,1,0.7763776779174805,77.28197461954498,0.0,0.08904509246349335,0.5511810779571533
n766,P00_n374,154.7275390625,0.0908203125,78,1,0.7411794066429138,80.95206027345395,0.0,0.1559808999300003,0.5118110179901123
n767,P00_n375,154.818359375,0.0908203125,79,1,0.7410954236984253,80.96123398059986,0.0,0.1561444252729416,0.5275590419769287
n768,P00_n376,154.9091796875,0.0908203125,80,1,6.4111504554748535,9.358694732980805,0.0,-2.95670747756958,0.6062992215156555
n770,P02_n333,155.0,0.5,45,3,0.24465687572956085,245.24142156676146,0.5117518305778503,1.6161311864852905,0.3779527544975281
n771,P00_n377,155.0,0.0,69,1,0.24465687572956085,245.24142156676146,0.5117518305778503,0.0,0.4645669162273407
n769,P00_n378,155.0,3.0,81,1,0.24465687572956085,245.24142156676146,-1.0235036611557007,0.16642849147319794,0.5511810779571533
n772,P02_n334,155.5,0.5,52,3,0.24465687572956085,245.24142156676146,0.25908026099205017,1.6405842304229736,0.4173228442668915
n773,P02_n335,156.0,0.5,60,3,0.7692413330078125,77.99892884771785,0.0,-1.933931343955919e-05,0.4724409580230713
n774,P02_n336,156.5,0.5,57,3,0.7884521484375,76.09846725499304,0.0,1.7668173313722946e-05,0.4409448802471161
n775,P02_n337,157.0,0.5,64,3,0.8076934814453125,74.28560633253358,0.0,-1.7034457187037333e-06,0.5118110179901123
n776,P02_n338,157.5,0.5,52,3,0.837615966796875,71.6318723357744,0.0,-0.007394772954285145,0.4015747904777527
n779,P02_n339,158.0,0.5,36,3,0.76495361328125,78.43612862044203,0.00213623046875,0.008044678717851639,0.34645670652389526
n777,P00_n379,158.0,3.0,64,1,0.76495361328125,78.43612862044203,-0.001068115234375,-0.00605018762871623,0.5039370059967041
n778,P00_n380,158.0,3.0,76,1,0.76495361328125,78.43612862044203,-0.001068115234375,-0.00605018762871623,0.5039370059967041
n780,P02_n340,158.5,0.5,43,3,0.7628173828125,78.6557849255881,0.0,6.312787263595965e-06,0.3779527544975281
n781,P02_n341,159.0,0.5,52,3,0.7628173828125,78.6557849255881,0.0,6.312787263595965e-06,0.4015747904777527
n782,P02_n342,159.5,0.5,48,3,0.7628173828125,78.6557849255881,0.0,6.312787263595965e-06,0.3937007784843445
n783,P02_n343,160.0,0.5,60,3,0.7628326416015625,78.65421158962255,0.0,-2.2545442334376276e-05,0.5196850299835205
n784,P02_n344,160.5,0.5,52,3,0.75640869140625,79.32219801500847,0.0,3.4105064514733385e-06,0.4173228442668915
n787,P02_n345,161.0,0.5,36,3,0.75640869140625,79.32219801500847,0.0,3.4105064514733385e-06,0.35433071851730347
n785,P00_n381,161.0,3.0,63,1,0.75640869140625,79.32219801500847,0.0,-0.004077755380421877,0.4724409580230713
n786,P00_n382,161.0,3.0,75,1,0.75640869140625,79.32219801500847,0.0,-0.004077755380421877,0.4724409580230713
n788,P02_n346,161.5,0.5,42,3,0.75640869140625,79.32219801500847,0.0,3.4105064514733385e-06,0.3779527544975281
n789,P02_n347,162.0,0.5,51,3,0.75640869140625,79.32219801500847,0.0,3.4105064514733385e-06,0.4173228442668915
n790,P02_n348,162.5,0.5,48,3,0.75,80.0,0.0,4.586203203871264e-07,0.4173228442668915
n791,P02_n349,163.0,0.5,60,3,0.75,80.0,0.0,4.586203203871264e-07,0.5275590419769287
n792,P02_n350,163.5,0.5,51,3,0.75640869140625,79.32219801500847,0.0,3.4105064514733385e-06,0.4251968562602997
n795,P02_n351,164.0,0.5,36,3,0.75,80.0,0.0,4.586203203871264e-07,0.35433071851730347
n793,P00_n383,164.0,1.0,62,1,0.75,80.0,0.0,4.586203203871264e-07,0.5196850299835205
n794,P00_n384,164.0,1.0,74,1,0.75,80.0,0.0,4.586203203871264e-07,0.5196850299835205
n796,P02_n352,164.5,0.5,43,3,0.75,80.0,0.0,4.586203203871264e-07,0.3858267664909363
n799,P02_n353,165.0,0.5,50,3,0.75,80.0,0.0,4.586203203871264e-07,0.4094488322734833
n797,P00_n385,165.0,0.5,69,1,0.75,80.0,0.0,4.586203203871264e-07,0.5196850299835205
n798,P00_n386,165.0,0.5,81,1,0.75,80.0,0.0,4.586203203871264e-07,0.5196850299835205
n802,P02_n354,165.5,0.5,47,3,0.75,80.0,0.0,4.586203203871264e-07,0.4094488322734833
n800,P00_n387,165.5,0.5,67,1,0.75,80.0,0.0,4.586203203871264e-07,0.5511810779571533
n801,P00_n388,165.5,0.5,79,1,0.75,80.0,0.0,4.586203203871264e-07,0.5511810779571533
n805,P02_n355,166.0,0.5,55,3,0.7500152587890625,79.99837242894635,0.0,-2.8892787668155506e-05,0.4881889820098877
n803,P00_n389,166.0,0.75,62,1,0.7500152587890625,79.99837242894635,0.0,-0.004145066719502211,0.5354330539703369
n804,P00_n390,166.0,0.75,74,1,0.7500152587890625,79.99837242894635,0.0,-0.004145066719502211,0.5354330539703369
n806,P02_n356,166.5,0.5,50,3,0.74359130859375,80.68948534843635,0.0,0.012381146661937237,0.4251968562602997
n807,P00_n391,166.75,0.25,63,1,0.75640869140625,79.32219801500847,0.0,3.4105064514733385e-06,0.4645669162273407
n808,P00_n392,166.75,0.25,75,1,0.75640869140625,79.32219801500847,0.0,3.4105064514733385e-06,0.4645669162273407
n811,P02_n357,167.0,0.5,36,3,0.75640869140625,79.32219801500847,0.0,3.4105064514733385e-06,0.35433071851730347
n809,P00_n393,167.0,1.0,65,1,0.75640869140625,79.32219801500847,0.0,3.4105064514733385e-06,0.5196850299835205
n810,P00_n394,167.0,1.0,77,1,0.75640869140625,79.32219801500847,0.0,3.4105064514733385e-06,0.5196850299835205
n812,P02_n358,167.5,0.5,43,3,0.75640869140625,79.32219801500847,0.0,3.4105064514733385e-06,0.3858267664909363
n815,P02_n359,168.0,0.5,52,3,0.775634765625,77.35599622285174,0.0,1.2084315130778123e-05,0.4566929042339325
n813,P00_n395,168.0,2.0,64,1,0.775634765625,77.35599622285174,0.0,0.0353451706469059,0.4803149700164795
n814,P00_n396,168.0,2.0,76,1,0.775634765625,77.35599622285174,0.0,0.0353451706469059,0.4803149700164795
n816,P02_n360,168.5,0.5,48,3,0.7884521484375,76.09846725499304,0.0,1.7668173313722946e-05,0.4015747904777527
n817,P02_n361,169.0,1.0,35,3,0.8076934814453125,74.28560633253358,0.0,-1.7034457187037333e-06,0.35433071851730347
n820,P02_n362,170.0,0.5,33,3,0.76922607421875,78.00047607712449,0.0,9.278491233999375e-06,0.31496062874794006
n818,P00_n397,170.0,0.5,72,1,0.76922607421875,78.00047607712449,0.0,9.278491233999375e-06,0.4645669162273407
n819,P00_n398,170.0,0.5,76,1,0.76922607421875,78.00047607712449,0.0,9.278491233999375e-06,0.4645669162273407
n822,P02_n363,170.5,0.5,52,3,0.762847900390625,78.65263831659799,0.0,-5.140309440321289e-05,0.4645669162273407
n821,P00_n399,170.5,0.5,84,1,0.762847900390625,78.65263831659799,0.0,-5.140309440321289e-05,0.5826771855354309
n824,P02_n364,171.0,0.5,60,3,0.7628173828125,78.6557849255881,0.0,6.312787263595965e-06,0.5196850299835205
n823,P00_n400,171.0,0.5,83,1,0.7628173828125,78.6557849255881,0.0,6.312787263595965e-06,0.5905511975288391
n826,P02_n365,171.5,0.5,57,3,0.75640869140625,79.32219801500847,0.0,3.4105064514733385e-06,0.5118110179901123
n825,P00_n401,171.5,0.5,80,1,0.75640869140625,79.32219801500847,0.0,3.4105064514733385e-06,0.5433070659637451
n828,P02_n366,172.0,0.5,64,3,0.7628173828125,78.6557849255881,0.0,6.312787263595965e-06,0.5354330539703369
n827,P00_n402,172.0,0.5,83,1,0.7628173828125,78.6557849255881,0.0,6.312787263595965e-06,0.5590550899505615
n830,P02_n367,172.5,0.5,60,3,0.75640869140625,79.32219801500847,0.0,3.4105064514733385e-06,0.4960629940032959
n829,P00_n403,172.5,0.5,81,1,0.75640869140625,79.32219801500847,0.0,3.4105064514733385e-06,0.5433070659637451
n832,P02_n368,173.0,0.5,45,3,0.7603555917739868,78.91044749209236,0.0,-0.007504885550588369,0.3937007784843445
n831,P00_n404,173.0,0.5,79,1,0.7603555917739868,78.91044749209236,0.0,-0.007504885550588369,0.5433070659637451
n833,P01_n58,173.3330078125,0.333984375,67,2,0.7485380172729492,80.1562494027894,0.0,5.159478746463719e-07,0.3700787425041199
n835,P02_n369,173.5,0.5,53,3,0.7485380172729492,80.1562494027894,0.0,0.015093770809471607,0.4330708682537079
n834,P00_n405,173.5,0.5,81,1,0.7485380172729492,80.1562494027894,0.0,0.015093770809471607,0.5196850299835205
n836,P01_n59,173.6669921875,0.3330078125,68,2,0.7603555917739868,78.91044749209236,0.0,4.924370841763448e-06,0.4173228442668915
n839,P02_n370,174.0,0.5,60,3,0.75,80.0,0.0,4.586203203871264e-07,0.4645669162273407
n838,P01_n60,174.0,2.0,69,2,0.75,80.0,0.0,0.003079785965383053,0.3937007784843445
n837,P00_n406,174.0,2.0,77,1,0.75,80.0,0.0,0.003079785965383053,0.5039370059967041
n840,P02_n371,174.5,0.5,57,3,0.75,80.0,0.0,4.586203203871264e-07,0.4566929042339325
n841,P02_n372,175.0,0.5,65,3,0.75640869140625,79.32219801500847,0.0,3.4105064514733385e-06,0.5275590419769287
n842,P02_n373,175.5,0.5,53,3,0.75,80.0,0.0,4.586203203871264e-07,0.4094488322734833
n845,P02_n374,176.0,1.0,40,3,0.75,80.0,0.0,4.586203203871264e-07,0.31496062874794006
n843,P00_n407,176.0,0.5,68,1,0.75,80.0,0.0,4.586203203871264e-07,0.4645669162273407
n844,P00_n408,176.0,0.5,71,1,0.75,80.0,0.0,4.586203203871264e-07,0.4645669162273407
n846,P00_n409,176.5,0.25,88,1,0.75640869140625,79.32219801500847,0.0,3.4105064514733385e-06,0.5275590419769287
n847,P00_n410,176.75,0.25,87,1,0.74359130859375,80.68948534843635,0.0,-2.659797473825165e-06,0.5826771855354309
n849,P02_n375,177.0,4.0,52,3,0.7427007555961609,80.78623799411434,0.0,-0.9766715168952942,0.4724409580230713
n850,P02_n376,177.0,2.0,56,3,0.7427007555961609,80.78623799411434,0.0,0.0233285054564476,0.4724409580230713
n851,P02_n377,177.0,2.0,62,3,0.7427007555961609,80.78623799411434,0.0,0.0233285054564476,0.4724409580230713
n848,P00_n411,177.0,0.1337890625,86,1,0.7427007555961609,80.78623799411434,0.0,-9.043781756190583e-05,0.5511810779571533
n852,P00_n412,177.1337890625,0.1328125,85,1,0.748046875,80.2088772845953,0.0,0.00013112327724229544,0.5275590419769287
n853,P00_n413,177.2666015625,0.1337890625,84,1,0.7427007555961609,80.78623799411434,0.0,-9.043781756190583e-05,0.5196850299835205
n854,P00_n414,177.400390625,0.1328125,83,1,0.7722886204719543,77.69116158067087,0.0,-7.66081502661109e-05,0.5118110179901123
n855,P00_n415,177.533203125,0.1337890625,82,1,0.7186359763145447,83.49150609979786,0.0,0.0001237553806276992,0.5039370059967041
n856,P00_n416,177.6669921875,0.1328125,81,1,0.7722886204719543,77.69116158067087,0.0,-7.66081502661109e-05,0.5039370059967041
n857,P00_n417,177.7998046875,0.1337890625,80,1,0.7425866723060608,80.79864915118043,0.0,0.00013112327724229544,0.4960629940032959
n858,P00_n418,177.93359375,0.1328125,79,1,0.7722886204719543,77.69116158067087,0.0,-7.66081502661109e-05,0.5275590419769287
n859,P00_n419,178.06640625,0.1337890625,78,1,0.7427007555961609,80.78623799411434,0.0,-9.043781756190583e-05,0.4803149700164795
n860,P00_n420,178.2001953125,0.1328125,77,1,0.748046875,80.2088772845953,0.0,0.00013112327724229544,0.4724409580230713
n861,P00_n421,178.3330078125,0.1337890625,76,1,0.7427007555961609,80.78623799411434,0.0,-9.043781756190583e-05,0.4645669162273407
n862,P00_n422,178.466796875,0.1328125,75,1,0.7721737027168274,77.70272386756388,0.0,0.00013803069305140525,0.4645669162273407
n863,P00_n423,178.599609375,0.1337890625,74,1,0.7427007555961609,80.78623799411434,0.0,-9.043781756190583e-05,0.4566929042339325
n864,P00_n424,178.7333984375,0.1328125,73,1,0.7722886204719543,77.69116158067087,0.0,-7.66081502661109e-05,0.4488188922405243
n865,P00_n425,178.8662109375,0.1337890625,72,1,0.7904881238937378,75.90246859681545,0.0,0.00014451952301897109,0.4724409580230713
n866,P00_n426,179.0,0.142578125,71,1,0.7643407583236694,78.49901937924952,0.0,-5.1389004511293024e-05,0.4566929042339325
n868,P00_n427,179.142578125,0.1435546875,74,1,0.7814626097679138,76.77910529567035,0.0,-3.98601041524671e-05,0.5039370059967041
n869,P00_n428,179.2861328125,0.142578125,77,1,0.7868150472640991,76.25680292799566,0.0,-3.98601041524671e-05,0.4409448802471161
n870,P00_n429,179.4287109375,0.142578125,80,1,0.809182345867157,74.14892367146399,0.0,0.00016191636677831411,0.5196850299835205
n871,P00_n430,179.5712890625,0.142578125,83,1,0.7868150472640991,76.25680292799566,0.0,-3.98601041524671e-05,0.4881889820098877
n872,P00_n431,179.7138671875,0.1435546875,77,1,0.8261054158210754,72.62995599703862,0.0,-1.8580973119242117e-05,0.4645669162273407
n873,P00_n432,179.857421875,0.142578125,74,1,0.8317636847496033,72.13587356613506,0.0,-1.8580973119242117e-05,0.4173228442668915
n874,P00_n433,180.0,0.2001953125,71,1,0.8325457572937012,72.0681109408783,0.0,-4.3596930481726304e-05,0.4330708682537079
n875,P00_n434,180.2001953125,0.2001953125,68,1,0.8324695229530334,72.07471065987014,0.0,8.848775905789807e-05,0.3779527544975281
n876,P00_n435,180.400390625,0.19921875,65,1,0.8687959313392639,69.0610968993708,0.0,-2.894055978686083e-05,0.36220473051071167
n877,P00_n436,180.599609375,0.2001953125,62,1,0.8645579218864441,69.39963012435474,0.0,-2.894055978686083e-05,0.35433071851730347
n878,P00_n437,180.7998046875,0.2001953125,59,1,0.9125761985778809,65.74793435715439,0.0,-8.82539552549133e-06,0.3779527544975281
n880,P02_n378,181.0,0.3330078125,45,3,0.7699779868125916,77.92430566538219,0.0,9.222596418112516e-06,0.29133859276771545
n879,P00_n438,181.0,2.0,57,1,0.7699779868125916,77.92430566538219,0.0,-0.01044546253979206,0.4330708682537079
n881,P02_n379,181.3330078125,0.333984375,52,3,0.7581323385238647,79.1418555193465,0.0,4.924370841763448e-06,0.3700787425041199
n882,P02_n380,181.6669921875,0.3330078125,57,3,0.7699779868125916,77.92430566538219,0.0,9.222596418112516e-06,0.4251968562602997
n883,P02_n381,182.0,0.3330078125,64,3,0.7603555917739868,78.91044749209236,0.0,4.924370841763448e-06,0.4330708682537079
n884,P02_n382,182.3330078125,0.333984375,57,3,0.7581323385238647,79.1418555193465,0.0,4.924370841763448e-06,0.3385826647281647
n885,P02_n383,182.6669921875,0.3330078125,52,3,0.7699779868125916,77.92430566538219,0.0,9.222596418112516e-06,0.3700787425041199
n886,P02_n384,183.0,0.3330078125,48,3,0.7603555917739868,78.91044749209236,0.0,4.924370841763448e-06,0.30708661675453186
n887,P02_n385,183.3330078125,0.333984375,52,3,0.7581323385238647,79.1418555193465,0.0,4.924370841763448e-06,0.34645670652389526
n888,P02_n386,183.6669921875,0.3330078125,40,3,0.7604013681411743,78.90569706189764,0.0,-8.201377204386517e-05,0.32283464074134827
n891,P02_n387,184.0,0.3330078125,45,3,0.7603555917739868,78.91044749209236,0.0,4.924370841763448e-06,0.29921260476112366
n889,P00_n439,184.0,1.0,64,1,0.7603555917739868,78.91044749209236,0.0,-0.0014047024305909872,0.4724409580230713
n890,P00_n440,184.0,1.0,76,1,0.7603555917739868,78.91044749209236,0.0,-0.0014047024305909872,0.4724409580230713
n892,P02_n388,184.3330078125,0.333984375,52,3,0.7485380172729492,80.1562494027894,0.0,5.159478746463719e-07,0.36220473051071167
n893,P02_n389,184.6669921875,0.3330078125,57,3,0.7699779868125916,77.92430566538219,0.0,9.222596418112516e-06,0.4173228442668915
n896,P02_n390,185.0,0.3330078125,64,3,0.7507331371307373,79.92187507443305,0.0,5.159478746463719e-07,0.4330708682537079
n894,P00_n441,185.0,0.5,69,1,0.7507331371307373,79.92187507443305,0.0,0.01086918544024229,0.4330708682537079
n895,P00_n442,185.0,0.5,81,1,0.7507331371307373,79.92187507443305,0.0,0.01086918544024229,0.4330708682537079
n897,P02_n391,185.3330078125,0.333984375,57,3,0.7677266001701355,78.15282157307489,0.0,-0.03651655465364456,0.34645670652389526
n898,P00_n443,185.5,0.5,67,1,0.7293494343757629,82.26509430469761,0.0,0.040280912071466446,0.4803149700164795
n899,P00_n444,185.5,0.5,79,1,0.7293494343757629,82.26509430469761,0.0,0.040280912071466446,0.4803149700164795
n900,P02_n392,185.6669921875,0.3330078125,52,3,0.7603555917739868,78.91044749209236,0.0,4.924370841763448e-06,0.3700787425041199
n903,P02_n393,186.0,0.3330078125,48,3,0.7603555917739868,78.91044749209236,0.0,4.924370841763448e-06,0.30708661675453186
n901,P00_n445,186.0,1.0,69,1,0.7603555917739868,78.91044749209236,0.0,-0.007504885550588369,0.5433070659637451
n902,P00_n446,186.0,1.0,81,1,0.7603555917739868,78.91044749209236,0.0,-0.007504885550588369,0.5433070659637451
n904,P02_n394,186.3330078125,0.333984375,52,3,0.7485380172729492,80.1562494027894,0.0,5.159478746463719e-07,0.34645670652389526
n905,P02_n395,186.6669921875,0.3330078125,40,3,0.7603555917739868,78.91044749209236,0.0,4.924370841763448e-06,0.32283464074134827
n908,P02_n396,187.0,0.3330078125,52,3,0.7507331371307373,79.92187507443305,0.0,5.159478746463719e-07,0.33070865273475647
n906,P00_n447,187.0,0.5,67,1,0.7507331371307373,79.92187507443305,0.0,-0.0014091116609051824,0.4409448802471161
n907,P00_n448,187.0,0.5,79,1,0.7507331371307373,79.92187507443305,0.0,-0.0014091116609051824,0.4409448802471161
n909,P02_n397,187.3330078125,0.333984375,57,3,0.7485380172729492,80.1562494027894,0.0,5.159478746463719e-07,0.3937007784843445
n910,P00_n449,187.5,0.5,67,1,0.7485380172729492,80.1562494027894,0.0,0.015093770809471607,0.4724409580230713
n911,P00_n450,187.5,0.5,81,1,0.7485380172729492,80.1562494027894,0.0,0.015093770809471607,0.4724409580230713
n912,P02_n398,187.6669921875,0.666015625,64,3,0.7603555917739868,78.91044749209236,0.0,-0.018373554572463036,0.4803149700164795
n913,P00_n451,188.0,1.0,67,1,0.7411106824874878,80.95956706306549,0.0,0.017201991751790047,0.4330708682537079
n914,P00_n452,188.0,1.0,76,1,0.7411106824874878,80.95956706306549,0.0,0.017201991751790047,0.4330708682537079
n916,P02_n399,188.3330078125,0.333984375,57,3,0.7485380172729492,80.1562494027894,0.0,5.159478746463719e-07,0.3385826647281647
n917,P02_n400,188.6669921875,0.3330078125,52,3,0.7603555917739868,78.91044749209236,0.0,4.924370841763448e-06,0.3700787425041199
n918,P02_n401,189.0,0.3330078125,48,3,0.7507331371307373,79.92187507443305,0.0,5.159478746463719e-07,0.30708661675453186
n919,P02_n402,189.3330078125,0.333984375,52,3,0.7485380172729492,80.1562494027894,0.0,5.159478746463719e-07,0.34645670652389526
n920,P02_n403,189.6669921875,0.3330078125,45,3,0.7507331371307373,79.92187507443305,0.0,5.159478746463719e-07,0.33070865273475647
n924,P02_n404,190.0,0.3330078125,45,3,0.7507331371307373,79.92187507443305,0.0,5.159478746463719e-07,0.30708661675453186
n921,P00_n453,190.0,1.0,64,1,0.7507331371307373,79.92187507443305,0.0,-0.0014091116609051824,0.4409448802471161
n922,P00_n454,190.0,1.0,72,1,0.7507331371307373,79.92187507443305,0.0,-0.0014091116609051824,0.4409448802471161
n923,P00_n455,190.0,1.0,76,1,0.7507331371307373,79.92187507443305,0.0,-0.0014091116609051824,0.4409448802471161
n925,P02_n405,190.3330078125,0.333984375,48,3,0.7485380172729492,80.1562494027894,0.0,5.159478746463719e-07,0.3385826647281647
n926,P02_n406,190.6669921875,0.3330078125,55,3,0.7507331371307373,79.92187507443305,0.0,5.159478746463719e-07,0.4015747904777527
n930,P02_n407,191.0,0.3330078125,60,3,0.7507331371307373,79.92187507443305,0.0,5.159478746463719e-07,0.4094488322734833
n927,P00_n456,191.0,0.5,69,1,0.7507331371307373,79.92187507443305,0.0,-0.0014091116609051824,0.4251968562602997
n928,P00_n457,191.0,0.5,72,1,0.7507331371307373,79.92187507443305,0.0,-0.0014091116609051824,0.4251968562602997
n929,P00_n458,191.0,0.5,81,1,0.7507331371307373,79.92187507443305,0.0,-0.0014091116609051824,0.4251968562602997
n931,P02_n408,191.3330078125,0.333984375,55,3,0.7485380172729492,80.1562494027894,0.0,5.159478746463719e-07,0.33070865273475647
n932,P00_n459,191.5,0.5,67,1,0.7485380172729492,80.1562494027894,0.0,0.0028154742904007435,0.4488188922405243
n933,P00_n460,191.5,0.5,72,1,0.7485380172729492,80.1562494027894,0.0,0.0028154742904007435,0.4488188922405243
n934,P00_n461,191.5,0.5,79,1,0.7485380172729492,80.1562494027894,0.0,0.0028154742904007435,0.4488188922405243
n935,P02_n409,191.6669921875,0.3330078125,52,3,0.7507331371307373,79.92187507443305,0.0,5.159478746463719e-07,0.3779527544975281
n939,P02_n410,192.0,0.3330078125,55,3,0.7507331371307373,79.92187507443305,0.0,5.159478746463719e-07,0.35433071851730347
n936,P00_n462,192.0,1.0,69,1,0.7507331371307373,79.92187507443305,0.0,0.004743098746985197,0.4803149700164795
n937,P00_n463,192.0,1.0,72,1,0.7507331371307373,79.92187507443305,0.0,0.004743098746985197,0.4803149700164795
n938,P00_n464,192.0,1.0,81,1,0.7507331371307373,79.92187507443305,0.0,0.004743098746985197,0.4803149700164795
n940,P02_n411,192.3330078125,0.333984375,52,3,0.7485380172729492,80.1562494027894,0.0,5.159478746463719e-07,0.35433071851730347
n941,P02_n412,192.6669921875,0.3330078125,43,3,0.7603555917739868,78.91044749209236,0.0,4.924370841763448e-06,0.3385826647281647
n945,P02_n413,193.0,0.3330078125,52,3,0.7603555917739868,78.91044749209236,0.0,4.924370841763448e-06,0.34645670652389526
n942,P00_n465,193.0,0.5,67,1,0.7603555917739868,78.91044749209236,0.0,0.016742708161473274,0.4094488322734833
n943,P00_n466,193.0,0.5,72,1,0.7603555917739868,78.91044749209236,0.0,0.016742708161473274,0.4094488322734833
n944,P00_n467,193.0,0.5,79,1,0.7603555917739868,78.91044749209236,0.0,0.016742708161473274,0.4094488322734833
n946,P02_n414,193.3330078125,0.333984375,55,3,0.7869151830673218,76.24709916782342,0.0,-0.03560630977153778,0.4015747904777527
n947,P00_n468,193.5,0.5,67,1,0.7485380172729492,80.1562494027894,0.0,0.039341364055871964,0.4409448802471161
n948,P00_n469,193.5,0.5,72,1,0.7485380172729492,80.1562494027894,0.0,0.039341364055871964,0.4409448802471161
n949,P00_n470,193.5,0.5,81,1,0.7485380172729492,80.1562494027894,0.0,0.039341364055871964,0.4409448802471161
n950,P02_n415,193.6669921875,0.666015625,64,3,0.7796004414558411,76.96250131407677,0.0,1.3414705790637527e-05,0.4881889820098877
n951,P00_n471,194.0,1.0,67,1,0.7796462774276733,76.95797663263532,0.0,0.010344511829316616,0.3858267664909363
n952,P00_n472,194.0,1.0,72,1,0.7796462774276733,76.95797663263532,0.0,0.010344511829316616,0.3858267664909363
n953,P00_n473,194.0,1.0,76,1,0.7796462774276733,76.95797663263532,0.0,0.010344511829316616,0.3858267664909363
n955,P02_n416,194.3330078125,0.333984375,55,3,0.7965095043182373,75.3286679879059,0.0,2.1657537217834033e-05,0.33070865273475647
n956,P02_n417,194.6669921875,0.666015625,52,3,0.8084677457809448,74.21446348739936,0.0,2.5551928047207184e-05,0.3779527544975281
n958,P02_n418,195.3330078125,0.333984375,52,3,0.8253380656242371,72.69748300609344,0.0,-4.663852814701386e-05,0.32283464074134827
n959,P02_n419,195.6669921875,0.3330078125,43,3,0.8565798997879028,70.0460050660266,0.0,4.4012755097355694e-05,0.33070865273475647
n962,P02_n420,196.0,0.3330078125,41,3,0.7604013681411743,78.90569706189764,0.0,-8.201377204386517e-05,0.30708661675453186
n960,P00_n474,196.0,1.0,65,1,0.7604013681411743,78.90569706189764,0.0,0.010631886310875416,0.3779527544975281
n961,P00_n475,196.0,1.0,69,1,0.7604013681411743,78.90569706189764,0.0,0.010631886310875416,0.3779527544975281
n963,P02_n421,196.3330078125,0.333984375,48,3,0.7677266001701355,78.15282157307489,0.0,9.222596418112516e-06,0.34645670652389526
n964,P02_n422,196.6669921875,0.3330078125,53,3,0.7699779868125916,77.92430566538219,0.0,9.222596418112516e-06,0.3858267664909363
n967,P02_n423,197.0,0.3330078125,60,3,0.7603555917739868,78.91044749209236,0.0,4.924370841763448e-06,0.4094488322734833
n965,P00_n476,197.0,0.5,64,1,0.7603555917739868,78.91044749209236,0.0,0.004669795744121075,0.3700787425041199
n966,P00_n477,197.0,0.5,72,1,0.7603555917739868,78.91044749209236,0.0,0.004669795744121075,0.3700787425041199
n968,P02_n424,197.3330078125,0.333984375,53,3,0.7677266001701355,78.15282157307489,0.0,-0.01813807524740696,0.32283464074134827
n969,P00_n478,197.5,0.5,62,1,0.7485380172729492,80.1562494027894,0.0,0.02726845256984234,0.4094488322734833
n970,P00_n479,197.5,0.5,71,1,0.7485380172729492,80.1562494027894,0.0,0.02726845256984234,0.4094488322734833
n971,P02_n425,197.6669921875,0.3330078125,48,3,0.7699779868125916,77.92430566538219,0.0,9.222596418112516e-06,0.33070865273475647
n972,P00_n480,198.0,1.0,60,1,0.7603555917739868,78.91044749209236,0.0,0.004669795744121075,0.4015747904777527
n973,P00_n481,198.0,1.0,69,1,0.7603555917739868,78.91044749209236,0.0,0.004669795744121075,0.4015747904777527
n974,P02_n426,198.3330078125,0.333984375,48,3,0.7581323385238647,79.1418555193465,0.0,4.924370841763448e-06,0.29921260476112366
n975,P02_n427,198.6669921875,0.3330078125,41,3,0.7699779868125916,77.92430566538219,0.0,9.222596418112516e-06,0.31496062874794006
n978,P02_n428,199.0,0.3330078125,41,3,0.7507331371307373,79.92187507443305,0.0,5.159478746463719e-07,0.29921260476112366
n976,P00_n482,199.0,0.5,62,1,0.7507331371307373,79.92187507443305,0.0,0.01086918544024229,0.35433071851730347
n977,P00_n483,199.0,0.5,65,1,0.7507331371307373,79.92187507443305,0.0,0.01086918544024229,0.35433071851730347
n979,P02_n429,199.3330078125,0.333984375,50,3,0.7677266001701355,78.15282157307489,0.0,-0.01813807524740696,0.3858267664909363
n980,P00_n484,199.5,0.5,62,1,0.7485380172729492,80.1562494027894,0.0,0.02726845256984234,0.4330708682537079
n981,P00_n485,199.5,0.5,70,1,0.7485380172729492,80.1562494027894,0.0,0.02726845256984234,0.4330708682537079
n982,P02_n430,199.6669921875,0.3330078125,53,3,0.7699779868125916,77.92430566538219,0.0,9.222596418112516e-06,0.4173228442668915
n985,P02_n431,200.0,0.3330078125,62,3,0.7603555917739868,78.91044749209236,0.0,4.924370841763448e-06,0.4251968562602997
n983,P00_n486,200.0,0.5,64,1,0.7603555917739868,78.91044749209236,0.0,-0.007504885550588369,0.4645669162273407
n984,P00_n487,200.0,0.5,72,1,0.7603555917739868,78.91044749209236,0.0,-0.007504885550588369,0.4645669162273407
n986,P02_n432,200.3330078125,0.333984375,53,3,0.7485380172729492,80.1562494027894,0.0,5.159478746463719e-07,0.32283464074134827
n987,P00_n488,200.5,0.5,65,1,0.7485380172729492,80.1562494027894,0.0,0.015093770809471607,0.4724409580230713
n988,P00_n489,200.5,0.5,74,1,0.7485380172729492,80.1562494027894,0.0,0.015093770809471607,0.4724409580230713
n989,P02_n433,200.6669921875,0.3330078125,46,3,0.7603555917739868,78.91044749209236,0.0,4.924370841763448e-06,0.3385826647281647
n992,P02_n434,201.0,0.3330078125,53,3,0.7604013681411743,78.90569706189764,0.0,-8.201377204386517e-05,0.34645670652389526
n990,P00_n490,201.0,0.5,67,1,0.7604013681411743,78.90569706189764,0.0,-0.007591824047267437,0.4960629940032959
n991,P00_n491,201.0,0.5,76,1,0.7604013681411743,78.90569706189764,0.0,-0.007591824047267437,0.4960629940032959
n993,P02_n435,201.3330078125,0.333984375,50,3,0.7485380172729492,80.1562494027894,0.0,5.159478746463719e-07,0.34645670652389526
n994,P00_n492,201.5,0.5,69,1,0.7485380172729492,80.1562494027894,0.0,0.015093770809471607,0.5039370059967041
n995,P00_n493,201.5,0.5,77,1,0.7485380172729492,80.1562494027894,0.0,0.015093770809471607,0.5039370059967041
n996,P02_n436,201.6669921875,0.3330078125,41,3,0.7603555917739868,78.91044749209236,0.0,4.924370841763448e-06,0.33070865273475647
n1000,P02_n437,202.0,0.3330078125,39,3,0.7603555917739868,78.91044749209236,0.0,4.924370841763448e-06,0.29133859276771545
n997,P00_n494,202.0,0.5,63,1,0.7603555917739868,78.91044749209236,0.0,-0.007504885550588369,0.4960629940032959
n998,P00_n495,202.0,0.5,72,1,0.7603555917739868,78.91044749209236,0.0,-0.007504885550588369,0.4960629940032959
n999,P00_n496,202.0,0.5,75,1,0.7603555917739868,78.91044749209236,0.0,-0.007504885550588369,0.4960629940032959
n1001,P02_n438,202.3330078125,0.333984375,48,3,0.7485380172729492,80.1562494027894,0.0,5.159478746463719e-07,0.3700787425041199
n1002,P00_n497,202.5,0.5,60,1,0.7485380172729492,80.1562494027894,0.0,0.015093770809471607,0.4409448802471161
n1003,P00_n498,202.5,0.5,72,1,0.7485380172729492,80.1562494027894,0.0,0.015093770809471607,0.4409448802471161
n1004,P02_n439,202.6669921875,0.3330078125,51,3,0.7603555917739868,78.91044749209236,0.0,4.924370841763448e-06,0.4015747904777527
n1007,P02_n440,203.0,0.3330078125,60,3,0.7507331371307373,79.92187507443305,0.0,5.159478746463719e-07,0.4173228442668915
n1005,P00_n499,203.0,0.5,62,1,0.7507331371307373,79.92187507443305,0.0,0.01086918544024229,0.4724409580230713
n1006,P00_n500,203.0,0.5,74,1,0.7507331371307373,79.92187507443305,0.0,0.01086918544024229,0.4724409580230713
n1008,P02_n441,203.3330078125,0.333984375,51,3,0.7677266001701355,78.15282157307489,0.0,-0.03651655465364456,0.32283464074134827
n1009,P00_n501,203.5,0.5,63,1,0.7293494343757629,82.26509430469761,0.0,0.040280912071466446,0.4803149700164795
n1010,P00_n502,203.5,0.5,75,1,0.7293494343757629,82.26509430469761,0.0,0.040280912071466446,0.4803149700164795
n1011,P02_n442,203.6669921875,0.3330078125,48,3,0.7603555917739868,78.91044749209236,0.0,4.924370841763448e-06,0.36220473051071167
n1014,P02_n443,204.0,0.3330078125,51,3,0.7507331371307373,79.92187507443305,0.0,5.159478746463719e-07,0.3385826647281647
n1012,P00_n503,204.0,0.5,65,1,0.7507331371307373,79.92187507443305,0.0,0.01086918544024229,0.4960629940032959
n1013,P00_n504,204.0,0.5,77,1,0.7507331371307373,79.92187507443305,0.0,0.01086918544024229,0.4960629940032959
n1015,P02_n444,204.3330078125,0.333984375,39,3,0.7677266001701355,78.15282157307489,0.0,-0.03651655465364456,0.29921260476112366
n1016,P00_n505,204.5,0.5,67,1,0.7293494343757629,82.26509430469761,0.0,0.040280912071466446,0.5039370059967041
n1017,P00_n506,204.5,0.5,79,1,0.7293494343757629,82.26509430469761,0.0,0.040280912071466446,0.5039370059967041
n1018,P02_n445,204.6669921875,0.3330078125,36,3,0.7603555917739868,78.91044749209236,0.0,4.924370841763448e-06,0.31496062874794006
n1022,P02_n446,205.0,0.3330078125,38,3,0.7507331371307373,79.92187507443305,0.0,5.159478746463719e-07,0.3385826647281647
n1019,P00_n507,205.0,0.5,68,1,0.7507331371307373,79.92187507443305,0.0,0.01086918544024229,0.5354330539703369
n1020,P00_n508,205.0,0.5,77,1,0.7507331371307373,79.92187507443305,0.0,0.01086918544024229,0.5354330539703369
n1021,P00_n509,205.0,0.5,80,1,0.7507331371307373,79.92187507443305,0.0,0.01086918544024229,0.5354330539703369
n1023,P02_n447,205.3330078125,0.333984375,48,3,0.7677266001701355,78.15282157307489,0.0,-0.03651655465364456,0.4251968562602997
n1024,P00_n510,205.5,0.5,64,1,0.7293494343757629,82.26509430469761,0.0,0.040280912071466446,0.4566929042339325
n1025,P00_n511,205.5,0.5,76,1,0.7293494343757629,82.26509430469761,0.0,0.040280912071466446,0.4566929042339325
n1026,P02_n448,205.6669921875,0.3330078125,53,3,0.7603555917739868,78.91044749209236,0.0,4.924370841763448e-06,0.4803149700164795
n1029,P02_n449,206.0,0.3330078125,56,3,0.7507331371307373,79.92187507443305,0.0,5.159478746463719e-07,0.4960629940032959
n1030,P02_n450,206.0,0.3330078125,60,3,0.7507331371307373,79.92187507443305,0.0,5.159478746463719e-07,0.4960629940032959
n1027,P00_n512,206.0,0.5,65,1,0.7507331371307373,79.92187507443305,0.0,-0.0014091116609051824,0.4881889820098877
n1028,P00_n513,206.0,0.5,77,1,0.7507331371307373,79.92187507443305,0.0,-0.0014091116609051824,0.4881889820098877
n1031,P02_n451,206.3330078125,0.333984375,53,3,0.7485380172729492,80.1562494027894,0.0,5.159478746463719e-07,0.3937007784843445
n1032,P00_n514,206.5,0.5,67,1,0.7485380172729492,80.1562494027894,0.0,0.0028154742904007435,0.4960629940032959
n1033,P00_n515,206.5,0.5,79,1,0.7485380172729492,80.1562494027894,0.0,0.0028154742904007435,0.4960629940032959
n1034,P02_n452,206.6669921875,0.666015625,48,3,0.7507331371307373,79.92187507443305,0.0,5.159478746463719e-07,0.4251968562602997
n1035,P00_n516,207.0,0.5,68,1,0.7507331371307373,79.92187507443305,0.0,-0.0014091116609051824,0.5118110179901123
n1036,P00_n517,207.0,0.5,80,1,0.7507331371307373,79.92187507443305,0.0,-0.0014091116609051824,0.5118110179901123
n1038,P02_n453,207.3330078125,0.1669921875,41,3,0.9980506896972656,60.11718705209205,0.0,0.5849630236625671,0.33070865273475647
n1041,P02_n454,207.5,0.5,38,3,0.6730753779411316,89.14306178237248,-0.0833333358168602,-0.4104609489440918,0.3779527544975281
n1039,P00_n518,207.5,0.5,70,1,0.6730753779411316,89.14306178237248,0.0416666679084301,0.1684013158082962,0.5196850299835205
n1040,P00_n519,207.5,0.5,82,1,0.6730753779411316,89.14306178237248,0.0416666679084301,0.1684013158082962,0.5196850299835205
n1045,P02_n455,208.0,0.3330078125,37,3,0.7411106824874878,80.95956706306549,0.0,-4.181181338935858e-06,0.4251968562602997
n1042,P00_n520,208.0,0.5,71,1,0.7411106824874878,80.95956706306549,0.0,0.017201991751790047,0.5433070659637451
n1043,P00_n521,208.0,0.5,77,1,0.7411106824874878,80.95956706306549,0.0,0.017201991751790047,0.5433070659637451
n1044,P00_n522,208.0,0.5,83,1,0.7411106824874878,80.95956706306549,0.0,0.017201991751790047,0.5433070659637451
n1046,P02_n456,208.3330078125,0.333984375,44,3,0.7677266001701355,78.15282157307489,0.0,-0.03651655465364456,0.4724409580230713
n1047,P00_n523,208.5,0.5,72,1,0.7293494343757629,82.26509430469761,0.0,0.040280912071466446,0.5354330539703369
n1048,P00_n524,208.5,0.5,77,1,0.7293494343757629,82.26509430469761,0.0,0.040280912071466446,0.5354330539703369
n1049,P00_n525,208.5,0.5,80,1,0.7293494343757629,82.26509430469761,0.0,0.040280912071466446,0.5354330539703369
n1050,P00_n526,208.5,0.5,84,1,0.7293494343757629,82.26509430469761,0.0,0.040280912071466446,0.5354330539703369
n1051,P02_n457,208.6669921875,0.3330078125,53,3,0.7603555917739868,78.91044749209236,0.0,4.924370841763448e-06,0.5590550899505615
n1056,P02_n458,209.0,0.3330078125,56,3,0.7411106824874878,80.95956706306549,0.0,-4.181181338935858e-06,0.5196850299835205
n1052,P00_n527,209.0,0.5,73,1,0.7411106824874878,80.95956706306549,0.0,0.017201991751790047,0.5590550899505615
n1053,P00_n528,209.0,0.5,77,1,0.7411106824874878,80.95956706306549,0.0,0.017201991751790047,0.5590550899505615
n1054,P00_n529,209.0,0.5,80,1,0.7411106824874878,80.95956706306549,0.0,0.017201991751790047,0.5590550899505615
n1055,P00_n530,209.0,0.5,85,1,0.7411106824874878,80.95956706306549,0.0,0.017201991751790047,0.5590550899505615
n1057,P02_n459,209.3330078125,0.333984375,60,3,0.7677266001701355,78.15282157307489,0.0,-0.03651655465364456,0.5826771855354309
n1058,P00_n531,209.5,0.5,76,1,0.7293494343757629,82.26509430469761,0.0,0.040280912071466446,0.5511810779571533
n1059,P00_n532,209.5,0.5,83,1,0.7293494343757629,82.26509430469761,0.0,0.040280912071466446,0.5511810779571533
n1060,P00_n533,209.5,0.5,88,1,0.7293494343757629,82.26509430469761,0.0,0.040280912071466446,0.5511810779571533
n1061,P02_n460,209.6669921875,0.3330078125,65,3,0.7603555917739868,78.91044749209236,0.0,4.924370841763448e-06,0.6377952694892883
n1065,P02_n461,210.0,0.3330078125,68,3,0.7411106824874878,80.95956706306549,0.0,-4.181181338935858e-06,0.5826771855354309
n1062,P00_n534,210.0,0.5,77,1,0.7411106824874878,80.95956706306549,0.0,0.017201991751790047,0.5669291615486145
n1063,P00_n535,210.0,0.5,80,1,0.7411106824874878,80.95956706306549,0.0,0.017201991751790047,0.5669291615486145
n1064,P00_n536,210.0,0.5,89,1,0.7411106824874878,80.95956706306549,0.0,0.017201991751790047,0.5669291615486145
n1066,P02_n462,210.3330078125,0.333984375,72,3,0.7677266001701355,78.15282157307489,0.0,-0.03651655465364456,0.6220472455024719
n1067,P00_n537,210.5,0.5,79,1,0.7293494343757629,82.26509430469761,0.0,0.040280912071466446,0.5669291615486145
n1068,P00_n538,210.5,0.5,83,1,0.7293494343757629,82.26509430469761,0.0,0.040280912071466446,0.5669291615486145
n1069,P00_n539,210.5,0.5,91,1,0.7293494343757629,82.26509430469761,0.0,0.040280912071466446,0.5669291615486145
n1070,P02_n463,210.6669921875,0.3330078125,77,3,0.7603555917739868,78.91044749209236,0.0,4.924370841763448e-06,0.6850393414497375
n1075,P02_n464,211.0,0.3330078125,38,3,0.7411106824874878,80.95956706306549,0.0,-4.181181338935858e-06,0.4881889820098877
n1071,P00_n540,211.0,0.5,80,1,0.7411106824874878,80.95956706306549,0.0,0.017201991751790047,0.5826771855354309
n1072,P00_n541,211.0,0.5,84,1,0.7411106824874878,80.95956706306549,0.0,0.017201991751790047,0.5826771855354309
n1073,P00_n542,211.0,0.5,89,1,0.7411106824874878,80.95956706306549,0.0,0.017201991751790047,0.5826771855354309
n1074,P00_n543,211.0,0.5,92,1,0.7411106824874878,80.95956706306549,0.0,0.017201991751790047,0.5826771855354309
n1076,P02_n465,211.3330078125,0.333984375,45,3,0.7677266001701355,78.15282157307489,0.0,-0.03651655465364456,0.5354330539703369
n1077,P00_n544,211.5,0.5,81,1,0.7293494343757629,82.26509430469761,0.0,0.040280912071466446,0.5826771855354309
n1078,P00_n545,211.5,0.5,84,1,0.7293494343757629,82.26509430469761,0.0,0.040280912071466446,0.5826771855354309
n1079,P00_n546,211.5,0.5,89,1,0.7293494343757629,82.26509430469761,0.0,0.040280912071466446,0.5826771855354309
n1080,P00_n547,211.5,0.5,93,1,0.7293494343757629,82.26509430469761,0.0,0.040280912071466446,0.5826771855354309
n1081,P02_n466,211.6669921875,0.3330078125,53,3,0.7603555917739868,78.91044749209236,0.0,4.924370841763448e-06,0.5984252095222473
n1085,P02_n467,212.0,0.3330078125,60,3,0.7507331371307373,79.92187507443305,0.0,5.159478746463719e-07,0.5826771855354309
n1082,P00_n548,212.0,0.5,84,1,0.7507331371307373,79.92187507443305,0.0,0.01086918544024229,0.5826771855354309
n1083,P00_n549,212.0,0.5,89,1,0.7507331371307373,79.92187507443305,0.0,0.01086918544024229,0.5826771855354309
n1084,P00_n550,212.0,0.5,96,1,0.7507331371307373,79.92187507443305,0.0,0.01086918544024229,0.5826771855354309
n1086,P02_n468,212.3330078125,0.333984375,62,3,0.7677266001701355,78.15282157307489,0.0,-0.01813807524740696,0.6456692814826965
n1087,P00_n551,212.5,0.5,83,1,0.7485380172729492,80.1562494027894,0.0,0.015093770809471607,0.5511810779571533
n1088,P00_n552,212.5,0.5,86,1,0.7485380172729492,80.1562494027894,0.0,0.015093770809471607,0.5511810779571533
n1089,P00_n553,212.5,0.5,89,1,0.7485380172729492,80.1562494027894,0.0,0.015093770809471607,0.5511810779571533
n1090,P00_n554,212.5,0.5,95,1,0.7485380172729492,80.1562494027894,0.0,0.015093770809471607,0.5511810779571533
n1091,P02_n469,212.6669921875,0.3330078125,65,3,0.7603555917739868,78.91044749209236,0.0,4.924370841763448e-06,0.7086614370346069
n1096,P02_n470,213.0,0.3330078125,67,3,0.7699779868125916,77.92430566538219,0.0,9.222596418112516e-06,0.5590550899505615
n1092,P00_n555,213.0,1.0,81,1,0.7699779868125916,77.92430566538219,0.0,-0.0014002918032929301,0.5354330539703369
n1093,P00_n556,213.0,1.0,86,1,0.7699779868125916,77.92430566538219,0.0,-0.0014002918032929301,0.5354330539703369
n1094,P00_n557,213.0,1.0,89,1,0.7699779868125916,77.92430566538219,0.0,-0.0014002918032929301,0.5354330539703369
n1095,P00_n558,213.0,1.0,93,1,0.7699779868125916,77.92430566538219,0.0,-0.0014002918032929301,0.5354330539703369
n1097,P02_n471,213.3330078125,0.333984375,69,3,0.7581323385238647,79.1418555193465,0.0,4.924370841763448e-06,0.6141732335090637
n1098,P02_n472,213.6669921875,0.3330078125,65,3,0.7796004414558411,76.96250131407677,0.0,1.3414705790637527e-05,0.6141732335090637
n1103,P02_n473,214.0,0.3330078125,64,3,0.7796462774276733,76.95797663263532,0.0,-7.137738430174068e-05,0.5354330539703369
n1099,P00_n559,214.0,0.5,79,1,0.7796462774276733,76.95797663263532,0.0,0.016221171244978905,0.4488188922405243
n1100,P00_n560,214.0,0.5,84,1,0.7796462774276733,76.95797663263532,0.0,0.016221171244978905,0.4488188922405243
n1101,P00_n561,214.0,0.5,88,1,0.7796462774276733,76.95797663263532,0.0,0.016221171244978905,0.4488188922405243
n1102,P00_n562,214.0,0.5,91,1,0.7796462774276733,76.95797663263532,0.0,0.016221171244978905,0.4488188922405243
n1104,P02_n474,214.3330078125,0.333984375,62,3,0.8061038255691528,74.43209931132229,0.0,-0.03473977372050285,0.5354330539703369
n1105,P00_n563,214.5,0.5,77,1,0.7677266001701355,78.15282157307489,0.0,0.03844821825623512,0.4645669162273407
n1106,P00_n564,214.5,0.5,84,1,0.7677266001701355,78.15282157307489,0.0,0.03844821825623512,0.4645669162273407
n1107,P00_n565,214.5,0.5,89,1,0.7677266001701355,78.15282157307489,0.0,0.03844821825623512,0.4645669162273407
n1108,P02_n475,214.6669921875,0.3330078125,60,3,0.7988452911376953,75.10841043395213,0.0,2.1657537217834033e-05,0.5511810779571533
n1112,P02_n476,215.0,0.3330078125,57,3,0.8084677457809448,74.21446348739936,0.0,2.5551928047207184e-05,0.3937007784843445
n1109,P00_n566,215.0,0.5,74,1,0.8084677457809448,74.21446348739936,0.0,-0.0013840183382853866,0.4330708682537079
n1110,P00_n567,215.0,0.5,79,1,0.8084677457809448,74.21446348739936,0.0,-0.0013840183382853866,0.4330708682537079
n1111,P00_n568,215.0,0.5,86,1,0.8084677457809448,74.21446348739936,0.0,-0.0013840183382853866,0.4330708682537079
n1113,P02_n477,215.3330078125,0.333984375,55,3,0.8061951994895935,74.4236631996647,0.0,-0.00013797258725389838,0.4094488322734833
n1114,P00_n569,215.5,0.5,72,1,0.8061038255691528,74.43209931132229,0.0,0.025560688227415085,0.4094488322734833
n1115,P00_n570,215.5,0.5,77,1,0.8061038255691528,74.43209931132229,0.0,0.025560688227415085,0.4094488322734833
n1116,P00_n571,215.5,0.5,84,1,0.8061038255691528,74.43209931132229,0.0,0.025560688227415085,0.4094488322734833
n1117,P02_n478,215.6669921875,0.3330078125,53,3,0.8277125954627991,72.48892952565521,0.0,3.3225020160898566e-05,0.4251968562602997
n1122,P02_n479,216.0,0.3330078125,55,3,0.8181359767913818,73.33744231039913,0.0,-5.1290367991896346e-05,0.3779527544975281
n1118,P00_n572,216.0,0.5,69,1,0.8181359767913818,73.33744231039913,0.0,0.015412859618663788,0.3700787425041199
n1119,P00_n573,216.0,0.5,72,1,0.8181359767913818,73.33744231039913,0.0,0.015412859618663788,0.3700787425041199
n1120,P00_n574,216.0,0.5,76,1,0.8181359767913818,73.33744231039913,0.0,0.015412859618663788,0.3700787425041199
n1121,P00_n575,216.0,0.5,81,1,0.8181359767913818,73.33744231039913,0.0,0.015412859618663788,0.3700787425041199
n1123,P02_n480,216.3330078125,0.333984375,53,3,0.8444809913635254,71.04955660768886,0.0,4.0396935219177976e-05,0.4094488322734833
n1124,P00_n576,216.5,0.5,67,1,0.8444809913635254,71.04955660768886,0.0,0.013743750751018524,0.3385826647281647
n1125,P00_n577,216.5,0.5,71,1,0.8444809913635254,71.04955660768886,0.0,0.013743750751018524,0.3385826647281647
n1126,P00_n578,216.5,0.5,74,1,0.8444809913635254,71.04955660768886,0.0,0.013743750751018524,0.3385826647281647
n1127,P00_n579,216.5,0.5,77,1,0.8444809913635254,71.04955660768886,0.0,0.013743750751018524,0.3385826647281647
n1128,P02_n481,216.6669921875,0.3330078125,43,3,0.8566257357597351,70.04225707366408,0.0,-3.315940921311267e-05,0.3937007784843445
n1133,P02_n482,217.0,0.3330078125,36,3,0.7603555917739868,78.91044749209236,0.0,4.924370841763448e-06,0.26771652698516846
n1129,P00_n580,217.0,1.5,64,1,0.7603555917739868,78.91044749209236,0.0,0.008705372922122478,0.4330708682537079
n1130,P00_n581,217.0,1.5,67,1,0.7603555917739868,78.91044749209236,0.0,0.008705372922122478,0.4330708682537079
n1131,P00_n582,217.0,1.5,72,1,0.7603555917739868,78.91044749209236,0.0,0.008705372922122478,0.4330708682537079
n1132,P00_n583,217.0,1.5,76,1,0.7603555917739868,78.91044749209236,0.0,0.008705372922122478,0.4330708682537079
n1134,P02_n483,217.3330078125,0.333984375,43,3,0.7581323385238647,79.1418555193465,0.0,4.924370841763448e-06,0.32283464074134827
n1135,P02_n484,217.6669921875,0.3330078125,48,3,0.7796004414558411,76.96250131407677,0.0,1.3414705790637527e-05,0.35433071851730347
n1136,P02_n485,218.0,0.3330078125,60,3,0.7603555917739868,78.91044749209236,0.0,4.924370841763448e-06,0.3779527544975281
n1137,P02_n486,218.3330078125,0.333984375,62,3,0.7677266001701355,78.15282157307489,0.0,-0.01813807524740696,0.4173228442668915
n1138,P00_n584,218.5,0.5,84,1,0.7485380172729492,80.1562494027894,0.0,0.015093770809471607,0.4409448802471161
n1139,P02_n487,218.6669921875,0.3330078125,64,3,0.7603555917739868,78.91044749209236,0.0,4.924370841763448e-06,0.4488188922405243
n1141,P02_n488,219.0,1.0,56,3,0.7628173828125,78.6557849255881,0.0,-0.0060681854374706745,0.5196850299835205
n1142,P02_n489,219.0,1.0,65,3,0.7628173828125,78.6557849255881,0.0,-0.0060681854374706745,0.5196850299835205
n1140,P00_n585,219.0,0.5,72,1,0.7628173828125,78.6557849255881,0.0,6.312787263595965e-06,0.3858267664909363
n1143,P00_n586,219.5,0.5,74,1,0.75640869140625,79.32219801500847,0.0,3.4105064514733385e-06,0.4251968562602997
n1147,P02_n490,220.0,0.3330078125,36,3,0.7603555917739868,78.91044749209236,0.0,4.924370841763448e-06,0.29133859276771545
n1144,P00_n587,220.0,1.3330078125,64,1,0.7603555917739868,78.91044749209236,0.0,-0.01021235715597868,0.4566929042339325
n1145,P00_n588,220.0,1.0,67,1,0.7603555917739868,78.91044749209236,0.0,0.40447288751602173,0.4566929042339325
n1146,P00_n589,220.0,1.3330078125,76,1,0.7603555917739868,78.91044749209236,0.0,-0.01021235715597868,0.4566929042339325
n1148,P02_n491,220.3330078125,0.333984375,43,3,0.7485380172729492,80.1562494027894,0.0,5.159478746463719e-07,0.33070865273475647
n1149,P02_n492,220.6669921875,0.3330078125,48,3,0.7603555917739868,78.91044749209236,0.0,4.924370841763448e-06,0.36220473051071167
n1152,P02_n493,221.0,0.5,60,3,0.7507331371307373,79.92187507443305,0.0,0.01086918544024229,0.4409448802471161
n1153,P00_n590,221.3330078125,0.333984375,79,1,0.7677266001701355,78.15282157307489,0.0,-0.01813807524740696,0.4881889820098877
n1154,P02_n494,221.5,0.5,64,3,0.7485380172729492,80.1562494027894,0.0,0.0028154742904007435,0.4409448802471161
n1155,P00_n591,221.6669921875,0.3330078125,81,1,0.7507331371307373,79.92187507443305,0.0,5.159478746463719e-07,0.5039370059967041
n1157,P02_n495,222.0,1.0,56,3,0.75640869140625,79.32219801500847,0.0,-0.006122675724327564,0.5354330539703369
n1158,P02_n496,222.0,1.0,65,3,0.75640869140625,79.32219801500847,0.0,-0.006122675724327564,0.5354330539703369
n1156,P00_n592,222.0,0.5,72,1,0.75640869140625,79.32219801500847,0.0,3.4105064514733385e-06,0.4409448802471161
n1159,P00_n593,222.5,0.5,74,1,0.75,80.0,0.0,4.586203203871264e-07,0.4409448802471161
n1161,P02_n497,223.0,0.3330078125,36,3,0.7507331371307373,79.92187507443305,0.0,5.159478746463719e-07,0.29133859276771545
n1160,P00_n594,223.0,1.5,75,1,0.7507331371307373,79.92187507443305,0.0,-0.0014091116609051824,0.4566929042339325
n1162,P02_n498,223.3330078125,0.333984375,43,3,0.7389436960220337,81.19698472698106,0.0,-4.181181338935858e-06,0.33070865273475647
n1163,P02_n499,223.6669921875,0.3330078125,48,3,0.7603555917739868,78.91044749209236,0.0,4.924370841763448e-06,0.36220473051071167
n1164,P02_n500,224.0,0.3330078125,60,3,0.7507331371307373,79.92187507443305,0.0,5.159478746463719e-07,0.3779527544975281
n1165,P02_n501,224.3330078125,0.333984375,62,3,0.7485380172729492,80.1562494027894,0.0,5.159478746463719e-07,0.4173228442668915
n1166,P00_n595,224.5,0.5,79,1,0.7485380172729492,80.1562494027894,0.0,0.0028154742904007435,0.4330708682537079
n1167,P02_n502,224.6669921875,0.3330078125,63,3,0.7507331371307373,79.92187507443305,0.0,5.159478746463719e-07,0.4645669162273407
n1169,P02_n503,225.0,0.3330078125,56,3,0.7507331371307373,79.92187507443305,0.0,5.159478746463719e-07,0.4094488322734833
n1170,P02_n504,225.0,0.3330078125,65,3,0.7507331371307373,79.92187507443305,0.0,5.159478746463719e-07,0.4094488322734833
n1168,P00_n596,225.0,0.5,72,1,0.7507331371307373,79.92187507443305,0.0,-0.0014091116609051824,0.4094488322734833
n1171,P02_n505,225.3330078125,0.333984375,53,3,0.7485380172729492,80.1562494027894,0.0,-0.01861528493463993,0.3385826647281647
n1172,P00_n597,225.5,0.5,74,1,0.7293494343757629,82.26509430469761,0.0,0.040280912071466446,0.4330708682537079
n1173,P02_n506,225.6669921875,0.3330078125,44,3,0.7603555917739868,78.91044749209236,0.0,4.924370841763448e-06,0.3385826647281647
n1175,P02_n507,226.0,0.3330078125,36,3,0.7507331371307373,79.92187507443305,0.0,5.159478746463719e-07,0.26771652698516846
n1174,P00_n598,226.0,1.5,75,1,0.7507331371307373,79.92187507443305,0.0,0.027079444378614426,0.4803149700164795
n1176,P02_n508,226.3330078125,0.333984375,43,3,0.7581779956817627,79.13708963031469,0.0,-8.201377204386517e-05,0.33070865273475647
n1177,P02_n509,226.6669921875,0.3330078125,48,3,0.7699779868125916,77.92430566538219,0.0,9.222596418112516e-06,0.36220473051071167
n1178,P02_n510,227.0,0.3330078125,60,3,0.7699779868125916,77.92430566538219,0.0,9.222596418112516e-06,0.3779527544975281
n1179,P02_n511,227.3330078125,0.333984375,62,3,0.7869151830673218,76.24709916782342,0.0,-0.01768445037305355,0.4173228442668915
n1180,P00_n599,227.5,0.5,79,1,0.7677266001701355,78.15282157307489,0.0,0.03844821825623512,0.4173228442668915
n1181,P02_n512,227.6669921875,0.3330078125,63,3,0.7988452911376953,75.10841043395213,0.0,2.1657537217834033e-05,0.4645669162273407
n1183,P02_n513,228.0,0.3330078125,56,3,0.8085135817527771,74.21025614675014,0.0,-5.621264790534042e-05,0.4094488322734833
n1184,P02_n514,228.0,0.3330078125,65,3,0.8085135817527771,74.21025614675014,0.0,-5.621264790534042e-05,0.4094488322734833
n1182,P00_n600,228.0,0.6669921875,77,1,0.8085135817527771,74.21025614675014,0.0,0.014903574250638485,0.4488188922405243
n1185,P02_n515,228.3330078125,0.333984375,53,3,0.8204952478408813,73.12656612928464,0.0,-0.00843017641454935,0.3385826647281647
n1187,P02_n516,228.6669921875,0.3330078125,44,3,0.8517686724662781,70.44166091043391,0.0016021728515625,0.00817014928907156,0.31496062874794006
n1186,P00_n601,228.6669921875,0.3330078125,64,1,0.8517686724662781,70.44166091043391,-0.0016021728515625,-0.00813177041709423,0.29921260476112366
n1190,P02_n517,229.0,0.3330078125,45,3,0.7603555917739868,78.91044749209236,0.0,4.924370841763448e-06,0.30708661675453186
n1188,P00_n602,229.0,1.0,64,1,0.7603555917739868,78.91044749209236,0.0,0.004669795744121075,0.4645669162273407
n1189,P00_n603,229.0,1.0,76,1,0.7603555917739868,78.91044749209236,0.0,0.004669795744121075,0.4645669162273407
n1191,P02_n518,229.3330078125,0.333984375,52,3,0.7581779956817627,79.13708963031469,0.0,-8.201377204386517e-05,0.36220473051071167
n1192,P02_n519,229.6669921875,0.3330078125,57,3,0.7699779868125916,77.92430566538219,0.0,9.222596418112516e-06,0.4015747904777527
n1195,P02_n520,230.0,0.3330078125,64,3,0.7603555917739868,78.91044749209236,0.0,4.924370841763448e-06,0.3937007784843445
n1193,P00_n604,230.0,0.5,69,1,0.7603555917739868,78.91044749209236,0.0,0.004669795744121075,0.4330708682537079
n1194,P00_n605,230.0,0.5,81,1,0.7603555917739868,78.91044749209236,0.0,0.004669795744121075,0.4330708682537079
n1196,P02_n521,230.3330078125,0.333984375,57,3,0.7677266001701355,78.15282157307489,0.0,-0.01813807524740696,0.36220473051071167
n1197,P00_n606,230.5,0.5,67,1,0.7485380172729492,80.1562494027894,0.0,0.02726845256984234,0.4724409580230713
n1198,P00_n607,230.5,0.5,79,1,0.7485380172729492,80.1562494027894,0.0,0.02726845256984234,0.4724409580230713
n1199,P02_n522,230.6669921875,0.666015625,52,3,0.7699779868125916,77.92430566538219,0.0,-0.00903589278459549,0.36220473051071167
n1200,P00_n608,231.0,1.0,69,1,0.7603555917739868,78.91044749209236,0.0,-0.0014047024305909872,0.5196850299835205
n1201,P00_n609,231.0,1.0,81,1,0.7603555917739868,78.91044749209236,0.0,-0.0014047024305909872,0.5196850299835205
n1203,P02_n523,231.3330078125,0.333984375,52,3,0.7485380172729492,80.1562494027894,0.0,5.159478746463719e-07,0.34645670652389526
n1204,P02_n524,231.6669921875,0.3330078125,45,3,0.7699779868125916,77.92430566538219,0.0,9.222596418112516e-06,0.32283464074134827
n1207,P02_n525,232.0,0.3330078125,52,3,0.7507331371307373,79.92187507443305,0.0,5.159478746463719e-07,0.33070865273475647
n1205,P00_n610,232.0,0.5,67,1,0.7507331371307373,79.92187507443305,0.0,0.01086918544024229,0.4409448802471161
n1206,P00_n611,232.0,0.5,79,1,0.7507331371307373,79.92187507443305,0.0,0.01086918544024229,0.4409448802471161
n1208,P02_n526,232.3330078125,0.333984375,57,3,0.7677266001701355,78.15282157307489,0.0,-0.01813807524740696,0.3858267664909363
n1209,P00_n612,232.5,0.5,67,1,0.7485380172729492,80.1562494027894,0.0,0.015093770809471607,0.4724409580230713
n1210,P00_n613,232.5,0.5,81,1,0.7485380172729492,80.1562494027894,0.0,0.015093770809471607,0.4724409580230713
n1211,P02_n527,232.6669921875,0.666015625,64,3,0.7603555917739868,78.91044749209236,0.0,-0.009155049920082092,0.4409448802471161
n1212,P00_n614,233.0,1.0,67,1,0.7507331371307373,79.92187507443305,0.0,0.004743098746985197,0.4173228442668915
n1213,P00_n615,233.0,1.0,76,1,0.7507331371307373,79.92187507443305,0.0,0.004743098746985197,0.4173228442668915
n1215,P02_n528,233.3330078125,0.333984375,57,3,0.7485380172729492,80.1562494027894,0.0,5.159478746463719e-07,0.36220473051071167
n1216,P02_n529,233.6669921875,0.666015625,52,3,0.7555443644523621,79.41294095084614,0.0,2.7341970962879714e-06,0.36220473051071167
n1218,P02_n530,234.3330078125,0.333984375,52,3,0.7485380172729492,80.1562494027894,0.0,5.159478746463719e-07,0.34645670652389526
n1219,P02_n531,234.6669921875,0.3330078125,45,3,0.7507331371307373,79.92187507443305,0.0,5.159478746463719e-07,0.3385826647281647
n1223,P02_n532,235.0,0.3330078125,43,3,0.7507331371307373,79.92187507443305,0.0,5.159478746463719e-07,0.29133859276771545
n1220,P00_n616,235.0,1.0,64,1,0.7507331371307373,79.92187507443305,0.0,0.004743098746985197,0.4409448802471161
n1221,P00_n617,235.0,1.0,67,1,0.7507331371307373,79.92187507443305,0.0,0.004743098746985197,0.4409448802471161
n1222,P00_n618,235.0,1.0,76,1,0.7507331371307373,79.92187507443305,0.0,0.004743098746985197,0.4409448802471161
n1224,P02_n533,235.3330078125,0.333984375,48,3,0.7485380172729492,80.1562494027894,0.0,5.159478746463719e-07,0.3385826647281647
n1225,P02_n534,235.6669921875,0.3330078125,55,3,0.7603555917739868,78.91044749209236,0.0,4.924370841763448e-06,0.3937007784843445
n1229,P02_n535,236.0,0.3330078125,60,3,0.7411106824874878,80.95956706306549,0.0,-4.181181338935858e-06,0.3779527544975281
n1226,P00_n619,236.0,0.5,69,1,0.7411106824874878,80.95956706306549,0.0,0.017201991751790047,0.4251968562602997
n1227,P00_n620,236.0,0.5,72,1,0.7411106824874878,80.95956706306549,0.0,0.017201991751790047,0.4251968562602997
n1228,P00_n621,236.0,0.5,81,1,0.7411106824874878,80.95956706306549,0.0,0.017201991751790047,0.4251968562602997
n1230,P02_n536,236.3330078125,0.333984375,55,3,0.7677266001701355,78.15282157307489,0.0,-0.03651655465364456,0.36220473051071167
n1231,P00_n622,236.5,0.5,67,1,0.7293494343757629,82.26509430469761,0.0,0.040280912071466446,0.4488188922405243
n1232,P00_n623,236.5,0.5,71,1,0.7293494343757629,82.26509430469761,0.0,0.040280912071466446,0.4488188922405243
n1233,P00_n624,236.5,0.5,79,1,0.7293494343757629,82.26509430469761,0.0,0.040280912071466446,0.4488188922405243
n1234,P02_n537,236.6669921875,0.666015625,48,3,0.7603555917739868,78.91044749209236,0.0,-0.018373554572463036,0.32283464074134827
n1235,P00_n625,237.0,1.0,69,1,0.7411106824874878,80.95956706306549,0.0,0.017201991751790047,0.4960629940032959
n1236,P00_n626,237.0,1.0,72,1,0.7411106824874878,80.95956706306549,0.0,0.017201991751790047,0.4960629940032959
n1237,P00_n627,237.0,1.0,81,1,0.7411106824874878,80.95956706306549,0.0,0.017201991751790047,0.4960629940032959
n1239,P02_n538,237.3330078125,0.333984375,48,3,0.7485380172729492,80.1562494027894,0.0,5.159478746463719e-07,0.33070865273475647
n1240,P02_n539,237.6669921875,0.3330078125,43,3,0.7603555917739868,78.91044749209236,0.0,4.924370841763448e-06,0.3385826647281647
n1244,P02_n540,238.0,0.3330078125,52,3,0.7507331371307373,79.92187507443305,0.0,5.159478746463719e-07,0.34645670652389526
n1241,P00_n628,238.0,0.5,67,1,0.7507331371307373,79.92187507443305,0.0,-0.0014091116609051824,0.4094488322734833
n1242,P00_n629,238.0,0.5,72,1,0.7507331371307373,79.92187507443305,0.0,-0.0014091116609051824,0.4094488322734833
n1243,P00_n630,238.0,0.5,79,1,0.7507331371307373,79.92187507443305,0.0,-0.0014091116609051824,0.4094488322734833
n1245,P02_n541,238.3330078125,0.333984375,55,3,0.7485380172729492,80.1562494027894,0.0,5.159478746463719e-07,0.4094488322734833
n1246,P00_n631,238.5,0.5,67,1,0.7485380172729492,80.1562494027894,0.0,0.02726845256984234,0.4409448802471161
n1247,P00_n632,238.5,0.5,81,1,0.7485380172729492,80.1562494027894,0.0,0.02726845256984234,0.4409448802471161
n1248,P02_n542,238.6669921875,0.666015625,64,3,0.7699779868125916,77.92430566538219,0.0,9.222596418112516e-06,0.4566929042339325
n1249,P00_n633,239.0,1.0,67,1,0.7700238227844238,77.91966719034565,0.0,0.02826111949980259,0.3779527544975281
n1250,P00_n634,239.0,1.0,72,1,0.7700238227844238,77.91966719034565,0.0,0.02826111949980259,0.3779527544975281
n1251,P00_n635,239.0,1.0,76,1,0.7700238227844238,77.91966719034565,0.0,0.02826111949980259,0.3779527544975281
n1253,P02_n543,239.3330078125,0.333984375,55,3,0.7869151830673218,76.24709916782342,0.0,1.7668173313722946e-05,0.36220473051071167
n1254,P02_n544,239.6669921875,0.666015625,52,3,0.7988452911376953,75.10841043395213,0.0,2.1657537217834033e-05,0.3779527544975281
n1256,P02_n545,240.3330078125,0.333984375,52,3,0.8253380656242371,72.69748300609344,0.0,-4.663852814701386e-05,0.35433071851730347
n1257,P02_n546,240.6669921875,0.3330078125,43,3,0.8469575047492981,70.84180689532963,0.0,4.0396935219177976e-05,0.31496062874794006
n1260,P02_n547,241.0,0.3330078125,41,3,0.7699779868125916,77.92430566538219,0.0,9.222596418112516e-06,0.28346458077430725
n1258,P00_n636,241.0,1.0,64,1,0.7699779868125916,77.92430566538219,0.0,-0.007424175273627043,0.4015747904777527
n1259,P00_n637,241.0,1.0,76,1,0.7699779868125916,77.92430566538219,0.0,-0.007424175273627043,0.4015747904777527
n1261,P02_n548,241.3330078125,0.333984375,48,3,0.7581323385238647,79.1418555193465,0.0,4.924370841763448e-06,0.34645670652389526
n1262,P02_n549,241.6669921875,0.3330078125,53,3,0.7700238227844238,77.91966719034565,0.0,-7.662911229999736e-05,0.3858267664909363
n1265,P02_n550,242.0,0.3330078125,60,3,0.7603555917739868,78.91044749209236,0.0,4.924370841763448e-06,0.3858267664909363
n1263,P00_n638,242.0,0.5,69,1,0.7603555917739868,78.91044749209236,0.0,-0.007504885550588369,0.4094488322734833
n1264,P00_n639,242.0,0.5,81,1,0.7603555917739868,78.91044749209236,0.0,-0.007504885550588369,0.4094488322734833
n1266,P02_n551,242.3330078125,0.333984375,53,3,0.7485380172729492,80.1562494027894,0.0,0.01837899535894394,0.34645670652389526
n1267,P00_n640,242.5,0.5,67,1,0.7677266001701355,78.15282157307489,0.0,-0.00924861803650856,0.4330708682537079
n1268,P00_n641,242.5,0.5,79,1,0.7677266001701355,78.15282157307489,0.0,-0.00924861803650856,0.4330708682537079
n1269,P02_n552,242.6669921875,0.3330078125,48,3,0.7603555917739868,78.91044749209236,0.0,4.924370841763448e-06,0.35433071851730347
n1270,P00_n642,243.0,2.0,74,1,0.7507331371307373,79.92187507443305,0.0,0.0078093367628753185,0.4251968562602997
n1271,P00_n643,243.0,2.0,77,1,0.7507331371307373,79.92187507443305,0.0,0.0078093367628753185,0.4251968562602997
n1272,P02_n553,243.3330078125,0.333984375,48,3,0.7581323385238647,79.1418555193465,0.0,4.924370841763448e-06,0.29133859276771545
n1273,P02_n554,243.6669921875,0.3330078125,41,3,0.7603555917739868,78.91044749209236,0.0,4.924370841763448e-06,0.31496062874794006
n1276,P02_n555,244.0,0.3330078125,45,3,0.7507331371307373,79.92187507443305,0.0,5.159478746463719e-07,0.29921260476112366
n1277,P02_n556,244.3330078125,0.333984375,52,3,0.7485380172729492,80.1562494027894,0.0,5.159478746463719e-07,0.3700787425041199
n1278,P02_n557,244.6669921875,0.3330078125,62,3,0.7603555917739868,78.91044749209236,0.0,4.924370841763448e-06,0.4645669162273407
n1281,P02_n558,245.0,0.3330078125,64,3,0.7507331371307373,79.92187507443305,0.0,5.159478746463719e-07,0.4094488322734833
n1279,P00_n644,245.0,1.0,68,1,0.7507331371307373,79.92187507443305,0.0,-0.0014091116609051824,0.4330708682537079
n1280,P00_n645,245.0,1.0,76,1,0.7507331371307373,79.92187507443305,0.0,-0.0014091116609051824,0.4330708682537079
n1282,P02_n559,245.3330078125,0.333984375,56,3,0.7485380172729492,80.1562494027894,0.0,5.159478746463719e-07,0.3700787425041199
n1283,P02_n560,245.6669921875,0.666015625,47,3,0.7507331371307373,79.92187507443305,0.0,5.159478746463719e-07,0.32283464074134827
n1284,P00_n646,246.0,0.3330078125,65,1,0.7507331371307373,79.92187507443305,0.0,5.159478746463719e-07,0.3937007784843445
n1285,P00_n647,246.0,0.3330078125,74,1,0.7507331371307373,79.92187507443305,0.0,5.159478746463719e-07,0.3937007784843445
n1289,P02_n561,246.3330078125,0.333984375,52,3,0.7485380172729492,80.1562494027894,0.0,5.159478746463719e-07,0.35433071851730347
n1287,P00_n648,246.3330078125,0.333984375,64,1,0.7485380172729492,80.1562494027894,0.0,5.159478746463719e-07,0.4173228442668915
n1288,P00_n649,246.3330078125,0.333984375,72,1,0.7485380172729492,80.1562494027894,0.0,5.159478746463719e-07,0.4173228442668915
n1292,P02_n562,246.6669921875,0.3330078125,44,3,0.7507331371307373,79.92187507443305,0.0,5.159478746463719e-07,0.33070865273475647
n1290,P00_n650,246.6669921875,0.3330078125,62,1,0.7507331371307373,79.92187507443305,0.0,5.159478746463719e-07,0.3937007784843445
n1291,P00_n651,246.6669921875,0.3330078125,71,1,0.7507331371307373,79.92187507443305,0.0,5.159478746463719e-07,0.3937007784843445
n1295,P02_n563,247.0,0.3330078125,45,3,0.7507331371307373,79.92187507443305,0.0,5.159478746463719e-07,0.30708661675453186
n1293,P00_n652,247.0,1.0,64,1,0.7507331371307373,79.92187507443305,0.0,0.004743098746985197,0.4251968562602997
n1294,P00_n653,247.0,1.0,72,1,0.7507331371307373,79.92187507443305,0.0,0.004743098746985197,0.4251968562602997
n1296,P02_n564,247.3330078125,0.333984375,52,3,0.7485380172729492,80.1562494027894,0.0,5.159478746463719e-07,0.36220473051071167
n1297,P02_n565,247.6669921875,0.3330078125,57,3,0.7603555917739868,78.91044749209236,0.0,4.924370841763448e-06,0.4173228442668915
n1298,P00_n654,248.0,0.5,62,1,0.7507331371307373,79.92187507443305,0.0,0.01086918544024229,0.34645670652389526
n1300,P02_n566,248.0,0.3330078125,64,3,0.7507331371307373,79.92187507443305,0.0,5.159478746463719e-07,0.4094488322734833
n1299,P00_n655,248.0,0.5,71,1,0.7507331371307373,79.92187507443305,0.0,0.01086918544024229,0.34645670652389526
n1301,P02_n567,248.3330078125,0.333984375,57,3,0.7677266001701355,78.15282157307489,0.0,9.222596418112516e-06,0.3700787425041199
n1302,P00_n656,248.5,0.5,64,1,0.7677266001701355,78.15282157307489,0.0,0.014796903356909752,0.36220473051071167
n1303,P00_n657,248.5,0.5,72,1,0.7677266001701355,78.15282157307489,0.0,0.014796903356909752,0.36220473051071167
n1304,P02_n568,248.6669921875,0.666015625,52,3,0.7796004414558411,76.96250131407677,0.0,0.017715534195303917,0.3700787425041199
n1305,P00_n658,249.0,1.5,60,1,0.7988452911376953,75.10841043395213,0.0,0.0005421091918833554,0.35433071851730347
n1306,P00_n659,249.0,1.5,69,1,0.7988452911376953,75.10841043395213,0.0,0.0005421091918833554,0.35433071851730347
n1308,P02_n569,249.3330078125,0.333984375,52,3,0.8061494827270508,74.42788376794758,0.0,-5.621264790534042e-05,0.35433071851730347
n1309,P02_n570,249.6669921875,0.3330078125,45,3,0.8469575047492981,70.84180689532963,0.0,4.0396935219177976e-05,0.33070865273475647
n1312,P02_n571,250.0,0.3330078125,45,3,0.7603555917739868,78.91044749209236,0.0,4.924370841763448e-06,0.30708661675453186
n1313,P02_n572,250.3330078125,0.333984375,52,3,0.7677266001701355,78.15282157307489,0.0,9.222596418112516e-06,0.36220473051071167
n1314,P00_n660,250.5,1.0,62,1,0.7677266001701355,78.15282157307489,0.0,-0.0031995894387364388,0.4724409580230713
n1315,P02_n573,250.6669921875,0.3330078125,57,3,0.7604013681411743,78.90569706189764,0.0,-8.201377204386517e-05,0.4173228442668915
n1316,P02_n574,251.0,0.3330078125,59,3,0.7699779868125916,77.92430566538219,0.0,9.222596418112516e-06,0.3779527544975281
n1317,P02_n575,251.3330078125,0.333984375,56,3,0.7677266001701355,78.15282157307489,0.0,-0.01813807524740696,0.3779527544975281
n1318,P00_n661,251.5,0.5,64,1,0.7485380172729492,80.1562494027894,0.0,0.015093770809471607,0.3858267664909363
n1319,P02_n576,251.6669921875,0.666015625,47,3,0.7603555917739868,78.91044749209236,0.0,4.924370841763448e-06,0.32283464074134827
n1320,P00_n662,252.0,2.0,65,1,0.7603555917739868,78.91044749209236,0.0,-0.0044515132904052734,0.4094488322734833
n1322,P02_n577,252.3330078125,0.333984375,52,3,0.7485380172729492,80.1562494027894,0.0,5.159478746463719e-07,0.35433071851730347
n1323,P02_n578,252.6669921875,0.3330078125,44,3,0.7699779868125916,77.92430566538219,0.0,9.222596418112516e-06,0.33070865273475647
n1325,P02_n579,253.0,0.3330078125,45,3,0.7507331371307373,79.92187507443305,0.0,5.159478746463719e-07,0.30708661675453186
n1326,P02_n580,253.3330078125,0.333984375,50,3,0.7581323385238647,79.1418555193465,0.0,4.924370841763448e-06,0.35433071851730347
n1327,P02_n581,253.6669921875,0.666015625,57,3,0.7603555917739868,78.91044749209236,0.0,-0.009155049920082092,0.4015747904777527
n1328,P00_n663,254.0,0.5,64,1,0.7507331371307373,79.92187507443305,0.0,-0.0014091116609051824,0.3858267664909363
n1330,P02_n582,254.3330078125,0.333984375,53,3,0.7485380172729492,80.1562494027894,0.0,5.159478746463719e-07,0.35433071851730347
n1331,P00_n664,254.5,1.0,62,1,0.7485380172729492,80.1562494027894,0.0,0.008967684581875801,0.4409448802471161
n1332,P02_n583,254.6669921875,0.3330078125,48,3,0.7603555917739868,78.91044749209236,0.0,4.924370841763448e-06,0.35433071851730347
n1333,P02_n584,255.0,0.3330078125,50,3,0.7507331371307373,79.92187507443305,0.0,5.159478746463719e-07,0.33070865273475647
n1334,P02_n585,255.3330078125,0.333984375,53,3,0.7485380172729492,80.1562494027894,0.0,5.159478746463719e-07,0.36220473051071167
n1335,P00_n665,255.5,1.0,60,1,0.7485380172729492,80.1562494027894,0.0,0.008967684581875801,0.3779527544975281
n1336,P02_n586,255.6669921875,0.3330078125,45,3,0.7507331371307373,79.92187507443305,0.0,5.159478746463719e-07,0.34645670652389526
n1338,P02_n587,256.0,0.3330078125,33,3,0.7507331371307373,79.92187507443305,0.0,5.159478746463719e-07,0.26771652698516846
n1339,P02_n588,256.3330078125,0.333984375,45,3,0.7677266001701355,78.15282157307489,0.0,-0.03651655465364456,0.34645670652389526
n1340,P00_n666,256.5,1.5,58,1,0.7293494343757629,82.26509430469761,0.0,0.040280912071466446,0.4409448802471161
n1341,P02_n589,256.6669921875,0.3330078125,50,3,0.7603555917739868,78.91044749209236,0.0,4.924370841763448e-06,0.3779527544975281
n1343,P02_n590,257.0,0.3330078125,53,3,0.7411106824874878,80.95956706306549,0.0,-4.181181338935858e-06,0.35433071851730347
n1344,P02_n591,257.3330078125,0.333984375,50,3,0.7485380172729492,80.1562494027894,0.0,5.159478746463719e-07,0.34645670652389526
n1345,P02_n592,257.6669921875,0.666015625,46,3,0.7603555917739868,78.91044749209236,0.0,-0.018373554572463036,0.35433071851730347
n1346,P00_n667,258.0,0.5,62,1,0.7411106824874878,80.95956706306549,0.0,0.017201991751790047,0.4015747904777527
n1348,P02_n593,258.3330078125,0.333984375,53,3,0.7677266001701355,78.15282157307489,0.0,-0.03651655465364456,0.3700787425041199
n1349,P00_n668,258.5,1.5,60,1,0.7293494343757629,82.26509430469761,0.0,0.04847804084420204,0.3937007784843445
n1350,P02_n594,258.6669921875,0.3330078125,45,3,0.7603555917739868,78.91044749209236,0.0,4.924370841763448e-06,0.34645670652389526
n1352,P02_n595,259.0,0.3330078125,33,3,0.7507331371307373,79.92187507443305,0.0,5.159478746463719e-07,0.26771652698516846
n1353,P02_n596,259.3330078125,0.333984375,40,3,0.7485380172729492,80.1562494027894,0.0,5.159478746463719e-07,0.32283464074134827
n1354,P02_n597,259.6669921875,0.3330078125,45,3,0.7699779868125916,77.92430566538219,0.0,9.222596418112516e-06,0.35433071851730347
n1356,P02_n598,260.0,0.3330078125,48,3,0.7699779868125916,77.92430566538219,0.0,9.222596418112516e-06,0.33070865273475647
n1355,P00_n669,260.0,2.0,57,1,0.7699779868125916,77.92430566538219,0.0,0.301162451505661,0.35433071851730347
n1357,P02_n599,260.3330078125,0.333984375,52,3,0.777366578578949,77.18366296333697,0.0,-7.137738430174068e-05,0.3858267664909363
n1358,P02_n600,260.6669921875,0.3330078125,57,3,0.7988452911376953,75.10841043395213,0.0,2.1657537217834033e-05,0.4409448802471161
n1359,P02_n601,261.0,0.3330078125,60,3,0.8565798997879028,70.0460050660266,0.0,4.4012755097355694e-05,0.4015747904777527
n1360,P02_n602,261.3330078125,0.333984375,64,3,1.0172697305679321,58.981406992718206,0.0,-3.6067220207769424e-05,0.4566929042339325
n1361,P02_n603,261.6669921875,0.3330078125,69,3,1.4725990295410156,40.74428870070693,0.0,-6.4881132857408375e-06,0.5118110179901123
n1362,P02_n604,262.0,3.0,60,3,0.8632481098175049,69.50493064234372,0.0,0.0,0.4330708682537079
n1363,P02_n605,262.0,3.0,64,3,0.8632481098175049,69.50493064234372,0.0,0.0,0.4330708682537079
n1364,P02_n606,262.0,3.0,69,3,0.8632481098175049,69.50493064234372,0.0,0.0,0.4330708682537079
