score_id,performance_id,onset_beat,duration_beat,pitch,voice,beat_period,tempo_bpm,timing,articulation_log,velocity_norm
n1,P01_n0,0.0,3.0,57,3,0.6666669845581055,89.99995708467623,0.0,0.0,0.34645670652389526
n2,P01_n1,0.0,3.0,60,3,0.6666669845581055,89.99995708467623,0.0,0.0,0.32283464074134827
n3,P01_n2,0.0,3.0,64,3,0.6666669845581055,89.99995708467623,0.0,0.0,0.35433071851730347
n0,P00_n0,0.0,1.0,76,1,0.6666669845581055,89.99995708467623,0.0,0.0,0.5275590419769287
n4,P00_n1,1.0,0.5,81,1,0.6666669845581055,89.99995708467623,0.0,0.0,0.4960629940032959
n5,P00_n2,1.5,0.5,79,1,0.6666669845581055,89.99995708467623,0.0,0.0,0.5039370059967041
n6,P00_n3,2.0,1.0,81,1,0.6666669845581055,89.99995708467623,0.0,0.0,0.5748031735420227
n8,P01_n3,3.0,3.0,55,3,0.6666669845581055,89.99995708467623,0.0,0.0,0.28346458077430725
n9,P01_n4,3.0,3.0,60,3,0.6666669845581055,89.99995708467623,0.0,0.0,0.22834645211696625
n10,P01_n5,3.0,3.0,64,3,0.6666669845581055,89.99995708467623,0.0,0.0,0.25196850299835205
n7,P00_n4,3.0,0.5,79,1,0.6666669845581055,89.99995708467623,0.0,0.0,0.4645669162273407
n11,P00_n5,3.5,0.5,81,1,0.6666669845581055,89.99995708467623,0.0,0.0,0.5275590419769287
n12,P00_n6,4.0,1.0,76,1,0.6666669845581055,89.99995708467623,0.0,0.0,0.5354330539703369
n13,P00_n7,5.0,1.0,76,1,0.6666669845581055,89.99995708467623,0.0,0.0,0.4488188922405243
n15,P01_n6,6.0,3.0,53,3,0.6666669845581055,89.99995708467623,0.0,0.0,0.29133859276771545
n16,P01_n7,6.0,3.0,60,3,0.6666669845581055,89.99995708467623,0.0,0.0,0.25984251499176025
n17,P01_n8,6.0,3.0,64,3,0.6666669845581055,89.99995708467623,0.0,0.0,0.29133859276771545
n14,P00_n8,6.0,1.5,74,1,0.6666669845581055,89.99995708467623,0.0,0.0,0.4960629940032959
n18,P00_n9,7.5,0.5,76,1,0.6666669845581055,89.99995708467623,0.0,0.0,0.4724409580230713
n19,P00_n10,8.0,0.5,79,1,0.6666669845581055,89.99995708467623,0.0,0.0,0.5118110179901123
n20,P00_n11,8.5,0.5,74,1,0.6666669845581055,89.99995708467623,0.0,0.0,0.4881889820098877
n22,P01_n9,9.0,0.5,52,3,0.6666669845581055,89.99995708467623,0.0,0.0,0.28346458077430725
n21,P00_n12,9.0,0.5,76,1,0.6666669845581055,89.99995708467623,0.0,0.0,0.5118110179901123
n24,P01_n10,9.5,0.5,60,3,0.6666669845581055,89.99995708467623,0.0,0.0,0.25984251499176025
n23,P00_n13,9.5,0.5,69,1,0.6666669845581055,89.99995708467623,0.0,0.0,0.3937007784843445
n26,P01_n11,10.0,2.0,59,3,0.6666669845581055,89.99995708467623,0.0,0.0,0.26771652698516846
n25,P00_n14,10.0,2.0,68,1,0.6666669845581055,89.99995708467623,0.0,0.0,0.4724409580230713
n28,P01_n12,12.0,0.5,53,3,0.6666679382324219,89.99982833895046,0.0,-2.0637894522224087e-06,0.22834645211696625
n27,P00_n15,12.0,1.0,81,1,0.6666679382324219,89.99982833895046,0.0,-2.0637894522224087e-06,0.5511810779571533
n29,P01_n13,12.5,0.5,57,3,0.6666660308837891,90.00008583077033,0.0,2.0637924080801895e-06,0.29921260476112366
n31,P01_n14,13.0,2.0,64,3,0.6666679382324219,89.99982833895046,0.0,-2.0637894522224087e-06,0.24409449100494385
n30,P00_n16,13.0,0.5,84,1,0.6666679382324219,89.99982833895046,0.0,-2.0637894522224087e-06,0.5039370059967041
n32,P00_n17,13.5,0.5,83,1,0.6666660308837891,90.00008583077033,0.0,2.0637924080801895e-06,0.5354330539703369
n33,P00_n18,14.0,1.0,81,1,0.6666669845581055,89.99995708467623,0.0,0.0,0.5433070659637451
n35,P01_n15,15.0,0.5,50,3,0.6666679382324219,89.99982833895046,0.0,-2.0637894522224087e-06,0.26771652698516846
n34,P00_n19,15.0,0.5,86,1,0.6666679382324219,89.99982833895046,0.0,-2.0637894522224087e-06,0.4881889820098877
n37,P01_n16,15.5,0.5,57,3,0.6666660308837891,90.00008583077033,0.0,2.0637924080801895e-06,0.25196850299835205
n36,P00_n20,15.5,0.5,84,1,0.6666660308837891,90.00008583077033,0.0,2.0637924080801895e-06,0.5118110179901123
n39,P01_n17,16.0,1.0,64,3,0.6666669845581055,89.99995708467623,0.0,0.0,0.27559053897857666
n38,P00_n21,16.0,1.0,83,1,0.6666669845581055,89.99995708467623,0.0,0.0,0.5590550899505615
n41,P01_n18,17.0,1.0,65,3,0.6666669845581055,89.99995708467623,0.0,0.0,0.27559053897857666
n40,P00_n22,17.0,1.0,81,1,0.6666669845581055,89.99995708467623,0.0,0.0,0.4881889820098877
n43,P01_n19,18.0,0.5,52,3,0.6666679382324219,89.99982833895046,0.0,-2.0637894522224087e-06,0.25984251499176025
n42,P00_n23,18.0,1.5,79,1,0.6666679382324219,89.99982833895046,0.0,-2.0637894522224087e-06,0.4960629940032959
n44,P01_n20,18.5,0.5,59,3,0.6666660308837891,90.00008583077033,0.0,2.0637924080801895e-06,0.33070865273475647
n45,P01_n21,19.0,2.0,67,3,0.6666679382324219,89.99982833895046,0.0,-2.0637894522224087e-06,0.3779527544975281
n46,P00_n24,19.5,0.5,76,1,0.6666660308837891,90.00008583077033,0.0,2.0637924080801895e-06,0.4881889820098877
n47,P00_n25,20.0,0.5,79,1,0.6666679382324219,89.99982833895046,0.0,-2.0637894522224087e-06,0.4960629940032959
n48,P00_n26,20.5,0.5,81,1,0.6666660308837891,90.00008583077033,0.0,2.0637924080801895e-06,0.5275590419769287
n50,P01_n22,21.0,3.0,45,4,0.6666679382324219,89.99982833895046,0.0,-2.0637894522224087e-06,0.24409449100494385
n49,P00_n27,21.0,3.0,81,1,0.6666679382324219,89.99982833895046,0.0,-2.0637894522224087e-06,0.3937007784843445
n52,P01_n23,21.5,0.5,59,3,0.6666660308837891,90.00008583077033,0.0,2.0637924080801895e-06,0.20472441613674164
n51,P00_n28,21.5,0.5,74,2,0.6666660308837891,90.00008583077033,0.0,2.0637924080801895e-06,0.4566929042339325
n54,P01_n24,22.0,2.0,57,3,0.6666669845581055,89.99995708467623,0.0,0.0,0.22834645211696625
n53,P00_n29,22.0,2.0,73,2,0.6666669845581055,89.99995708467623,0.0,0.0,0.3779527544975281
n55,P00_n30,24.0,1.0,76,1,0.6666679382324219,89.99982833895046,0.0,-2.0637894522224087e-06,0.4015747904777527
n56,P00_n31,24.5,0.25,72,2,0.6666641235351562,90.00034332406358,0.0,6.19138563706656e-06,0.32283464074134827
n57,P00_n32,24.75,0.25,71,2,0.6666717529296875,89.99931335973083,0.0,-1.0318916793039534e-05,0.29921260476112366
n59,P00_n33,25.0,0.25,69,2,0.6666641235351562,90.00034332406358,0.0,6.19138563706656e-06,0.26771652698516846
n58,P00_n34,25.0,1.5,81,1,0.6666641235351562,90.00034332406358,0.0,6.19138563706656e-06,0.4724409580230713
n60,P00_n35,25.25,0.25,68,2,0.6666641235351562,90.00034332406358,0.0,6.19138563706656e-06,0.3385826647281647
n61,P00_n36,25.5,0.25,69,2,0.6666717529296875,89.99931335973083,0.0,-1.0318916793039534e-05,0.32283464074134827
n62,P00_n37,25.75,0.25,71,2,0.6666641235351562,90.00034332406358,0.0,6.19138563706656e-06,0.3385826647281647
n64,P01_n25,26.0,0.25,57,3,0.6666717529296875,89.99931335973083,0.0,-1.0318916793039534e-05,0.23622047901153564
n63,P00_n38,26.0,0.25,72,2,0.6666717529296875,89.99931335973083,0.0,-1.0318916793039534e-05,0.32283464074134827
n66,P01_n26,26.25,0.25,59,3,0.6666641235351562,90.00034332406358,0.0,6.19138563706656e-06,0.32283464074134827
n65,P00_n39,26.25,0.25,74,2,0.6666641235351562,90.00034332406358,0.0,6.19138563706656e-06,0.3858267664909363
n69,P01_n27,26.5,0.25,60,3,0.6666641235351562,90.00034332406358,0.0,6.19138563706656e-06,0.28346458077430725
n68,P00_n40,26.5,0.5,76,2,0.6666641235351562,90.00034332406358,0.0,6.19138563706656e-06,0.4566929042339325
n67,P00_n41,26.5,0.5,81,1,0.6666641235351562,90.00034332406358,0.0,6.19138563706656e-06,0.5590550899505615
n70,P01_n28,26.75,0.25,62,3,0.6666717529296875,89.99931335973083,0.0,-1.0318916793039534e-05,0.32283464074134827
n72,P01_n29,27.0,1.25,64,3,0.6666641235351562,90.00034332406358,0.0,6.19138563706656e-06,0.33070865273475647
n71,P00_n42,27.0,0.5,79,1,0.6666641235351562,90.00034332406358,0.0,6.19138563706656e-06,0.5118110179901123
n73,P00_n43,27.25,0.25,72,2,0.6666641235351562,90.00034332406358,0.0,6.19138563706656e-06,0.3858267664909363
n75,P00_n44,27.5,0.25,71,2,0.6666717529296875,89.99931335973083,0.0,-1.0318916793039534e-05,0.36220473051071167
n74,P00_n45,27.5,0.5,81,1,0.6666717529296875,89.99931335973083,0.0,-1.0318916793039534e-05,0.5433070659637451
n76,P00_n46,27.75,0.25,69,2,0.6666641235351562,90.00034332406358,0.0,6.19138563706656e-06,0.34645670652389526
n78,P00_n47,28.0,1.25,67,2,0.6666717529296875,89.99931335973083,0.0,-1.0318916793039534e-05,0.3779527544975281
n77,P00_n48,28.0,2.0,76,1,0.6666717529296875,89.99931335973083,0.0,-1.0318916793039534e-05,0.5275590419769287
n80,P01_n30,28.25,0.25,63,3,0.6666641235351562,90.00034332406358,0.0,6.19138563706656e-06,0.3779527544975281
n81,P01_n31,28.5,0.25,64,3,0.6666641235351562,90.00034332406358,0.0,6.19138563706656e-06,0.34645670652389526
n82,P01_n32,28.75,0.25,65,3,0.6666717529296875,89.99931335973083,0.0,-1.0318916793039534e-05,0.3858267664909363
n84,P01_n33,29.0,0.5,64,3,0.6666641235351562,90.00034332406358,0.0,6.19138563706656e-06,0.36220473051071167
n85,P00_n49,29.25,0.25,72,2,0.6666641235351562,90.00034332406358,0.0,6.19138563706656e-06,0.4094488322734833
n87,P01_n34,29.5,0.5,55,3,0.6666717529296875,89.99931335973083,0.0,-1.0318916793039534e-05,0.30708661675453186
n86,P00_n50,29.5,0.25,71,2,0.6666717529296875,89.99931335973083,0.0,-1.0318916793039534e-05,0.4173228442668915
n88,P00_n51,29.75,0.25,72,2,0.6666641235351562,90.00034332406358,0.0,6.19138563706656e-06,0.4409448802471161
n91,P01_n35,30.0,0.5,53,3,0.6666717529296875,89.99931335973083,0.0,-1.0318916793039534e-05,0.29921260476112366
n89,P00_n52,30.0,1.5,74,1,0.6666717529296875,89.99931335973083,0.0,-2.584972858428955,0.4566929042339325
n92,P00_n53,30.25,0.25,72,2,0.6666641235351562,90.00034332406358,0.0,6.19138563706656e-06,0.4724409580230713
n94,P01_n36,30.5,0.25,65,3,0.6666641235351562,90.00034332406358,0.0,6.19138563706656e-06,0.36220473051071167
n93,P00_n54,30.5,1.75,71,2,0.6666641235351562,90.00034332406358,0.0,6.19138563706656e-06,0.5039370059967041
n95,P01_n37,30.75,0.25,64,3,0.6666717529296875,89.99931335973083,0.0,-1.0318916793039534e-05,0.4330708682537079
n97,P01_n38,31.0,0.25,62,3,0.6666641235351562,90.00034332406358,0.0,6.19138563706656e-06,0.3700787425041199
n98,P01_n39,31.25,0.25,60,3,0.6666717529296875,89.99931335973083,0.0,-1.0318916793039534e-05,0.3937007784843445
n100,P01_n40,31.5,0.25,59,3,0.6666641235351562,90.00034332406358,0.0,6.19138563706656e-06,0.4015747904777527
n99,P00_n55,31.5,0.5,76,1,0.6666641235351562,90.00034332406358,0.0,6.19138563706656e-06,0.6141732335090637
n101,P01_n41,31.75,0.25,60,3,0.6666641235351562,90.00034332406358,0.0,6.19138563706656e-06,0.4409448802471161
n104,P01_n42,32.0,0.5,62,3,0.6666717529296875,89.99931335973083,0.0,-1.0318916793039534e-05,0.4015747904777527
n102,P00_n56,32.0,1.0,79,1,0.6666717529296875,89.99931335973083,0.0,-1.0318916793039534e-05,0.6141732335090637
n105,P00_n57,32.25,0.25,69,2,0.6666641235351562,90.00034332406358,0.0,6.19138563706656e-06,0.4330708682537079
n107,P01_n43,32.5,0.5,53,3,0.6666641235351562,90.00034332406358,0.0,6.19138563706656e-06,0.3700787425041199
n106,P00_n58,32.5,0.25,71,2,0.6666641235351562,90.00034332406358,0.0,6.19138563706656e-06,0.4645669162273407
n108,P00_n59,32.75,0.25,72,2,0.6666717529296875,89.99931335973083,0.0,-1.0318916793039534e-05,0.4960629940032959
n110,P00_n60,33.0,0.25,71,2,0.6666641235351562,90.00034332406358,0.0,6.19138563706656e-06,0.4566929042339325
n109,P00_n61,33.0,1.25,76,1,0.6666641235351562,90.00034332406358,0.0,-0.3219219148159027,0.6141732335090637
n111,P00_n62,33.25,0.25,69,2,1.3333358764648438,44.99991416947523,0.0,-1.0000020265579224,0.3937007784843445
n113,P01_n44,33.5,0.25,52,3,0.3333320617675781,180.00068664812716,0.16666603088378906,1.0000061988830566,0.3779527544975281
n112,P00_n63,33.5,2.5,68,2,0.3333320617675781,180.00068664812716,-0.16666603088378906,-2.3219218254089355,0.5196850299835205
n114,P01_n45,33.75,0.25,50,3,0.3333320617675781,180.00068664812716,0.08333301544189453,1.0000061988830566,0.4173228442668915
n117,P01_n46,34.0,0.5,52,3,0.6666717529296875,89.99931335973083,0.0,-1.0318916793039534e-05,0.3937007784843445
n118,P00_n64,34.25,0.25,75,1,0.6666641235351562,90.00034332406358,0.0,6.19138563706656e-06,0.5196850299835205
n120,P01_n47,34.5,0.25,64,3,0.6666641235351562,90.00034332406358,0.0,6.19138563706656e-06,0.4409448802471161
n119,P00_n65,34.5,0.25,76,1,0.6666641235351562,90.00034332406358,0.0,6.19138563706656e-06,0.5039370059967041
n122,P01_n48,34.75,0.25,62,3,0.6666717529296875,89.99931335973083,0.0,-1.0318916793039534e-05,0.4330708682537079
n121,P00_n66,34.75,0.25,78,1,0.6666717529296875,89.99931335973083,0.0,-1.0318916793039534e-05,0.5196850299835205
n124,P01_n49,35.0,0.25,64,3,0.6666641235351562,90.00034332406358,0.0,6.19138563706656e-06,0.4488188922405243
n123,P00_n67,35.0,0.25,80,1,0.6666641235351562,90.00034332406358,0.0,6.19138563706656e-06,0.5354330539703369
n126,P01_n50,35.25,0.25,62,3,0.6666717529296875,89.99931335973083,0.0,-1.0318916793039534e-05,0.4251968562602997
n125,P00_n68,35.25,0.25,81,1,0.6666717529296875,89.99931335973083,0.0,-1.0318916793039534e-05,0.5433070659637451
n128,P01_n51,35.5,0.25,60,3,0.6666641235351562,90.00034332406358,0.0,6.19138563706656e-06,0.4409448802471161
n127,P00_n69,35.5,0.25,83,1,0.6666641235351562,90.00034332406358,0.0,6.19138563706656e-06,0.5905511975288391
n130,P01_n52,35.75,0.25,59,3,0.6666641235351562,90.00034332406358,0.0,6.19138563706656e-06,0.4566929042339325
n129,P00_n70,35.75,0.25,80,1,0.6666641235351562,90.00034332406358,0.0,6.19138563706656e-06,0.5748031735420227
n133,P01_n53,36.0,0.25,57,3,0.6666717529296875,89.99931335973083,0.0,-1.0318916793039534e-05,0.4015747904777527
n132,P00_n71,36.0,0.5,72,2,0.6666717529296875,89.99931335973083,0.0,-1.0318916793039534e-05,0.5275590419769287
n131,P00_n72,36.0,0.75,81,1,0.6666717529296875,89.99931335973083,0.0,-1.0318916793039534e-05,0.7007874250411987
n134,P01_n54,36.25,0.25,60,3,0.6666641235351562,90.00034332406358,0.0,6.19138563706656e-06,0.3937007784843445
n136,P01_n55,36.5,0.25,59,3,0.6666641235351562,90.00034332406358,0.0,6.19138563706656e-06,0.4803149700164795
n135,P00_n73,36.5,0.25,74,2,0.6666641235351562,90.00034332406358,0.0,6.19138563706656e-06,0.5196850299835205
n139,P01_n56,36.75,0.25,60,3,0.6666717529296875,89.99931335973083,0.0,-1.0318916793039534e-05,0.4488188922405243
n138,P00_n74,36.75,0.75,72,2,0.6666717529296875,89.99931335973083,0.0,-1.0318916793039534e-05,0.5984252095222473
n137,P00_n75,36.75,0.25,76,1,0.6666717529296875,89.99931335973083,0.0,-1.0318916793039534e-05,0.5433070659637451
n142,P01_n57,37.0,0.25,62,3,0.6666641235351562,90.00034332406358,0.0,6.19138563706656e-06,0.4566929042339325
n140,P00_n76,37.0,2.0,77,1,0.6666641235351562,90.00034332406358,0.0,6.19138563706656e-06,0.6614173054695129
n143,P01_n58,37.25,0.25,60,3,0.6666717529296875,89.99931335973083,0.0,-1.0318916793039534e-05,0.4173228442668915
n145,P01_n59,37.5,0.25,59,3,0.6666641235351562,90.00034332406358,0.0,6.19138563706656e-06,0.3937007784843445
n144,P00_n77,37.5,0.5,69,2,0.6666641235351562,90.00034332406358,0.0,6.19138563706656e-06,0.4803149700164795
n146,P01_n60,37.75,0.25,60,3,0.6666641235351562,90.00034332406358,0.0,6.19138563706656e-06,0.4015747904777527
n148,P01_n61,38.0,0.75,62,3,0.6666717529296875,89.99931335973083,0.0,-1.0318916793039534e-05,0.3858267664909363
n147,P00_n78,38.0,0.25,71,2,0.6666717529296875,89.99931335973083,0.0,-1.0318916793039534e-05,0.4251968562602997
n149,P00_n79,38.25,0.25,69,2,0.6666641235351562,90.00034332406358,0.0,6.19138563706656e-06,0.4094488322734833
n150,P00_n80,38.5,0.25,67,2,0.6666641235351562,90.00034332406358,0.0,6.19138563706656e-06,0.4251968562602997
n152,P01_n62,38.75,0.25,57,3,0.6666717529296875,89.99931335973083,0.0,-1.0318916793039534e-05,0.4015747904777527
n151,P00_n81,38.75,0.25,65,2,0.6666717529296875,89.99931335973083,0.0,-1.0318916793039534e-05,0.36220473051071167
n155,P01_n63,39.0,0.25,59,3,0.6666641235351562,90.00034332406358,0.0,6.19138563706656e-06,0.3779527544975281
n154,P00_n82,39.0,1.0,64,2,0.6666641235351562,90.00034332406358,0.0,6.19138563706656e-06,0.4803149700164795
n153,P00_n83,39.0,0.75,79,1,0.6666641235351562,90.00034332406358,0.0,6.19138563706656e-06,0.6456692814826965
n156,P01_n64,39.25,0.25,55,3,0.6666717529296875,89.99931335973083,0.0,-1.0318916793039534e-05,0.4015747904777527
n157,P01_n65,39.5,0.25,57,3,0.6666641235351562,90.00034332406358,0.0,6.19138563706656e-06,0.4015747904777527
n159,P01_n66,39.75,0.25,55,3,0.6666641235351562,90.00034332406358,0.0,6.19138563706656e-06,0.35433071851730347
n158,P00_n84,39.75,0.25,71,1,0.6666641235351562,90.00034332406358,0.0,6.19138563706656e-06,0.4724409580230713
n162,P01_n67,40.0,0.25,57,3,0.6666717529296875,89.99931335973083,0.0,-1.0318916793039534e-05,0.33070865273475647
n161,P00_n85,40.0,0.5,69,2,0.6666717529296875,89.99931335973083,0.0,-1.0318916793039534e-05,0.4960629940032959
n160,P00_n86,40.0,2.0,72,1,0.6666717529296875,89.99931335973083,0.0,-1.0318916793039534e-05,0.6141732335090637
n163,P01_n68,40.25,0.25,59,3,0.6666641235351562,90.00034332406358,0.0,6.19138563706656e-06,0.36220473051071167
n165,P01_n69,40.5,0.25,60,3,0.6666641235351562,90.00034332406358,0.0,6.19138563706656e-06,0.3385826647281647
n164,P00_n87,40.5,0.5,64,2,0.6666641235351562,90.00034332406358,0.0,6.19138563706656e-06,0.4094488322734833
n166,P01_n70,40.75,0.25,59,3,0.6666717529296875,89.99931335973083,0.0,-1.0318916793039534e-05,0.35433071851730347
n168,P01_n71,41.0,0.75,60,3,0.6666641235351562,90.00034332406358,0.0,6.19138563706656e-06,0.31496062874794006
n167,P00_n88,41.0,0.25,69,2,0.6666641235351562,90.00034332406358,0.0,6.19138563706656e-06,0.3937007784843445
n169,P00_n89,41.25,0.25,67,2,0.6666717529296875,89.99931335973083,0.0,-1.0318916793039534e-05,0.36220473051071167
n170,P00_n90,41.5,0.25,65,2,0.6666641235351562,90.00034332406358,0.0,6.19138563706656e-06,0.33070865273475647
n172,P01_n72,41.75,0.25,48,3,0.6666641235351562,90.00034332406358,0.0,6.19138563706656e-06,0.3937007784843445
n171,P00_n91,41.75,0.25,64,2,0.6666641235351562,90.00034332406358,0.0,6.19138563706656e-06,0.35433071851730347
n175,P01_n73,42.0,0.75,50,3,0.6666717529296875,89.99931335973083,0.0,-1.0318916793039534e-05,0.4330708682537079
n174,P00_n92,42.0,0.25,62,2,0.6666717529296875,89.99931335973083,0.0,-1.0318916793039534e-05,0.4015747904777527
n173,P00_n93,42.0,0.5,77,1,0.6666717529296875,89.99931335973083,0.0,-1.0318916793039534e-05,0.6456692814826965
n176,P00_n94,42.25,0.25,60,2,0.6666641235351562,90.00034332406358,0.0,6.19138563706656e-06,0.3937007784843445
n178,P00_n95,42.5,0.25,62,2,0.6666641235351562,90.00034332406358,0.0,6.19138563706656e-06,0.4015747904777527
n177,P00_n96,42.5,0.5,71,1,0.6666641235351562,90.00034332406358,0.0,6.19138563706656e-06,0.5826771855354309
n180,P01_n74,42.75,0.25,45,3,0.6666717529296875,89.99931335973083,0.0,-1.0318916793039534e-05,0.4015747904777527
n179,P00_n97,42.75,0.25,64,2,0.6666717529296875,89.99931335973083,0.0,-1.0318916793039534e-05,0.4645669162273407
n183,P01_n75,43.0,1.0,50,3,0.6666641235351562,90.00034332406358,0.0,6.19138563706656e-06,0.3779527544975281
n182,P00_n98,43.0,1.5,65,2,0.6666641235351562,90.00034332406358,0.0,6.19138563706656e-06,0.4330708682537079
n181,P00_n99,43.0,0.25,72,1,0.6666641235351562,90.00034332406358,0.0,6.19138563706656e-06,0.4566929042339325
n184,P00_n100,43.25,0.25,71,1,0.6666717529296875,89.99931335973083,0.0,-1.0318916793039534e-05,0.4488188922405243
n185,P00_n101,43.5,0.25,69,1,0.6666641235351562,90.00034332406358,0.0,6.19138563706656e-06,0.4094488322734833
n186,P00_n102,43.75,0.25,71,1,0.6666641235351562,90.00034332406358,0.0,6.19138563706656e-06,0.4173228442668915
n189,P01_n76,44.0,0.75,62,3,0.6666717529296875,89.99931335973083,0.0,-1.0318916793039534e-05,0.36220473051071167
n187,P00_n103,44.0,0.25,72,1,0.6666717529296875,89.99931335973083,0.0,-1.0318916793039534e-05,0.3858267664909363
n190,P00_n104,44.25,0.25,71,1,0.6666641235351562,90.00034332406358,0.0,6.19138563706656e-06,0.4173228442668915
n192,P00_n105,44.5,0.5,69,2,0.6666641235351562,90.00034332406358,0.0,6.19138563706656e-06,0.4251968562602997
n191,P00_n106,44.5,0.25,72,1,0.6666641235351562,90.00034332406358,0.0,6.19138563706656e-06,0.3937007784843445
n194,P01_n77,44.75,0.25,60,3,0.6666717529296875,89.99931335973083,0.0,-1.0318916793039534e-05,0.3937007784843445
n193,P00_n107,44.75,0.25,74,1,0.6666717529296875,89.99931335973083,0.0,-1.0318916793039534e-05,0.4488188922405243
n196,P01_n78,45.0,0.25,59,3,0.6666641235351562,90.00034332406358,0.0,6.19138563706656e-06,0.35433071851730347
n195,P00_n108,45.0,0.75,76,1,0.6666641235351562,90.00034332406358,0.0,6.19138563706656e-06,0.5511810779571533
n197,P01_n79,45.25,0.25,62,3,0.6666717529296875,89.99931335973083,0.0,-1.0318916793039534e-05,0.3858267664909363
n198,P01_n80,45.5,0.25,60,3,0.6666641235351562,90.00034332406358,0.0,6.19138563706656e-06,0.34645670652389526
n200,P01_n81,45.75,0.25,59,3,0.6666641235351562,90.00034332406358,0.0,6.19138563706656e-06,0.32283464074134827
n199,P00_n109,45.75,0.25,68,1,0.6666641235351562,90.00034332406358,0.0,6.19138563706656e-06,0.3937007784843445
n202,P01_n82,46.0,0.25,60,3,0.6666717529296875,89.99931335973083,0.0,-1.0318916793039534e-05,0.32283464074134827
n201,P00_n110,46.0,2.25,69,1,0.6666717529296875,89.99931335973083,0.0,-1.0318916793039534e-05,0.4803149700164795
n203,P01_n83,46.25,0.25,59,3,0.6666641235351562,90.00034332406358,0.0,6.19138563706656e-06,0.3385826647281647
n204,P01_n84,46.5,0.25,57,3,0.6666717529296875,89.99931335973083,0.0,-1.0318916793039534e-05,0.28346458077430725
n205,P01_n85,46.75,0.25,55,3,0.6666641235351562,90.00034332406358,0.0,6.19138563706656e-06,0.33070865273475647
n206,P01_n86,47.0,0.25,53,3,0.6666641235351562,90.00034332406358,0.0,6.19138563706656e-06,0.32283464074134827
n207,P01_n87,47.25,0.25,52,3,0.6666717529296875,89.99931335973083,0.0,-1.0318916793039534e-05,0.34645670652389526
n208,P01_n88,47.5,0.25,50,3,0.6666641235351562,90.00034332406358,0.0,6.19138563706656e-06,0.33070865273475647
n209,P01_n89,47.75,0.25,48,3,0.6666641235351562,90.00034332406358,0.0,6.19138563706656e-06,0.30708661675453186
n211,P01_n90,48.0,0.5,47,3,0.6666717529296875,89.99931335973083,0.0,-1.0318916793039534e-05,0.27559053897857666
n212,P00_n111,48.25,0.25,68,1,0.6666717529296875,89.99931335973083,0.0,-1.0318916793039534e-05,0.4251968562602997
n214,P01_n91,48.5,0.5,56,3,0.666656494140625,90.00137331197071,0.0,2.2701877242070623e-05,0.33070865273475647
n213,P00_n112,48.5,0.25,69,1,0.666656494140625,90.00137331197071,0.0,2.2701877242070623e-05,0.3779527544975281
n215,P00_n113,48.75,0.25,71,1,0.6666717529296875,89.99931335973083,0.0,-1.0318916793039534e-05,0.3858267664909363
n217,P01_n92,49.0,0.5,57,3,0.6666717529296875,89.99931335973083,0.0,-1.0318916793039534e-05,0.25196850299835205
n216,P00_n114,49.0,0.25,72,1,0.6666717529296875,89.99931335973083,0.0,-1.0318916793039534e-05,0.4015747904777527
n218,P00_n115,49.25,0.25,71,1,0.666656494140625,90.00137331197071,0.0,2.2701877242070623e-05,0.3779527544975281
n220,P01_n93,49.5,0.5,48,3,0.6666717529296875,89.99931335973083,0.0,-1.0318916793039534e-05,0.29921260476112366
n219,P00_n116,49.5,0.25,72,1,0.6666717529296875,89.99931335973083,0.0,-1.0318916793039534e-05,0.4173228442668915
n221,P00_n117,49.75,0.25,74,1,0.6666717529296875,89.99931335973083,0.0,-1.0318916793039534e-05,0.4094488322734833
n223,P01_n94,50.0,0.5,53,3,0.666656494140625,90.00137331197071,0.0,2.2701877242070623e-05,0.25984251499176025
n222,P00_n118,50.0,0.25,72,1,0.666656494140625,90.00137331197071,0.0,2.2701877242070623e-05,0.36220473051071167
n224,P00_n119,50.25,0.25,71,1,0.6666717529296875,89.99931335973083,0.0,-1.0318916793039534e-05,0.3700787425041199
n226,P01_n95,50.5,0.5,50,3,0.6666717529296875,89.99931335973083,0.0,-1.0318916793039534e-05,0.22834645211696625
n225,P00_n120,50.5,0.25,69,1,0.6666717529296875,89.99931335973083,0.0,-1.0318916793039534e-05,0.3779527544975281
n227,P00_n121,50.75,0.25,67,1,0.666656494140625,90.00137331197071,0.0,2.2701877242070623e-05,0.3937007784843445
n229,P01_n96,51.0,1.0,52,3,0.6666717529296875,89.99931335973083,0.0,-1.0318916793039534e-05,0.32283464074134827
n228,P00_n122,51.0,0.25,64,1,0.6666717529296875,89.99931335973083,0.0,-1.0318916793039534e-05,0.3858267664909363
n230,P00_n123,51.25,0.25,71,1,0.6666717529296875,89.99931335973083,0.0,-1.0318916793039534e-05,0.36220473051071167
n231,P00_n124,51.5,0.25,68,1,0.6666717529296875,89.99931335973083,0.0,-1.0318916793039534e-05,0.34645670652389526
n232,P00_n125,51.75,0.25,64,1,0.666656494140625,90.00137331197071,0.0,2.2701877242070623e-05,0.32283464074134827
n233,P00_n126,52.0,0.25,64,1,0.6666717529296875,89.99931335973083,0.0,-1.0318916793039534e-05,0.36220473051071167
n234,P00_n127,52.25,0.25,72,1,0.6666717529296875,89.99931335973083,0.0,-1.0318916793039534e-05,0.3700787425041199
n236,P01_n97,52.5,0.5,57,3,0.666656494140625,90.00137331197071,0.0,2.2701877242070623e-05,0.22047244012355804
n235,P00_n128,52.5,0.25,69,1,0.666656494140625,90.00137331197071,0.0,2.2701877242070623e-05,0.36220473051071167
n237,P00_n129,52.75,0.25,64,1,0.6666717529296875,89.99931335973083,0.0,-1.0318916793039534e-05,0.33070865273475647
n239,P01_n98,53.0,0.75,56,3,0.6666717529296875,89.99931335973083,0.0,-1.0318916793039534e-05,0.22047244012355804
n238,P00_n130,53.0,0.25,64,1,0.6666717529296875,89.99931335973083,0.0,-1.0318916793039534e-05,0.31496062874794006
n240,P00_n131,53.25,0.25,74,1,0.666656494140625,90.00137331197071,0.0,2.2701877242070623e-05,0.3858267664909363
n241,P00_n132,53.5,0.25,71,1,0.6666717529296875,89.99931335973083,0.0,-1.0318916793039534e-05,0.3779527544975281
n243,P01_n99,53.75,0.25,62,3,0.6666717529296875,89.99931335973083,0.0,-1.0318916793039534e-05,0.24409449100494385
n242,P00_n133,53.75,0.25,65,1,0.6666717529296875,89.99931335973083,0.0,-1.0318916793039534e-05,0.3385826647281647
n245,P01_n100,54.0,1.0,60,3,0.666656494140625,90.00137331197071,0.0,2.2701877242070623e-05,0.23622047901153564
n244,P00_n134,54.0,0.25,64,1,0.666656494140625,90.00137331197071,0.0,2.2701877242070623e-05,0.31496062874794006
n246,P00_n135,54.25,0.25,71,1,0.6666717529296875,89.99931335973083,0.0,-1.0318916793039534e-05,0.3937007784843445
n247,P00_n136,54.5,0.25,68,1,0.6666717529296875,89.99931335973083,0.0,-1.0318916793039534e-05,0.3858267664909363
n248,P00_n137,54.75,0.25,64,1,0.666656494140625,90.00137331197071,0.0,2.2701877242070623e-05,0.33070865273475647
n249,P00_n138,55.0,0.25,64,1,0.6666717529296875,89.99931335973083,0.0,-1.0318916793039534e-05,0.3385826647281647
n250,P00_n139,55.25,0.25,72,1,0.6666717529296875,89.99931335973083,0.0,-1.0318916793039534e-05,0.4330708682537079
n252,P01_n101,55.5,0.5,48,3,0.6666717529296875,89.99931335973083,0.0,-1.0318916793039534e-05,0.22834645211696625
n251,P00_n140,55.5,0.25,69,1,0.6666717529296875,89.99931335973083,0.0,-1.0318916793039534e-05,0.4251968562602997
n253,P00_n141,55.75,0.25,64,1,0.666656494140625,90.00137331197071,0.0,2.2701877242070623e-05,0.36220473051071167
n255,P01_n102,56.0,0.75,50,3,0.6666717529296875,89.99931335973083,0.0,-1.0318916793039534e-05,0.25196850299835205
n254,P00_n142,56.0,0.25,64,1,0.6666717529296875,89.99931335973083,0.0,-1.0318916793039534e-05,0.35433071851730347
n256,P00_n143,56.25,0.25,74,1,0.6666717529296875,89.99931335973083,0.0,-1.0318916793039534e-05,0.4881889820098877
n257,P00_n144,56.5,0.25,71,1,0.666656494140625,90.00137331197071,0.0,2.2701877242070623e-05,0.4251968562602997
n259,P01_n103,56.75,0.25,45,3,0.6666717529296875,89.99931335973083,0.0,-1.0318916793039534e-05,0.26771652698516846
n258,P00_n145,56.75,0.25,65,1,0.6666717529296875,89.99931335973083,0.0,-1.0318916793039534e-05,0.35433071851730347
n261,P01_n104,57.0,1.0,44,3,0.6666717529296875,89.99931335973083,0.0,-1.0318916793039534e-05,0.35433071851730347
n260,P00_n146,57.0,0.25,64,1,0.6666717529296875,89.99931335973083,0.0,-1.0318916793039534e-05,0.3937007784843445
n262,P00_n147,57.25,0.25,71,1,0.666656494140625,90.00137331197071,0.0,2.2701877242070623e-05,0.4566929042339325
n263,P00_n148,57.5,0.25,68,1,0.6666717529296875,89.99931335973083,0.0,-1.0318916793039534e-05,0.4330708682537079
n264,P00_n149,57.75,0.25,64,1,0.6666717529296875,89.99931335973083,0.0,-1.0318916793039534e-05,0.35433071851730347
n265,P00_n150,58.0,0.25,64,1,0.666656494140625,90.00137331197071,0.0,2.2701877242070623e-05,0.3779527544975281
n266,P00_n151,58.25,0.25,72,1,0.6666717529296875,89.99931335973083,0.0,-1.0318916793039534e-05,0.4330708682537079
n268,P01_n105,58.5,0.5,45,3,0.6666717529296875,89.99931335973083,0.0,-1.0318916793039534e-05,0.27559053897857666
n267,P00_n152,58.5,0.25,69,1,0.6666717529296875,89.99931335973083,0.0,-1.0318916793039534e-05,0.4251968562602997
n269,P00_n153,58.75,0.25,64,1,0.666656494140625,90.00137331197071,0.0,2.2701877242070623e-05,0.4015747904777527
n271,P01_n106,59.0,0.5,47,3,0.6666717529296875,89.99931335973083,0.0,-1.0318916793039534e-05,0.27559053897857666
n270,P00_n154,59.0,0.25,64,1,0.6666717529296875,89.99931335973083,0.0,-1.0318916793039534e-05,0.3937007784843445
n272,P00_n155,59.25,0.25,74,1,0.6666717529296875,89.99931335973083,0.0,-1.0318916793039534e-05,0.5590550899505615
n274,P01_n107,59.5,0.5,41,3,0.6666717529296875,89.99931335973083,0.0,-1.0318916793039534e-05,0.30708661675453186
n273,P00_n156,59.5,0.25,71,1,0.6666717529296875,89.99931335973083,0.0,-1.0318916793039534e-05,0.4960629940032959
n275,P00_n157,59.75,0.25,65,1,0.666656494140625,90.00137331197071,0.0,2.2701877242070623e-05,0.4094488322734833
n278,P01_n108,60.0,2.0,40,3,0.6666679382324219,89.99982833895046,0.0,-2.0637894522224087e-06,0.33070865273475647
n279,P01_n109,60.0,2.0,56,3,0.6666679382324219,89.99982833895046,0.0,-2.0637894522224087e-06,0.35433071851730347
n276,P00_n158,60.0,2.0,59,1,0.6666679382324219,89.99982833895046,0.0,-2.0637894522224087e-06,0.36220473051071167
n277,P00_n159,60.0,2.0,64,1,0.6666679382324219,89.99982833895046,0.0,-2.0637894522224087e-06,0.4094488322734833
n281,P01_n110,63.0,0.25,57,3,0.666656494140625,90.00137331197071,0.0,2.2701877242070623e-05,0.25196850299835205
n280,P00_n160,63.0,1.0,76,1,0.666656494140625,90.00137331197071,0.0,2.2701877242070623e-05,0.5433070659637451
n282,P01_n111,63.25,0.25,64,3,0.6666717529296875,89.99931335973083,0.0,-1.0318916793039534e-05,0.34645670652389526
n283,P01_n112,63.5,0.25,60,3,0.6666717529296875,89.99931335973083,0.0,-1.0318916793039534e-05,0.29921260476112366
n284,P01_n113,63.75,0.25,64,3,0.666656494140625,90.00137331197071,0.0,2.2701877242070623e-05,0.29921260476112366
n286,P01_n114,64.0,0.25,57,3,0.6666717529296875,89.99931335973083,0.0,-1.0318916793039534e-05,0.26771652698516846
n285,P00_n161,64.0,1.0,81,1,0.6666717529296875,89.99931335973083,0.0,-1.0318916793039534e-05,0.6299212574958801
n287,P01_n115,64.25,0.25,64,3,0.6666717529296875,89.99931335973083,0.0,-1.0318916793039534e-05,0.3385826647281647
n288,P01_n116,64.5,0.25,60,3,0.666656494140625,90.00137331197071,0.0,2.2701877242070623e-05,0.30708661675453186
n289,P01_n117,64.75,0.25,64,3,0.6666717529296875,89.99931335973083,0.0,-1.0318916793039534e-05,0.29133859276771545
n291,P01_n118,65.0,0.25,59,3,0.6666717529296875,89.99931335973083,0.0,-1.0318916793039534e-05,0.30708661675453186
n290,P00_n162,65.0,0.75,81,1,0.6666717529296875,89.99931335973083,0.0,-1.0318916793039534e-05,0.5905511975288391
n292,P01_n119,65.25,0.25,65,3,0.666656494140625,90.00137331197071,0.0,2.2701877242070623e-05,0.32283464074134827
n293,P01_n120,65.5,0.25,62,3,0.6666717529296875,89.99931335973083,0.0,-1.0318916793039534e-05,0.32283464074134827
n295,P01_n121,65.75,0.25,65,3,0.6666717529296875,89.99931335973083,0.0,-1.0318916793039534e-05,0.30708661675453186
n294,P00_n163,65.75,0.25,79,1,0.6666717529296875,89.99931335973083,0.0,-1.0318916793039534e-05,0.4724409580230713
n298,P01_n122,66.0,0.25,60,3,0.666656494140625,90.00137331197071,0.0,2.2701877242070623e-05,0.29921260476112366
n296,P00_n164,66.0,0.25,76,1,0.666656494140625,90.00137331197071,0.0,2.2701877242070623e-05,0.4409448802471161
n297,P00_n165,66.0,0.25,79,1,0.666656494140625,90.00137331197071,0.0,2.2701877242070623e-05,0.5511810779571533
n301,P01_n123,66.25,0.25,67,3,0.6666717529296875,89.99931335973083,0.0,-1.0318916793039534e-05,0.3858267664909363
n299,P00_n166,66.25,0.25,77,1,0.6666717529296875,89.99931335973083,0.0,-1.0318916793039534e-05,0.5039370059967041
n300,P00_n167,66.25,0.25,81,1,0.6666717529296875,89.99931335973083,0.0,-1.0318916793039534e-05,0.5511810779571533
n304,P01_n124,66.5,0.25,64,3,0.6666717529296875,89.99931335973083,0.0,-1.0318916793039534e-05,0.32283464074134827
n302,P00_n168,66.5,0.5,72,1,0.6666717529296875,89.99931335973083,0.0,-1.0318916793039534e-05,0.5039370059967041
n303,P00_n169,66.5,0.5,76,1,0.6666717529296875,89.99931335973083,0.0,-1.0318916793039534e-05,0.5669291615486145
n305,P01_n125,66.75,0.25,67,3,0.6666717529296875,89.99931335973083,0.0,-1.0318916793039534e-05,0.33070865273475647
n308,P01_n126,67.0,0.25,62,3,0.666656494140625,90.00137331197071,0.0,2.2701877242070623e-05,0.3700787425041199
n306,P00_n170,67.0,0.25,74,1,0.666656494140625,90.00137331197071,0.0,2.2701877242070623e-05,0.4724409580230713
n307,P00_n171,67.0,0.25,77,1,0.666656494140625,90.00137331197071,0.0,2.2701877242070623e-05,0.5590550899505615
n311,P01_n127,67.25,0.25,69,3,0.6666717529296875,89.99931335973083,0.0,-1.0318916793039534e-05,0.4409448802471161
n309,P00_n172,67.25,0.25,76,1,0.6666717529296875,89.99931335973083,0.0,-1.0318916793039534e-05,0.4803149700164795
n310,P00_n173,67.25,0.25,79,1,0.6666717529296875,89.99931335973083,0.0,-1.0318916793039534e-05,0.5826771855354309
n314,P01_n128,67.5,0.25,65,3,0.6666717529296875,89.99931335973083,0.0,-1.0318916793039534e-05,0.3700787425041199
n312,P00_n174,67.5,0.5,71,1,0.6666717529296875,89.99931335973083,0.0,-1.0318916793039534e-05,0.4803149700164795
n313,P00_n175,67.5,0.5,74,1,0.6666717529296875,89.99931335973083,0.0,-1.0318916793039534e-05,0.5196850299835205
n315,P01_n129,67.75,0.25,69,3,0.666656494140625,90.00137331197071,0.0,2.2701877242070623e-05,0.4094488322734833
n318,P01_n130,68.0,0.25,64,3,0.6666717529296875,89.99931335973083,0.0,-1.0318916793039534e-05,0.4251968562602997
n316,P00_n176,68.0,0.25,72,1,0.6666717529296875,89.99931335973083,0.0,-1.0318916793039534e-05,0.4173228442668915
n317,P00_n177,68.0,0.25,76,1,0.6666717529296875,89.99931335973083,0.0,-1.0318916793039534e-05,0.5669291615486145
n321,P01_n131,68.25,0.25,71,3,0.6666717529296875,89.99931335973083,0.0,-1.0318916793039534e-05,0.4881889820098877
n319,P00_n178,68.25,0.25,74,1,0.6666717529296875,89.99931335973083,0.0,-1.0318916793039534e-05,0.4645669162273407
n320,P00_n179,68.25,0.25,77,1,0.6666717529296875,89.99931335973083,0.0,-1.0318916793039534e-05,0.6141732335090637
n322,P01_n132,68.5,0.5,68,1,0.666656494140625,90.00137331197071,0.0,-0.9999772906303406,0.4803149700164795
n324,P00_n180,68.5,0.25,68,3,0.666656494140625,90.00137331197071,0.0,1.0000226497650146,0.4803149700164795
n323,P00_n181,68.5,0.5,71,1,0.666656494140625,90.00137331197071,0.0,2.2701877242070623e-05,0.5039370059967041
n325,P01_n133,68.75,0.25,71,3,0.6666717529296875,89.99931335973083,0.0,-1.0318916793039534e-05,0.5118110179901123
n328,P01_n134,69.0,0.25,57,3,0.6666717529296875,89.99931335973083,0.0,-1.0318916793039534e-05,0.4015747904777527
n326,P00_n182,69.0,1.0,72,1,0.6666717529296875,89.99931335973083,0.0,-1.0318916793039534e-05,0.5433070659637451
n327,P00_n183,69.0,1.0,76,1,0.6666717529296875,89.99931335973083,0.0,-1.0318916793039534e-05,0.6141732335090637
n329,P01_n135,69.25,0.25,69,3,0.666656494140625,90.00137331197071,0.0,2.2701877242070623e-05,0.4566929042339325
n330,P01_n136,69.5,0.25,64,3,0.6666717529296875,89.99931335973083,0.0,-1.0318916793039534e-05,0.3937007784843445
n331,P01_n137,69.75,0.25,69,3,0.6666717529296875,89.99931335973083,0.0,-1.0318916793039534e-05,0.3779527544975281
n334,P01_n138,70.0,0.25,60,3,0.666656494140625,90.00137331197071,0.0,2.2701877242070623e-05,0.33070865273475647
n332,P00_n184,70.0,2.0,72,1,0.666656494140625,90.00137331197071,0.0,2.2701877242070623e-05,0.5118110179901123
n333,P00_n185,70.0,2.0,76,1,0.666656494140625,90.00137331197071,0.0,2.2701877242070623e-05,0.5826771855354309
n335,P01_n139,70.25,0.25,69,3,0.6666717529296875,89.99931335973083,0.0,-1.0318916793039534e-05,0.34645670652389526
n336,P01_n140,70.5,0.25,64,3,0.6666717529296875,89.99931335973083,0.0,-1.0318916793039534e-05,0.3385826647281647
n337,P01_n141,70.75,0.25,69,3,0.6666717529296875,89.99931335973083,0.0,-1.0318916793039534e-05,0.32283464074134827
n338,P01_n142,71.0,0.25,57,3,0.666656494140625,90.00137331197071,0.0,2.2701877242070623e-05,0.33070865273475647
n339,P01_n143,71.25,0.25,64,3,0.6666717529296875,89.99931335973083,0.0,-1.0318916793039534e-05,0.27559053897857666
n340,P01_n144,71.5,0.25,60,3,0.6666717529296875,89.99931335973083,0.0,-1.0318916793039534e-05,0.27559053897857666
n341,P01_n145,71.75,0.25,64,3,0.666656494140625,90.00137331197071,0.0,2.2701877242070623e-05,0.27559053897857666
n344,P01_n146,72.0,0.25,53,3,0.6666717529296875,89.99931335973083,0.0,-1.0318916793039534e-05,0.29921260476112366
n342,P00_n186,72.0,1.0,65,1,0.6666717529296875,89.99931335973083,0.0,-1.0318916793039534e-05,0.36220473051071167
n343,P00_n187,72.0,1.0,69,1,0.6666717529296875,89.99931335973083,0.0,-1.0318916793039534e-05,0.4015747904777527
n345,P01_n147,72.25,0.25,60,3,0.6666717529296875,89.99931335973083,0.0,-1.0318916793039534e-05,0.27559053897857666
n346,P01_n148,72.5,0.25,57,3,0.666656494140625,90.00137331197071,0.0,2.2701877242070623e-05,0.28346458077430725
n347,P01_n149,72.75,0.25,60,3,0.6666717529296875,89.99931335973083,0.0,-1.0318916793039534e-05,0.28346458077430725
n350,P01_n150,73.0,0.25,53,3,0.6666717529296875,89.99931335973083,0.0,-1.0318916793039534e-05,0.29133859276771545
n348,P00_n188,73.0,1.0,69,1,0.6666717529296875,89.99931335973083,0.0,-1.0318916793039534e-05,0.4803149700164795
n349,P00_n189,73.0,1.0,72,1,0.6666717529296875,89.99931335973083,0.0,-1.0318916793039534e-05,0.5196850299835205
n351,P01_n151,73.25,0.25,60,3,0.666656494140625,90.00137331197071,0.0,2.2701877242070623e-05,0.32283464074134827
n352,P01_n152,73.5,0.25,57,3,0.6666717529296875,89.99931335973083,0.0,-1.0318916793039534e-05,0.30708661675453186
n353,P01_n153,73.75,0.25,60,3,0.6666717529296875,89.99931335973083,0.0,-1.0318916793039534e-05,0.3385826647281647
n356,P01_n154,74.0,0.25,53,3,0.666656494140625,90.00137331197071,0.0,2.2701877242070623e-05,0.3385826647281647
n354,P00_n190,74.0,1.0,69,1,0.666656494140625,90.00137331197071,0.0,2.2701877242070623e-05,0.4960629940032959
n355,P00_n191,74.0,1.0,72,1,0.666656494140625,90.00137331197071,0.0,2.2701877242070623e-05,0.5196850299835205
n357,P01_n155,74.25,0.25,60,3,0.6666717529296875,89.99931335973083,0.0,-1.0318916793039534e-05,0.33070865273475647
n358,P01_n156,74.5,0.25,57,3,0.6666717529296875,89.99931335973083,0.0,-1.0318916793039534e-05,0.29133859276771545
n359,P01_n157,74.75,0.25,60,3,0.6666717529296875,89.99931335973083,0.0,-1.0318916793039534e-05,0.28346458077430725
n362,P01_n158,75.0,0.25,50,3,0.666656494140625,90.00137331197071,0.0,2.2701877242070623e-05,0.3385826647281647
n360,P00_n192,75.0,0.25,67,1,0.666656494140625,90.00137331197071,0.0,2.2701877242070623e-05,0.4173228442668915
n361,P00_n193,75.0,0.25,71,1,0.666656494140625,90.00137331197071,0.0,2.2701877242070623e-05,0.4803149700164795
n365,P01_n159,75.25,0.25,57,3,0.6666717529296875,89.99931335973083,0.0,-1.0318916793039534e-05,0.3700787425041199
n363,P00_n194,75.25,0.25,69,1,0.6666717529296875,89.99931335973083,0.0,-1.0318916793039534e-05,0.4173228442668915
n364,P00_n195,75.25,0.25,72,1,0.6666717529296875,89.99931335973083,0.0,-1.0318916793039534e-05,0.4960629940032959
n368,P01_n160,75.5,0.25,53,3,0.6666717529296875,89.99931335973083,0.0,-1.0318916793039534e-05,0.3858267664909363
n366,P00_n196,75.5,0.5,65,1,0.6666717529296875,89.99931335973083,0.0,-1.0318916793039534e-05,0.4409448802471161
n367,P00_n197,75.5,0.5,69,1,0.6666717529296875,89.99931335973083,0.0,-1.0318916793039534e-05,0.5118110179901123
n369,P01_n161,75.75,0.25,57,3,0.666656494140625,90.00137331197071,0.0,2.2701877242070623e-05,0.4251968562602997
n372,P01_n162,76.0,0.25,52,3,0.6666717529296875,89.99931335973083,0.0,-1.0318916793039534e-05,0.4015747904777527
n370,P00_n198,76.0,0.25,69,1,0.6666717529296875,89.99931335973083,0.0,-1.0318916793039534e-05,0.4803149700164795
n371,P00_n199,76.0,0.25,72,1,0.6666717529296875,89.99931335973083,0.0,-1.0318916793039534e-05,0.5433070659637451
n375,P01_n163,76.25,0.25,59,3,0.6666717529296875,89.99931335973083,0.0,-1.0318916793039534e-05,0.4409448802471161
n373,P00_n200,76.25,0.25,71,1,0.6666717529296875,89.99931335973083,0.0,-1.0318916793039534e-05,0.5354330539703369
n374,P00_n201,76.25,0.25,74,1,0.6666717529296875,89.99931335973083,0.0,-1.0318916793039534e-05,0.5511810779571533
n378,P01_n164,76.5,0.25,56,3,0.666656494140625,90.00137331197071,0.0,2.2701877242070623e-05,0.4488188922405243
n376,P00_n202,76.5,0.5,68,1,0.666656494140625,90.00137331197071,0.0,2.2701877242070623e-05,0.5984252095222473
n377,P00_n203,76.5,0.5,71,1,0.666656494140625,90.00137331197071,0.0,2.2701877242070623e-05,0.5669291615486145
n379,P01_n165,76.75,0.25,59,3,0.6666717529296875,89.99931335973083,0.0,-1.0318916793039534e-05,0.4488188922405243
n382,P01_n166,77.0,0.25,40,3,0.6666717529296875,89.99931335973083,0.0,-1.0318916793039534e-05,0.4724409580230713
n380,P00_n204,77.0,0.25,65,1,0.6666717529296875,89.99931335973083,0.0,-1.0318916793039534e-05,0.4330708682537079
n381,P00_n205,77.0,0.25,69,1,0.6666717529296875,89.99931335973083,0.0,-1.0318916793039534e-05,0.5118110179901123
n385,P01_n167,77.25,0.25,62,3,0.666656494140625,90.00137331197071,0.0,2.2701877242070623e-05,0.4566929042339325
n383,P00_n206,77.25,0.25,68,1,0.666656494140625,90.00137331197071,0.0,2.2701877242070623e-05,0.5118110179901123
n384,P00_n207,77.25,0.25,71,1,0.666656494140625,90.00137331197071,0.0,2.2701877242070623e-05,0.5354330539703369
n388,P01_n168,77.5,0.25,59,3,0.6666717529296875,89.99931335973083,0.0,-1.0318916793039534e-05,0.4645669162273407
n386,P00_n208,77.5,0.5,64,1,0.6666717529296875,89.99931335973083,0.0,-1.0318916793039534e-05,0.4724409580230713
n387,P00_n209,77.5,0.5,68,1,0.6666717529296875,89.99931335973083,0.0,-1.0318916793039534e-05,0.5196850299835205
n389,P01_n169,77.75,0.25,62,3,0.6666717529296875,89.99931335973083,0.0,-1.0318916793039534e-05,0.4566929042339325
n393,P01_n170,78.0,1.0,57,3,0.6666679382324219,89.99982833895046,0.0,-2.0637894522224087e-06,0.4094488322734833
n390,P00_n210,78.0,2.0,60,1,0.6666679382324219,89.99982833895046,0.0,-2.0637894522224087e-06,0.4173228442668915
n391,P00_n211,78.0,2.0,64,1,0.6666679382324219,89.99982833895046,0.0,-2.0637894522224087e-06,0.4330708682537079
n392,P00_n212,78.0,2.0,69,1,0.6666679382324219,89.99982833895046,0.0,-2.0637894522224087e-06,0.4960629940032959
n394,P01_n171,79.0,1.0,45,3,0.6666656732559204,90.00013411065059,0.0,2.8893100534332916e-06,0.34645670652389526
n395,P00_n213,80.25,0.25,81,1,0.6666717529296875,89.99931335973083,0.0,-1.0318916793039534e-05,0.5039370059967041
n396,P00_n214,80.5,0.25,80,1,0.666656494140625,90.00137331197071,0.0,2.2701877242070623e-05,0.5433070659637451
n397,P00_n215,80.75,0.25,81,1,0.6666717529296875,89.99931335973083,0.0,-1.0318916793039534e-05,0.5354330539703369
n398,P00_n216,81.0,0.25,83,1,0.6666717529296875,89.99931335973083,0.0,-1.0318916793039534e-05,0.5275590419769287
n399,P00_n217,81.25,0.25,86,1,0.666656494140625,90.00137331197071,0.0,2.2701877242070623e-05,0.5354330539703369
n401,P01_n172,81.5,0.5,52,3,0.6666717529296875,89.99931335973083,0.0,-1.0318916793039534e-05,0.3779527544975281
n402,P01_n173,81.5,0.5,56,3,0.6666717529296875,89.99931335973083,0.0,-1.0318916793039534e-05,0.3858267664909363
n400,P00_n218,81.5,0.25,80,1,0.6666717529296875,89.99931335973083,0.0,-1.0318916793039534e-05,0.4960629940032959
n403,P00_n219,81.75,0.25,83,1,0.6666717529296875,89.99931335973083,0.0,-1.0318916793039534e-05,0.5354330539703369
n405,P01_n174,82.0,0.5,52,3,0.6666717529296875,89.99931335973083,0.0,-1.0318916793039534e-05,0.4015747904777527
n406,P01_n175,82.0,0.5,56,3,0.6666717529296875,89.99931335973083,0.0,-1.0318916793039534e-05,0.3937007784843445
n404,P00_n220,82.0,0.25,76,1,0.6666717529296875,89.99931335973083,0.0,-1.0318916793039534e-05,0.5354330539703369
n407,P00_n221,82.25,0.25,80,1,0.666656494140625,90.00137331197071,0.0,2.2701877242070623e-05,0.5905511975288391
n409,P01_n176,82.5,0.5,52,3,0.6666717529296875,89.99931335973083,0.0,-1.0318916793039534e-05,0.4173228442668915
n410,P01_n177,82.5,0.5,56,3,0.6666717529296875,89.99931335973083,0.0,-1.0318916793039534e-05,0.4015747904777527
n408,P00_n222,82.5,0.25,71,1,0.6666717529296875,89.99931335973083,0.0,-1.0318916793039534e-05,0.5354330539703369
n411,P00_n223,82.75,0.25,80,1,0.6666717529296875,89.99931335973083,0.0,-1.0318916793039534e-05,0.6062992215156555
n415,P01_n178,83.0,1.0,52,3,0.6666641235351562,90.00034332406358,0.0,6.19138563706656e-06,0.4803149700164795
n416,P01_n179,83.0,1.0,57,3,0.6666641235351562,90.00034332406358,0.0,6.19138563706656e-06,0.4094488322734833
n412,P00_n224,83.0,1.0,72,1,0.6666641235351562,90.00034332406358,0.0,6.19138563706656e-06,0.6062992215156555
n413,P00_n225,83.0,1.0,76,1,0.6666641235351562,90.00034332406358,0.0,6.19138563706656e-06,0.6062992215156555
n414,P00_n226,83.0,1.0,81,1,0.6666641235351562,90.00034332406358,0.0,6.19138563706656e-06,0.6299212574958801
n417,P01_n180,84.0,1.0,45,3,0.6666717529296875,89.99931335973083,0.0,-1.0318916793039534e-05,0.3700787425041199
n418,P00_n227,84.25,0.25,69,1,0.6666717529296875,89.99931335973083,0.0,-1.0318916793039534e-05,0.5354330539703369
n419,P00_n228,84.5,0.25,68,1,0.666656494140625,90.00137331197071,0.0,2.2701877242070623e-05,0.5511810779571533
n420,P00_n229,84.75,0.25,69,1,0.6666717529296875,89.99931335973083,0.0,-1.0318916793039534e-05,0.5275590419769287
n421,P00_n230,85.0,0.25,71,1,0.6666717529296875,89.99931335973083,0.0,-1.0318916793039534e-05,0.5196850299835205
n422,P00_n231,85.25,0.25,74,1,0.666656494140625,90.00137331197071,0.0,2.2701877242070623e-05,0.5354330539703369
n424,P01_n181,85.5,0.5,40,3,0.6666717529296875,89.99931335973083,0.0,-1.0318916793039534e-05,0.3858267664909363
n425,P01_n182,85.5,0.5,44,3,0.6666717529296875,89.99931335973083,0.0,-1.0318916793039534e-05,0.4251968562602997
n423,P00_n232,85.5,0.25,68,1,0.6666717529296875,89.99931335973083,0.0,-1.0318916793039534e-05,0.5196850299835205
n426,P00_n233,85.75,0.25,71,1,0.6666717529296875,89.99931335973083,0.0,-1.0318916793039534e-05,0.5354330539703369
n428,P01_n183,86.0,0.5,40,3,0.6666717529296875,89.99931335973083,0.0,-1.0318916793039534e-05,0.4409448802471161
n429,P01_n184,86.0,0.5,44,3,0.6666717529296875,89.99931335973083,0.0,-1.0318916793039534e-05,0.4488188922405243
n427,P00_n234,86.0,0.25,64,1,0.6666717529296875,89.99931335973083,0.0,-1.0318916793039534e-05,0.5669291615486145
n430,P00_n235,86.25,0.25,68,1,0.666656494140625,90.00137331197071,0.0,2.2701877242070623e-05,0.5984252095222473
n432,P01_n185,86.5,0.5,40,3,0.6666717529296875,89.99931335973083,0.0,-1.0318916793039534e-05,0.4330708682537079
n433,P01_n186,86.5,0.5,44,3,0.6666717529296875,89.99931335973083,0.0,-1.0318916793039534e-05,0.4645669162273407
n431,P00_n236,86.5,0.25,59,1,0.6666717529296875,89.99931335973083,0.0,-1.0318916793039534e-05,0.4960629940032959
n434,P00_n237,86.75,0.25,62,1,0.6666717529296875,89.99931335973083,0.0,-1.0318916793039534e-05,0.5196850299835205
n438,P01_n187,87.0,1.0,40,3,0.6666656732559204,90.00013411065059,0.0,2.8893100534332916e-06,0.4330708682537079
n439,P01_n188,87.0,1.0,45,3,0.6666656732559204,90.00013411065059,0.0,2.8893100534332916e-06,0.4015747904777527
n435,P00_n238,87.0,1.0,60,1,0.6666656732559204,90.00013411065059,0.0,2.8893100534332916e-06,0.5590550899505615
n436,P00_n239,87.0,1.0,64,1,0.6666656732559204,90.00013411065059,0.0,2.8893100534332916e-06,0.5354330539703369
n437,P00_n240,87.0,1.0,69,1,0.6666656732559204,90.00013411065059,0.0,2.8893100534332916e-06,0.5826771855354309
n440,P00_n241,88.25,0.25,81,1,0.6666717529296875,89.99931335973083,0.0,-1.0318916793039534e-05,0.5039370059967041
n441,P00_n242,88.5,0.25,80,1,0.666656494140625,90.00137331197071,0.0,2.2701877242070623e-05,0.5118110179901123
n442,P00_n243,88.75,0.25,81,1,0.6666717529296875,89.99931335973083,0.0,-1.0318916793039534e-05,0.5039370059967041
n443,P00_n244,89.0,0.25,83,1,0.6666717529296875,89.99931335973083,0.0,-1.0318916793039534e-05,0.5196850299835205
n444,P00_n245,89.25,0.25,86,1,0.666656494140625,90.00137331197071,0.0,2.2701877242070623e-05,0.5196850299835205
n446,P01_n189,89.5,0.5,52,3,0.6666717529296875,89.99931335973083,0.0,-1.0318916793039534e-05,0.4251968562602997
n447,P01_n190,89.5,0.5,56,3,0.6666717529296875,89.99931335973083,0.0,-1.0318916793039534e-05,0.4409448802471161
n445,P00_n246,89.5,0.25,80,1,0.6666717529296875,89.99931335973083,0.0,-1.0318916793039534e-05,0.5118110179901123
n448,P00_n247,89.75,0.25,83,1,0.6666717529296875,89.99931335973083,0.0,-1.0318916793039534e-05,0.5433070659637451
n450,P01_n191,90.0,0.5,52,3,0.6666717529296875,89.99931335973083,0.0,-1.0318916793039534e-05,0.4566929042339325
n451,P01_n192,90.0,0.5,56,3,0.6666717529296875,89.99931335973083,0.0,-1.0318916793039534e-05,0.4645669162273407
n449,P00_n248,90.0,0.25,76,1,0.6666717529296875,89.99931335973083,0.0,-1.0318916793039534e-05,0.5984252095222473
n452,P00_n249,90.25,0.25,80,1,0.666656494140625,90.00137331197071,0.0,2.2701877242070623e-05,0.5905511975288391
n454,P01_n193,90.5,0.5,52,3,0.6666717529296875,89.99931335973083,0.0,-1.0318916793039534e-05,0.4173228442668915
n455,P01_n194,90.5,0.5,56,3,0.6666717529296875,89.99931335973083,0.0,-1.0318916793039534e-05,0.4488188922405243
n453,P00_n250,90.5,0.25,71,1,0.6666717529296875,89.99931335973083,0.0,-1.0318916793039534e-05,0.5511810779571533
n456,P00_n251,90.75,0.25,74,1,0.6666717529296875,89.99931335973083,0.0,-1.0318916793039534e-05,0.5905511975288391
n457,P00_n252,91.0,0.25,84,1,0.666656494140625,90.00137331197071,0.0,2.2701877242070623e-05,0.6062992215156555
n458,P00_n253,91.25,0.25,88,1,0.6666717529296875,89.99931335973083,0.0,-1.0318916793039534e-05,0.5590550899505615
n460,P01_n195,91.5,0.5,57,3,0.6666717529296875,89.99931335973083,0.0,-1.0318916793039534e-05,0.4330708682537079
n461,P01_n196,91.5,0.5,60,3,0.6666717529296875,89.99931335973083,0.0,-1.0318916793039534e-05,0.4015747904777527
n459,P00_n254,91.5,0.25,81,1,0.6666717529296875,89.99931335973083,0.0,-1.0318916793039534e-05,0.5275590419769287
n462,P00_n255,91.75,0.25,84,1,0.666656494140625,90.00137331197071,0.0,2.2701877242070623e-05,0.5905511975288391
n464,P01_n197,92.0,0.5,57,3,0.6666717529296875,89.99931335973083,0.0,-1.0318916793039534e-05,0.4409448802471161
n465,P01_n198,92.0,0.5,60,3,0.6666717529296875,89.99931335973083,0.0,-1.0318916793039534e-05,0.4566929042339325
n463,P00_n256,92.0,0.25,76,1,0.6666717529296875,89.99931335973083,0.0,-1.0318916793039534e-05,0.5984252095222473
n466,P00_n257,92.25,0.25,81,1,0.6666717529296875,89.99931335973083,0.0,-1.0318916793039534e-05,0.5984252095222473
n468,P01_n199,92.5,0.5,57,3,0.6666641235351562,90.00034332406358,0.0,6.19138563706656e-06,0.4724409580230713
n469,P01_n200,92.5,0.5,60,3,0.6666641235351562,90.00034332406358,0.0,6.19138563706656e-06,0.4724409580230713
n467,P00_n258,92.5,0.5,72,1,0.6666641235351562,90.00034332406358,0.0,6.19138563706656e-06,0.6299212574958801
n470,P00_n259,93.0,0.25,86,1,0.6666717529296875,89.99931335973083,0.0,-1.0318916793039534e-05,0.5511810779571533
n471,P00_n260,93.25,0.25,89,1,0.6666717529296875,89.99931335973083,0.0,-1.0318916793039534e-05,0.5748031735420227
n473,P01_n201,93.5,0.5,59,3,0.666656494140625,90.00137331197071,0.0,2.2701877242070623e-05,0.5196850299835205
n474,P01_n202,93.5,0.5,62,3,0.666656494140625,90.00137331197071,0.0,2.2701877242070623e-05,0.4881889820098877
n472,P00_n261,93.5,0.25,83,1,0.666656494140625,90.00137331197071,0.0,2.2701877242070623e-05,0.5275590419769287
n475,P00_n262,93.75,0.25,86,1,0.6666717529296875,89.99931335973083,0.0,-1.0318916793039534e-05,0.6377952694892883
n477,P01_n203,94.0,0.5,59,3,0.6666717529296875,89.99931335973083,0.0,-1.0318916793039534e-05,0.4960629940032959
n478,P01_n204,94.0,0.5,62,3,0.6666717529296875,89.99931335973083,0.0,-1.0318916793039534e-05,0.4960629940032959
n476,P00_n263,94.0,0.25,79,1,0.6666717529296875,89.99931335973083,0.0,-1.0318916793039534e-05,0.6220472455024719
n479,P00_n264,94.25,0.25,83,1,0.666656494140625,90.00137331197071,0.0,2.2701877242070623e-05,0.5984252095222473
n481,P01_n205,94.5,0.5,59,3,0.6666717529296875,89.99931335973083,0.0,-1.0318916793039534e-05,0.5196850299835205
n482,P01_n206,94.5,0.5,62,3,0.6666717529296875,89.99931335973083,0.0,-1.0318916793039534e-05,0.5118110179901123
n480,P00_n265,94.5,0.25,74,1,0.6666717529296875,89.99931335973083,0.0,-1.0318916793039534e-05,0.5984252095222473
n483,P00_n266,94.75,0.25,79,1,0.6666717529296875,89.99931335973083,0.0,-1.0318916793039534e-05,0.5748031735420227
n485,P01_n207,95.0,1.0,60,3,0.666656494140625,90.00137331197071,0.0,2.2701877242070623e-05,0.4960629940032959
n486,P01_n208,95.0,1.0,64,3,0.666656494140625,90.00137331197071,0.0,2.2701877242070623e-05,0.5354330539703369
n484,P00_n267,95.0,0.25,88,1,0.666656494140625,90.00137331197071,0.0,2.2701877242070623e-05,0.5590550899505615
n487,P00_n268,95.25,0.25,91,1,0.6666717529296875,89.99931335973083,0.0,-1.0318916793039534e-05,0.5590550899505615
n488,P00_n269,95.5,0.25,84,1,0.6666717529296875,89.99931335973083,0.0,-1.0318916793039534e-05,0.5118110179901123
n489,P00_n270,95.75,0.25,88,1,0.666656494140625,90.00137331197071,0.0,2.2701877242070623e-05,0.5275590419769287
n490,P00_n271,96.0,0.25,81,1,0.66668701171875,89.99725350178522,0.0,-4.333895776653662e-05,0.5196850299835205
n491,P00_n272,96.25,0.25,84,1,0.666656494140625,90.00137331197071,0.0,2.2701877242070623e-05,0.4881889820098877
n492,P00_n273,96.5,0.25,76,1,0.666656494140625,90.00137331197071,0.0,2.2701877242070623e-05,0.4881889820098877
n493,P00_n274,96.75,0.25,81,1,0.66668701171875,89.99725350178522,0.0,-4.333895776653662e-05,0.4803149700164795
n495,P01_n209,97.0,0.25,53,3,0.666656494140625,90.00137331197071,0.0,2.2701877242070623e-05,0.4409448802471161
n494,P00_n275,97.0,0.25,65,1,0.666656494140625,90.00137331197071,0.0,2.2701877242070623e-05,0.4488188922405243
n497,P01_n210,97.25,0.25,52,3,0.666656494140625,90.00137331197071,0.0,2.2701877242070623e-05,0.4251968562602997
n496,P00_n276,97.25,0.25,64,1,0.666656494140625,90.00137331197071,0.0,2.2701877242070623e-05,0.4881889820098877
n499,P01_n211,97.5,0.25,50,3,0.66668701171875,89.99725350178522,0.0,-4.333895776653662e-05,0.4094488322734833
n498,P00_n277,97.5,0.25,62,1,0.66668701171875,89.99725350178522,0.0,-4.333895776653662e-05,0.4803149700164795
n501,P01_n212,97.75,0.25,48,3,0.666656494140625,90.00137331197071,0.0,2.2701877242070623e-05,0.4251968562602997
n500,P00_n278,97.75,0.25,60,1,0.666656494140625,90.00137331197071,0.0,2.2701877242070623e-05,0.4566929042339325
n503,P01_n213,98.0,0.25,47,3,0.666656494140625,90.00137331197071,0.0,2.2701877242070623e-05,0.4488188922405243
n502,P00_n279,98.0,0.25,59,1,0.666656494140625,90.00137331197071,0.0,2.2701877242070623e-05,0.4881889820098877
n505,P01_n214,98.25,0.25,44,3,0.66668701171875,89.99725350178522,0.0,-4.333895776653662e-05,0.4409448802471161
n504,P00_n280,98.25,0.25,56,1,0.66668701171875,89.99725350178522,0.0,-4.333895776653662e-05,0.4488188922405243
n507,P01_n215,98.5,0.25,44,3,0.666656494140625,90.00137331197071,0.0,2.2701877242070623e-05,0.4251968562602997
n506,P00_n281,98.5,0.25,56,1,0.666656494140625,90.00137331197071,0.0,2.2701877242070623e-05,0.3937007784843445
n509,P01_n216,98.75,0.25,52,3,0.666656494140625,90.00137331197071,0.0,2.2701877242070623e-05,0.4409448802471161
n508,P00_n282,98.75,0.25,64,1,0.666656494140625,90.00137331197071,0.0,2.2701877242070623e-05,0.5196850299835205
n511,P01_n217,99.0,0.5,52,3,0.66668701171875,89.99725350178522,0.0,-4.333895776653662e-05,0.4251968562602997
n510,P00_n283,99.0,0.25,64,1,0.66668701171875,89.99725350178522,0.0,-4.333895776653662e-05,0.4566929042339325
n512,P00_n284,99.25,0.25,62,1,0.666656494140625,90.00137331197071,0.0,2.2701877242070623e-05,0.5039370059967041
n514,P01_n218,99.5,0.5,40,3,0.666656494140625,90.00137331197071,0.0,2.2701877242070623e-05,0.3700787425041199
n515,P01_n219,99.5,0.5,44,3,0.666656494140625,90.00137331197071,0.0,2.2701877242070623e-05,0.4330708682537079
n513,P00_n285,99.5,0.25,60,1,0.666656494140625,90.00137331197071,0.0,2.2701877242070623e-05,0.4724409580230713
n516,P00_n286,99.75,0.25,59,1,0.66668701171875,89.99725350178522,0.0,-4.333895776653662e-05,0.4881889820098877
n518,P01_n220,100.0,0.5,48,3,0.666656494140625,90.00137331197071,0.0,2.2701877242070623e-05,0.4251968562602997
n517,P00_n287,100.0,0.25,57,1,0.666656494140625,90.00137331197071,0.0,2.2701877242070623e-05,0.4645669162273407
n519,P00_n288,100.25,0.25,55,1,0.666656494140625,90.00137331197071,0.0,2.2701877242070623e-05,0.4645669162273407
n521,P01_n221,100.5,0.5,40,3,0.66668701171875,89.99725350178522,0.0,-4.333895776653662e-05,0.4251968562602997
n522,P01_n222,100.5,0.5,45,3,0.66668701171875,89.99725350178522,0.0,-4.333895776653662e-05,0.4251968562602997
n520,P00_n289,100.5,0.25,53,1,0.66668701171875,89.99725350178522,0.0,-4.333895776653662e-05,0.4330708682537079
n523,P00_n290,100.75,0.25,50,1,0.666656494140625,90.00137331197071,0.0,2.2701877242070623e-05,0.4173228442668915
n525,P01_n223,101.0,1.0,45,3,0.666656494140625,90.00137331197071,0.0,2.2701877242070623e-05,0.4251968562602997
n526,P01_n224,101.0,1.0,48,3,0.666656494140625,90.00137331197071,0.0,2.2701877242070623e-05,0.4566929042339325
n524,P00_n291,101.0,0.25,52,1,0.666656494140625,90.00137331197071,0.0,2.2701877242070623e-05,0.4330708682537079
n527,P00_n292,101.25,0.25,57,1,0.66668701171875,89.99725350178522,0.0,-4.333895776653662e-05,0.4960629940032959
n528,P00_n293,101.5,0.25,60,1,0.666656494140625,90.00137331197071,0.0,2.2701877242070623e-05,0.4960629940032959
n529,P00_n294,101.75,0.25,64,1,0.666656494140625,90.00137331197071,0.0,2.2701877242070623e-05,0.4645669162273407
n531,P01_n225,102.0,0.5,44,3,0.66668701171875,89.99725350178522,0.0,-4.333895776653662e-05,0.4566929042339325
n532,P01_n226,102.0,0.5,47,3,0.66668701171875,89.99725350178522,0.0,-4.333895776653662e-05,0.4409448802471161
n530,P00_n295,102.0,0.25,52,1,0.66668701171875,89.99725350178522,0.0,-4.333895776653662e-05,0.4803149700164795
n533,P00_n296,102.25,0.25,64,1,0.666656494140625,90.00137331197071,0.0,2.2701877242070623e-05,0.5511810779571533
n535,P01_n227,102.5,0.5,44,3,0.666656494140625,90.00137331197071,0.0,2.2701877242070623e-05,0.5196850299835205
n536,P01_n228,102.5,0.5,47,3,0.666656494140625,90.00137331197071,0.0,2.2701877242070623e-05,0.4566929042339325
n534,P00_n297,102.5,0.25,56,1,0.666656494140625,90.00137331197071,0.0,2.2701877242070623e-05,0.4645669162273407
n537,P00_n298,102.75,0.25,64,1,0.66668701171875,89.99725350178522,0.0,-4.333895776653662e-05,0.5118110179901123
n539,P01_n229,103.0,1.0,45,3,0.666656494140625,90.00137331197071,0.0,2.2701877242070623e-05,0.4409448802471161
n540,P01_n230,103.0,1.0,48,3,0.666656494140625,90.00137331197071,0.0,2.2701877242070623e-05,0.4330708682537079
n538,P00_n299,103.0,0.25,52,1,0.666656494140625,90.00137331197071,0.0,2.2701877242070623e-05,0.4645669162273407
n541,P00_n300,103.25,0.25,57,1,0.66668701171875,89.99725350178522,0.0,-4.333895776653662e-05,0.5039370059967041
n542,P00_n301,103.5,0.25,60,1,0.666656494140625,90.00137331197071,0.0,2.2701877242070623e-05,0.4960629940032959
n543,P00_n302,103.75,0.25,64,1,0.666656494140625,90.00137331197071,0.0,2.2701877242070623e-05,0.5118110179901123
n545,P01_n231,104.0,0.5,44,3,0.66668701171875,89.99725350178522,0.0,-4.333895776653662e-05,0.4409448802471161
n546,P01_n232,104.0,0.5,47,3,0.66668701171875,89.99725350178522,0.0,-4.333895776653662e-05,0.4173228442668915
n544,P00_n303,104.0,0.25,52,1,0.66668701171875,89.99725350178522,0.0,-4.333895776653662e-05,0.4645669162273407
n547,P00_n304,104.25,0.25,64,1,0.666656494140625,90.00137331197071,0.0,2.2701877242070623e-05,0.5748031735420227
n549,P01_n233,104.5,0.5,44,3,0.666656494140625,90.00137331197071,0.0,2.2701877242070623e-05,0.5354330539703369
n550,P01_n234,104.5,0.5,47,3,0.666656494140625,90.00137331197071,0.0,2.2701877242070623e-05,0.4645669162273407
n548,P00_n305,104.5,0.25,56,1,0.666656494140625,90.00137331197071,0.0,2.2701877242070623e-05,0.4566929042339325
n551,P00_n306,104.75,0.25,64,1,0.66668701171875,89.99725350178522,0.0,-4.333895776653662e-05,0.5511810779571533
n553,P01_n235,105.0,1.0,40,3,0.666656494140625,90.00137331197071,0.0,2.2701877242070623e-05,0.5039370059967041
n554,P01_n236,105.0,1.0,48,3,0.666656494140625,90.00137331197071,0.0,2.2701877242070623e-05,0.4724409580230713
n552,P00_n307,105.0,0.25,52,1,0.666656494140625,90.00137331197071,0.0,2.2701877242070623e-05,0.5039370059967041
n555,P00_n308,105.25,0.25,57,1,0.666656494140625,90.00137331197071,0.0,2.2701877242070623e-05,0.4881889820098877
n556,P00_n309,105.5,0.25,60,1,0.66668701171875,89.99725350178522,0.0,-4.333895776653662e-05,0.4645669162273407
n557,P00_n310,105.75,0.25,64,1,0.666656494140625,90.00137331197071,0.0,2.2701877242070623e-05,0.4881889820098877
n559,P01_n237,106.0,0.5,47,3,0.666656494140625,90.00137331197071,0.0,2.2701877242070623e-05,0.3700787425041199
n560,P01_n238,106.0,0.5,50,3,0.666656494140625,90.00137331197071,0.0,2.2701877242070623e-05,0.4330708682537079
n558,P00_n311,106.0,0.25,52,1,0.666656494140625,90.00137331197071,0.0,2.2701877242070623e-05,0.4330708682537079
n561,P00_n312,106.25,0.25,64,1,0.66668701171875,89.99725350178522,0.0,-4.333895776653662e-05,0.5433070659637451
n563,P01_n239,106.5,0.5,47,3,0.666656494140625,90.00137331197071,0.0,2.2701877242070623e-05,0.4251968562602997
n564,P01_n240,106.5,0.5,50,3,0.666656494140625,90.00137331197071,0.0,2.2701877242070623e-05,0.4409448802471161
n562,P00_n313,106.5,0.25,56,1,0.666656494140625,90.00137331197071,0.0,2.2701877242070623e-05,0.4566929042339325
n565,P00_n314,106.75,0.25,64,1,0.666656494140625,90.00137331197071,0.0,2.2701877242070623e-05,0.5511810779571533
n567,P01_n241,107.0,2.0,45,3,0.6666666865348816,89.99999731779107,0.0,6.879304237372708e-07,0.5039370059967041
n568,P01_n242,107.0,2.0,48,3,0.6666666865348816,89.99999731779107,0.0,6.879304237372708e-07,0.3937007784843445
n569,P01_n243,107.0,2.0,52,3,0.6666666865348816,89.99999731779107,0.0,6.879304237372708e-07,0.4015747904777527
n566,P00_n315,107.0,2.0,57,1,0.6666666865348816,89.99999731779107,0.0,6.879304237372708e-07,0.5039370059967041
n572,P01_n244,110.0,0.5,45,3,0.6666717529296875,89.99931335973083,0.0,-1.0318916793039534e-05,0.3779527544975281
n571,P00_n316,110.0,0.5,76,2,0.6666717529296875,89.99931335973083,0.0,-1.0318916793039534e-05,0.5748031735420227
n574,P01_n245,110.5,0.5,52,3,0.6666717529296875,89.99931335973083,0.0,-1.0318916793039534e-05,0.4251968562602997
n573,P00_n317,110.5,0.5,74,2,0.6666717529296875,89.99931335973083,0.0,-1.0318916793039534e-05,0.5826771855354309
n577,P01_n246,111.0,0.5,60,3,0.6666717529296875,89.99931335973083,0.0,-1.0318916793039534e-05,0.4724409580230713
n576,P00_n318,111.0,0.5,72,2,0.6666717529296875,89.99931335973083,0.0,-1.0318916793039534e-05,0.5669291615486145
n575,P00_n319,111.0,0.5,81,1,0.6666717529296875,89.99931335973083,0.0,-1.0318916793039534e-05,0.5984252095222473
n580,P01_n247,111.5,0.5,57,3,0.666656494140625,90.00137331197071,0.0,2.2701877242070623e-05,0.4330708682537079
n579,P00_n320,111.5,0.5,71,2,0.666656494140625,90.00137331197071,0.0,2.2701877242070623e-05,0.5590550899505615
n578,P00_n321,111.5,0.5,79,1,0.666656494140625,90.00137331197071,0.0,2.2701877242070623e-05,0.5905511975288391
n583,P01_n248,112.0,0.5,64,3,0.6666717529296875,89.99931335973083,0.0,-1.0318916793039534e-05,0.4803149700164795
n582,P00_n322,112.0,0.5,72,2,0.6666717529296875,89.99931335973083,0.0,-1.0318916793039534e-05,0.5118110179901123
n581,P00_n323,112.0,1.0,81,1,0.6666717529296875,89.99931335973083,0.0,-1.0318916793039534e-05,0.7007874250411987
n585,P01_n249,112.5,0.5,52,3,0.6666717529296875,89.99931335973083,0.0,-1.0318916793039534e-05,0.3858267664909363
n584,P00_n324,112.5,0.5,69,2,0.6666717529296875,89.99931335973083,0.0,-1.0318916793039534e-05,0.4803149700164795
n587,P01_n250,113.0,0.5,45,3,0.666656494140625,90.00137331197071,0.0,2.2701877242070623e-05,0.4173228442668915
n586,P00_n325,113.0,0.5,79,1,0.666656494140625,90.00137331197071,0.0,2.2701877242070623e-05,0.5669291615486145
n589,P01_n251,113.5,0.5,53,3,0.6666717529296875,89.99931335973083,0.0,-1.0318916793039534e-05,0.34645670652389526
n588,P00_n326,113.5,0.5,81,1,0.6666717529296875,89.99931335973083,0.0,-1.0318916793039534e-05,0.5590550899505615
n591,P01_n252,114.0,0.5,60,3,0.6666717529296875,89.99931335973083,0.0,-1.0318916793039534e-05,0.3385826647281647
n590,P00_n327,114.0,2.0,76,1,0.6666717529296875,89.99931335973083,0.0,-1.0318916793039534e-05,0.5826771855354309
n592,P01_n253,114.5,0.5,57,3,0.666656494140625,90.00137331197071,0.0,2.2701877242070623e-05,0.32283464074134827
n593,P01_n254,115.0,0.5,65,3,0.6666717529296875,89.99931335973083,0.0,-1.0318916793039534e-05,0.3779527544975281
n594,P01_n255,115.5,0.5,53,3,0.6666717529296875,89.99931335973083,0.0,-1.0318916793039534e-05,0.33070865273475647
n596,P01_n256,116.0,0.5,45,3,0.666656494140625,90.00137331197071,0.0,2.2701877242070623e-05,0.33070865273475647
n595,P00_n328,116.0,1.0,74,1,0.666656494140625,90.00137331197071,0.0,2.2701877242070623e-05,0.5118110179901123
n597,P01_n257,116.5,0.5,56,3,0.6666717529296875,89.99931335973083,0.0,-1.0318916793039534e-05,0.35433071851730347
n599,P01_n258,117.0,0.5,62,3,0.6666717529296875,89.99931335973083,0.0,-1.0318916793039534e-05,0.3858267664909363
n598,P00_n329,117.0,0.5,64,1,0.6666717529296875,89.99931335973083,0.0,-1.0318916793039534e-05,0.4330708682537079
n601,P01_n259,117.5,0.5,59,3,0.666656494140625,90.00137331197071,0.0,2.2701877242070623e-05,0.3937007784843445
n600,P00_n330,117.5,0.5,65,1,0.666656494140625,90.00137331197071,0.0,2.2701877242070623e-05,0.4645669162273407
n603,P01_n260,118.0,0.5,65,3,0.6666717529296875,89.99931335973083,0.0,-1.0318916793039534e-05,0.4094488322734833
n602,P00_n331,118.0,0.75,79,1,0.6666717529296875,89.99931335973083,0.0,-1.0318916793039534e-05,0.6141732335090637
n604,P01_n261,118.5,0.5,53,3,0.66668701171875,89.99725350178522,0.0,-4.333895776653662e-05,0.3937007784843445
n605,P00_n332,118.75,0.25,77,1,0.666656494140625,90.00137331197071,0.0,2.2701877242070623e-05,0.6220472455024719
n607,P01_n262,119.0,0.5,45,3,0.6666717529296875,89.99931335973083,0.0,-1.0318916793039534e-05,0.4251968562602997
n606,P00_n333,119.0,3.0,76,1,0.6666717529296875,89.99931335973083,0.0,-1.0318916793039534e-05,0.6456692814826965
n608,P01_n263,119.5,0.5,52,3,0.666656494140625,90.00137331197071,0.0,2.2701877242070623e-05,0.34645670652389526
n609,P01_n264,120.0,0.5,60,3,0.6666717529296875,89.99931335973083,0.0,-1.0318916793039534e-05,0.3700787425041199
n610,P01_n265,120.5,0.5,57,3,0.6666717529296875,89.99931335973083,0.0,-1.0318916793039534e-05,0.32283464074134827
n611,P01_n266,121.0,0.5,64,3,0.666656494140625,90.00137331197071,0.0,2.2701877242070623e-05,0.4015747904777527
n612,P01_n267,121.5,0.5,52,3,0.6666717529296875,89.99931335973083,0.0,-1.0318916793039534e-05,0.3937007784843445
n614,P01_n268,122.0,0.5,41,3,0.6666717529296875,89.99931335973083,0.0,-1.0318916793039534e-05,0.3779527544975281
n613,P00_n334,122.0,1.0,81,1,0.6666717529296875,89.99931335973083,0.0,-1.0318916793039534e-05,0.6614173054695129
n615,P01_n269,122.5,0.5,53,3,0.666656494140625,90.00137331197071,0.0,2.2701877242070623e-05,0.3700787425041199
n618,P01_n270,123.0,0.5,60,3,0.6666717529296875,89.99931335973083,0.0,-1.0318916793039534e-05,0.4015747904777527
n616,P00_n335,123.0,0.5,81,1,0.6666717529296875,89.99931335973083,0.0,-1.0318916793039534e-05,0.5905511975288391
n617,P00_n336,123.0,0.5,84,1,0.6666717529296875,89.99931335973083,0.0,-1.0318916793039534e-05,0.6377952694892883
n621,P01_n271,123.5,0.5,57,3,0.6666717529296875,89.99931335973083,0.0,-1.0318916793039534e-05,0.4173228442668915
n619,P00_n337,123.5,0.5,79,1,0.6666717529296875,89.99931335973083,0.0,-1.0318916793039534e-05,0.5905511975288391
n620,P00_n338,123.5,0.5,83,1,0.6666717529296875,89.99931335973083,0.0,-1.0318916793039534e-05,0.6456692814826965
n624,P01_n272,124.0,0.5,65,3,0.666656494140625,90.00137331197071,0.0,2.2701877242070623e-05,0.4803149700164795
n622,P00_n339,124.0,0.75,77,1,0.666656494140625,90.00137331197071,0.0,2.2701877242070623e-05,0.6850393414497375
n623,P00_n340,124.0,0.75,81,1,0.666656494140625,90.00137331197071,0.0,2.2701877242070623e-05,0.6614173054695129
n625,P01_n273,124.5,0.5,53,3,0.66668701171875,89.99725350178522,0.0,-4.333895776653662e-05,0.4645669162273407
n626,P00_n341,124.75,0.25,72,1,0.666656494140625,90.00137331197071,0.0,2.2701877242070623e-05,0.6141732335090637
n627,P00_n342,124.75,0.25,76,1,0.666656494140625,90.00137331197071,0.0,2.2701877242070623e-05,0.6299212574958801
n630,P01_n274,125.0,0.5,38,3,0.6666717529296875,89.99931335973083,0.0,-1.0318916793039534e-05,0.4881889820098877
n628,P00_n343,125.0,1.0,76,1,0.6666717529296875,89.99931335973083,0.0,-1.0318916793039534e-05,0.7322834730148315
n629,P00_n344,125.0,1.0,79,1,0.6666717529296875,89.99931335973083,0.0,-1.0318916793039534e-05,0.6929134130477905
n631,P01_n275,125.5,0.5,45,3,0.6666717529296875,89.99931335973083,0.0,-1.0318916793039534e-05,0.3700787425041199
n634,P01_n276,126.0,0.5,57,3,0.666656494140625,90.00137331197071,0.0,2.2701877242070623e-05,0.36220473051071167
n632,P00_n345,126.0,2.0,74,1,0.666656494140625,90.00137331197071,0.0,2.2701877242070623e-05,0.6456692814826965
n633,P00_n346,126.0,2.0,77,1,0.666656494140625,90.00137331197071,0.0,2.2701877242070623e-05,0.6456692814826965
n635,P01_n277,126.5,0.5,53,3,0.6666717529296875,89.99931335973083,0.0,-1.0318916793039534e-05,0.35433071851730347
n636,P01_n278,127.0,0.5,62,3,0.6666717529296875,89.99931335973083,0.0,-1.0318916793039534e-05,0.3937007784843445
n637,P01_n279,127.5,0.5,50,3,0.666656494140625,90.00137331197071,0.0,2.2701877242070623e-05,0.3700787425041199
n639,P01_n280,128.0,0.5,40,3,0.6666717529296875,89.99931335973083,0.0,-1.0318916793039534e-05,0.4094488322734833
n638,P00_n347,128.0,0.5,74,1,0.6666717529296875,89.99931335973083,0.0,-1.0318916793039534e-05,0.5275590419769287
n641,P01_n281,128.5,0.5,52,3,0.6666717529296875,89.99931335973083,0.0,-1.0318916793039534e-05,0.3779527544975281
n640,P00_n348,128.5,0.5,73,1,0.6666717529296875,89.99931335973083,0.0,-1.0318916793039534e-05,0.5511810779571533
n643,P01_n282,129.0,0.5,59,3,0.666656494140625,90.00137331197071,0.0,2.2701877242070623e-05,0.4251968562602997
n642,P00_n349,129.0,0.5,74,1,0.666656494140625,90.00137331197071,0.0,2.2701877242070623e-05,0.5354330539703369
n645,P01_n283,129.5,0.5,56,3,0.6666717529296875,89.99931335973083,0.0,-1.0318916793039534e-05,0.4881889820098877
n644,P00_n350,129.5,0.5,77,1,0.6666717529296875,89.99931335973083,0.0,-1.0318916793039534e-05,0.5826771855354309
n647,P01_n284,130.0,0.5,68,3,0.6666717529296875,89.99931335973083,0.0,-1.0318916793039534e-05,0.5511810779571533
n646,P00_n351,130.0,0.5,76,1,0.6666717529296875,89.99931335973083,0.0,-1.0318916793039534e-05,0.5511810779571533
n649,P01_n285,130.5,0.5,59,3,0.666656494140625,90.00137331197071,0.0,2.2701877242070623e-05,0.4881889820098877
n648,P00_n352,130.5,0.5,64,1,0.666656494140625,90.00137331197071,0.0,2.2701877242070623e-05,0.5354330539703369
n652,P01_n286,131.0,0.5,45,3,0.6666717529296875,89.99931335973083,0.0,-1.0318916793039534e-05,0.4881889820098877
n650,P00_n353,131.0,1.0,71,1,0.6666717529296875,89.99931335973083,0.0,-1.0318916793039534e-05,0.6692913174629211
n651,P00_n354,131.0,1.0,74,1,0.6666717529296875,89.99931335973083,0.0,-1.0318916793039534e-05,0.6614173054695129
n654,P01_n287,131.5,0.5,52,3,0.6666717529296875,89.99931335973083,0.0,-1.0318916793039534e-05,0.5354330539703369
n657,P01_n288,132.0,0.5,60,3,0.666656494140625,90.00137331197071,0.0,2.2701877242070623e-05,0.5118110179901123
n655,P00_n355,132.0,2.0,69,1,0.666656494140625,90.00137331197071,0.0,2.2701877242070623e-05,0.6614173054695129
n656,P00_n356,132.0,2.0,72,1,0.666656494140625,90.00137331197071,0.0,2.2701877242070623e-05,0.6692913174629211
n658,P01_n289,132.5,0.5,57,3,0.6666717529296875,89.99931335973083,0.0,-1.0318916793039534e-05,0.5433070659637451
n659,P01_n290,133.0,0.5,64,3,0.6666717529296875,89.99931335973083,0.0,-1.0318916793039534e-05,0.5826771855354309
n660,P01_n291,133.5,0.5,52,3,0.6666717529296875,89.99931335973083,0.0,-1.0318916793039534e-05,0.5039370059967041
n662,P01_n292,134.0,0.5,45,3,0.6667201519012451,89.99278007257118,0.0,-0.00011499274842208251,0.4803149700164795
n661,P00_n357,134.0,0.3330078125,76,1,0.6667201519012451,89.99278007257118,0.0,5.906437309022294e-06,0.5669291615486145
n663,P00_n358,134.3330078125,0.333984375,75,1,0.6665295958518982,90.01850836542884,0.0,0.00048480412806384265,0.5826771855354309
n664,P01_n293,134.5,0.5,52,3,0.6665753126144409,90.01233448725857,0.0,0.00019843928748741746,0.5275590419769287
n665,P00_n359,134.6669921875,0.3330078125,76,1,0.6667201519012451,89.99278007257118,0.0,5.906437309022294e-06,0.6456692814826965
n667,P01_n294,135.0,0.5,60,3,0.6667201519012451,89.99278007257118,0.0,-0.00011499274842208251,0.5275590419769287
n666,P00_n360,135.0,0.3330078125,83,1,0.6667201519012451,89.99278007257118,0.0,5.906437309022294e-06,0.6141732335090637
n668,P00_n361,135.3330078125,0.333984375,81,1,0.6665753126144409,90.01233448725857,0.0,0.0003859182761516422,0.6377952694892883
n669,P01_n295,135.5,0.5,57,3,0.6665295958518982,90.01850836542884,0.0,0.0002973251393996179,0.5275590419769287
n670,P00_n362,135.6669921875,0.3330078125,76,1,0.6667201519012451,89.99278007257118,0.0,5.906437309022294e-06,0.6614173054695129
n672,P01_n296,136.0,0.5,64,3,0.6667201519012451,89.99278007257118,0.0,-0.00011499274842208251,0.5905511975288391
n671,P00_n363,136.0,0.3330078125,72,1,0.6667201519012451,89.99278007257118,0.0,5.906437309022294e-06,0.6220472455024719
n673,P00_n364,136.3330078125,0.333984375,69,1,0.6665753126144409,90.01233448725857,0.0,0.0003859182761516422,0.6141732335090637
n674,P01_n297,136.5,0.5,52,3,0.6665753126144409,90.01233448725857,0.0,0.00019843928748741746,0.5433070659637451
n675,P00_n365,136.6669921875,0.3330078125,64,1,0.6667201519012451,89.99278007257118,0.0,5.906437309022294e-06,0.6692913174629211
n677,P01_n298,137.0,0.5,45,3,0.6667201519012451,89.99278007257118,0.0,-0.00011499274842208251,0.5275590419769287
n676,P00_n366,137.0,0.5,79,1,0.6667201519012451,89.99278007257118,0.0,-0.00011499274842208251,0.7007874250411987
n678,P00_n367,137.3330078125,0.333984375,67,2,0.6665295958518982,90.01850836542884,0.0,0.00048480412806384265,0.6614173054695129
n680,P01_n299,137.5,0.5,53,3,0.6665753126144409,90.01233448725857,0.0,0.00019843928748741746,0.4960629940032959
n679,P00_n368,137.5,0.5,81,1,0.6665753126144409,90.01233448725857,0.0,0.00019843928748741746,0.6929134130477905
n681,P00_n369,137.6669921875,0.3330078125,68,2,0.6667201519012451,89.99278007257118,0.0,5.906437309022294e-06,0.6692913174629211
n684,P01_n300,138.0,0.5,60,3,0.6666717529296875,89.99931335973083,0.0,-1.0318916793039534e-05,0.5354330539703369
n683,P00_n370,138.0,2.0,69,2,0.6666717529296875,89.99931335973083,0.0,-1.0318916793039534e-05,0.5905511975288391
n682,P00_n371,138.0,2.0,77,1,0.6666717529296875,89.99931335973083,0.0,-1.0318916793039534e-05,0.7165354490280151
n685,P01_n301,138.5,0.5,57,3,0.666656494140625,90.00137331197071,0.0,2.2701877242070623e-05,0.5275590419769287
n686,P01_n302,139.0,0.5,65,3,0.6666717529296875,89.99931335973083,0.0,-1.0318916793039534e-05,0.5590550899505615
n687,P01_n303,139.5,0.5,53,3,0.6666717529296875,89.99931335973083,0.0,-1.0318916793039534e-05,0.5196850299835205
n689,P01_n304,140.0,0.5,45,3,0.666656494140625,90.00137331197071,0.0,2.2701877242070623e-05,0.5354330539703369
n688,P00_n372,140.0,0.5,74,1,0.666656494140625,90.00137331197071,0.0,2.2701877242070623e-05,0.6141732335090637
n691,P01_n305,140.5,0.5,56,3,0.66668701171875,89.99725350178522,0.0,-4.333895776653662e-05,0.5590550899505615
n690,P00_n373,140.5,0.25,89,1,0.66668701171875,89.99725350178522,0.0,-4.333895776653662e-05,0.6535432934761047
n692,P00_n374,140.75,0.25,85,1,0.666656494140625,90.00137331197071,0.0,2.2701877242070623e-05,0.6220472455024719
n694,P01_n306,141.0,0.5,62,3,0.6665753126144409,90.01233448725857,0.0,0.00019843928748741746,0.5196850299835205
n693,P00_n375,141.0,0.1669921875,88,1,0.6665753126144409,90.01233448725857,0.0,-4.2585750634316355e-05,0.5984252095222473
n695,P00_n376,141.1669921875,0.166015625,86,1,0.6668658256530762,89.97312156645708,0.0,-0.0008074372308328748,0.6535432934761047
n696,P00_n377,141.3330078125,0.1669921875,81,1,0.6665753126144409,90.01233448725857,0.0,-4.2585750634316355e-05,0.5826771855354309
n698,P01_n307,141.5,0.5,59,3,0.6665295958518982,90.01850836542884,0.0,0.0002973251393996179,0.5275590419769287
n697,P00_n378,141.5,0.1669921875,77,1,0.6665295958518982,90.01850836542884,0.0,5.630009763990529e-05,0.5669291615486145
n699,P00_n379,141.6669921875,0.166015625,74,1,0.666911780834198,89.9669217493051,0.0,-0.000906854635104537,0.6141732335090637
n700,P00_n380,141.8330078125,0.1669921875,69,1,0.6665753126144409,90.01233448725857,0.0,-4.2585750634316355e-05,0.5590550899505615
n702,P01_n308,142.0,0.5,65,3,0.6665295958518982,90.01850836542884,0.0,0.0002973251393996179,0.5511810779571533
n701,P00_n381,142.0,0.1669921875,70,1,0.6665295958518982,90.01850836542884,0.0,5.630009763990529e-05,0.5748031735420227
n703,P00_n382,142.1669921875,0.166015625,71,1,0.666911780834198,89.9669217493051,0.0,-0.000906854635104537,0.6062992215156555
n704,P00_n383,142.3330078125,0.1669921875,72,1,0.6665295958518982,90.01850836542884,0.0,5.630009763990529e-05,0.6220472455024719
n706,P01_n309,142.5,0.5,53,3,0.6665753126144409,90.01233448725857,0.0,0.00019843928748741746,0.4803149700164795
n705,P00_n384,142.5,0.1669921875,73,1,0.6665753126144409,90.01233448725857,0.0,-4.2585750634316355e-05,0.5826771855354309
n707,P00_n385,142.6669921875,0.166015625,74,1,0.6668658256530762,89.97312156645708,0.0,-0.0008074372308328748,0.6220472455024719
n708,P00_n386,142.8330078125,0.1669921875,75,1,0.6665753126144409,90.01233448725857,0.0,-4.2585750634316355e-05,0.6299212574958801
n711,P01_n310,143.0,0.5,45,3,0.6666717529296875,89.99931335973083,0.0,-1.0318916793039534e-05,0.5590550899505615
n709,P00_n387,143.0,0.75,74,1,0.6666717529296875,89.99931335973083,0.0,-1.0318916793039534e-05,0.7007874250411987
n710,P00_n388,143.0,0.75,77,1,0.6666717529296875,89.99931335973083,0.0,-1.0318916793039534e-05,0.6692913174629211
n712,P01_n311,143.5,0.5,52,3,0.666656494140625,90.00137331197071,0.0,2.2701877242070623e-05,0.5590550899505615
n713,P00_n389,143.75,0.25,74,1,0.666656494140625,90.00137331197071,0.0,2.2701877242070623e-05,0.6141732335090637
n714,P00_n390,143.75,0.25,77,1,0.666656494140625,90.00137331197071,0.0,2.2701877242070623e-05,0.6141732335090637
n717,P01_n312,144.0,0.5,60,3,0.6666717529296875,89.99931335973083,0.0,-1.0318916793039534e-05,0.5275590419769287
n715,P00_n391,144.0,2.0,72,1,0.6666717529296875,89.99931335973083,0.0,-1.0318916793039534e-05,0.6456692814826965
n716,P00_n392,144.0,2.0,76,1,0.6666717529296875,89.99931335973083,0.0,-1.0318916793039534e-05,0.6692913174629211
n718,P01_n313,144.5,0.5,57,3,0.6666717529296875,89.99931335973083,0.0,-1.0318916793039534e-05,0.4803149700164795
n719,P01_n314,145.0,0.5,64,3,0.666656494140625,90.00137331197071,0.0,2.2701877242070623e-05,0.5826771855354309
n720,P01_n315,145.5,0.5,52,3,0.6666717529296875,89.99931335973083,0.0,-1.0318916793039534e-05,0.4960629940032959
n722,P01_n316,146.0,0.5,41,3,0.6666717529296875,89.99931335973083,0.0,-1.0318916793039534e-05,0.5354330539703369
n721,P00_n393,146.0,0.5,81,1,0.6666717529296875,89.99931335973083,0.0,-1.0318916793039534e-05,0.6062992215156555
n724,P01_n317,146.5,0.5,57,3,0.666656494140625,90.00137331197071,0.0,2.2701877242070623e-05,0.5118110179901123
n723,P00_n394,146.5,0.5,80,1,0.666656494140625,90.00137331197071,0.0,2.2701877242070623e-05,0.6456692814826965
n726,P01_n318,147.0,0.5,60,3,0.6667430400848389,89.9896907695735,0.0,-0.00016456734738312662,0.5354330539703369
n725,P00_n395,147.0,0.3330078125,83,1,0.6667430400848389,89.9896907695735,0.0,-4.3668154830811545e-05,0.6299212574958801
n727,P00_n396,147.3330078125,0.333984375,81,1,0.6665295958518982,90.01850836542884,0.0,0.00048480412806384265,0.6535432934761047
n728,P01_n319,147.5,0.5,57,3,0.6665753126144409,90.01233448725857,0.0,0.00019843928748741746,0.5275590419769287
n729,P00_n397,147.6669921875,0.3330078125,76,1,0.6667201519012451,89.99278007257118,0.0,5.906437309022294e-06,0.7086614370346069
n731,P01_n320,148.0,0.5,65,3,0.6667201519012451,89.99278007257118,0.0,-0.00011499274842208251,0.5905511975288391
n730,P00_n398,148.0,0.3330078125,72,1,0.6667201519012451,89.99278007257118,0.0,5.906437309022294e-06,0.5669291615486145
n732,P00_n399,148.3330078125,0.333984375,69,1,0.6665295958518982,90.01850836542884,0.0,0.00048480412806384265,0.6141732335090637
n733,P01_n321,148.5,0.5,53,3,0.6665753126144409,90.01233448725857,0.0,0.00019843928748741746,0.5590550899505615
n734,P00_n400,148.6669921875,0.3330078125,64,1,0.6667201519012451,89.99278007257118,0.0,5.906437309022294e-06,0.6692913174629211
n737,P01_n322,149.0,0.5,38,3,0.6666717529296875,89.99931335973083,0.0,-1.0318916793039534e-05,0.5590550899505615
n735,P00_n401,149.0,1.0,72,1,0.6666717529296875,89.99931335973083,0.0,-1.0318916793039534e-05,0.6692913174629211
n736,P00_n402,149.0,1.0,76,1,0.6666717529296875,89.99931335973083,0.0,-1.0318916793039534e-05,0.6535432934761047
n738,P01_n323,149.5,0.5,45,3,0.6666717529296875,89.99931335973083,0.0,-1.0318916793039534e-05,0.4960629940032959
n741,P01_n324,150.0,0.5,57,3,0.666656494140625,90.00137331197071,0.0,2.2701877242070623e-05,0.4881889820098877
n739,P00_n403,150.0,2.0,71,1,0.666656494140625,90.00137331197071,0.0,2.2701877242070623e-05,0.6456692814826965
n740,P00_n404,150.0,2.0,74,1,0.666656494140625,90.00137331197071,0.0,2.2701877242070623e-05,0.6614173054695129
n742,P01_n325,150.5,0.5,53,3,0.6666717529296875,89.99931335973083,0.0,-1.0318916793039534e-05,0.5196850299835205
n743,P01_n326,151.0,0.5,62,3,0.6666717529296875,89.99931335973083,0.0,-1.0318916793039534e-05,0.5511810779571533
n744,P01_n327,151.5,0.5,50,3,0.666656494140625,90.00137331197071,0.0,2.2701877242070623e-05,0.4645669162273407
n746,P01_n328,152.0,0.5,40,3,0.6667201519012451,89.99278007257118,0.0,-0.00011499274842208251,0.4960629940032959
n745,P00_n405,152.0,0.3330078125,71,1,0.6667201519012451,89.99278007257118,0.0,5.906437309022294e-06,0.5433070659637451
n747,P00_n406,152.3330078125,0.333984375,64,1,0.6665753126144409,90.01233448725857,0.0,0.0003859182761516422,0.6771653294563293
n748,P01_n329,152.5,0.5,52,3,0.6665753126144409,90.01233448725857,0.0,0.00019843928748741746,0.6062992215156555
n749,P00_n407,152.6669921875,0.3330078125,65,1,0.6667201519012451,89.99278007257118,0.0,5.906437309022294e-06,0.6220472455024719
n751,P01_n330,153.0,0.5,59,3,0.666656494140625,90.00137331197071,0.0,2.2701877242070623e-05,0.5196850299835205
n750,P00_n408,153.0,0.25,66,1,0.666656494140625,90.00137331197071,0.0,2.2701877242070623e-05,0.5905511975288391
n752,P00_n409,153.25,0.25,67,1,0.666656494140625,90.00137331197071,0.0,2.2701877242070623e-05,0.5748031735420227
n754,P01_n331,153.5,0.5,56,3,0.66668701171875,89.99725350178522,0.0,-4.333895776653662e-05,0.5590550899505615
n753,P00_n410,153.5,0.25,68,1,0.66668701171875,89.99725350178522,0.0,-4.333895776653662e-05,0.5511810779571533
n755,P00_n411,153.75,0.25,69,1,0.666656494140625,90.00137331197071,0.0,2.2701877242070623e-05,0.5984252095222473
n757,P01_n332,154.0,0.5,68,3,0.6663306355476379,90.04538707827493,0.0,0.000728036102373153,0.5669291615486145
n756,P00_n412,154.0,0.0908203125,70,1,0.6663306355476379,90.04538707827493,0.0,0.3095655143260956,0.5196850299835205
n758,P00_n413,154.0908203125,0.0908203125,71,1,0.6670867204666138,89.9433284446604,0.0,0.30792948603630066,0.4803149700164795
n759,P00_n414,154.181640625,0.0908203125,72,1,0.6663306355476379,90.04538707827493,0.0,0.3095655143260956,0.5511810779571533
n760,P00_n415,154.2724609375,0.0908203125,73,1,0.6670026779174805,89.95466133259366,0.0,0.30811116099357605,0.5354330539703369
n761,P00_n416,154.36328125,0.0908203125,74,1,0.6663306355476379,90.04538707827493,0.0,0.3095655143260956,0.5511810779571533
n762,P00_n417,154.4541015625,0.091796875,75,1,0.6672207713127136,89.9252579951219,0.0,0.29220956563949585,0.5354330539703369
n763,P01_n333,154.5,0.5,59,3,0.6670545339584351,89.94766836220721,0.0,-0.0008384019020013511,0.5748031735420227
n764,P00_n418,154.5458984375,0.0908203125,76,1,0.6663306355476379,90.04538707827493,0.0,0.3095655143260956,0.4960629940032959
n765,P00_n419,154.63671875,0.0908203125,77,1,0.6670867204666138,89.9433284446604,0.0,0.30792948603630066,0.5275590419769287
n766,P00_n420,154.7275390625,0.0908203125,78,1,0.6663306355476379,90.04538707827493,0.0,0.3095655143260956,0.5748031735420227
n767,P00_n421,154.818359375,0.0908203125,79,1,0.6670026779174805,89.95466133259366,0.0,0.30811116099357605,0.5511810779571533
n768,P00_n422,154.9091796875,0.0908203125,80,1,0.6663306355476379,90.04538707827493,0.0,0.3095655143260956,0.5748031735420227
n770,P01_n334,155.0,0.5,45,3,0.6666717529296875,89.99931335973083,0.0,-1.0318916793039534e-05,0.4960629940032959
n769,P00_n423,155.0,3.0,81,1,0.6666717529296875,89.99931335973083,0.0,-1.0318916793039534e-05,0.7322834730148315
n772,P01_n335,155.5,0.5,52,3,0.6666717529296875,89.99931335973083,0.0,-1.0318916793039534e-05,0.4724409580230713
n773,P01_n336,156.0,0.5,60,3,0.6666717529296875,89.99931335973083,0.0,-1.0318916793039534e-05,0.4960629940032959
n774,P01_n337,156.5,0.5,57,3,0.666656494140625,90.00137331197071,0.0,2.2701877242070623e-05,0.4409448802471161
n775,P01_n338,157.0,0.5,64,3,0.6666717529296875,89.99931335973083,0.0,-1.0318916793039534e-05,0.5826771855354309
n776,P01_n339,157.5,0.5,52,3,0.6666717529296875,89.99931335973083,0.0,-1.0318916793039534e-05,0.5039370059967041
n779,P01_n340,158.0,0.5,36,3,0.666656494140625,90.00137331197071,0.0,2.2701877242070623e-05,0.5275590419769287
n777,P00_n424,158.0,3.0,64,1,0.666656494140625,90.00137331197071,0.0,2.2701877242070623e-05,0.6377952694892883
n778,P00_n425,158.0,3.0,76,1,0.666656494140625,90.00137331197071,0.0,2.2701877242070623e-05,0.6692913174629211
n780,P01_n341,158.5,0.5,43,3,0.6666717529296875,89.99931335973083,0.0,-1.0318916793039534e-05,0.5118110179901123
n781,P01_n342,159.0,0.5,52,3,0.6666717529296875,89.99931335973083,0.0,-1.0318916793039534e-05,0.5196850299835205
n782,P01_n343,159.5,0.5,48,3,0.666656494140625,90.00137331197071,0.0,2.2701877242070623e-05,0.4724409580230713
n783,P01_n344,160.0,0.5,60,3,0.6666717529296875,89.99931335973083,0.0,-1.0318916793039534e-05,0.5748031735420227
n784,P01_n345,160.5,0.5,52,3,0.6666717529296875,89.99931335973083,0.0,-1.0318916793039534e-05,0.4960629940032959
n787,P01_n346,161.0,0.5,36,3,0.666656494140625,90.00137331197071,0.0,2.2701877242070623e-05,0.5118110179901123
n785,P00_n426,161.0,3.0,63,1,0.666656494140625,90.00137331197071,0.0,2.2701877242070623e-05,0.5984252095222473
n786,P00_n427,161.0,3.0,75,1,0.666656494140625,90.00137331197071,0.0,2.2701877242070623e-05,0.6377952694892883
n788,P01_n347,161.5,0.5,42,3,0.6666717529296875,89.99931335973083,0.0,-1.0318916793039534e-05,0.5354330539703369
n789,P01_n348,162.0,0.5,51,3,0.6666717529296875,89.99931335973083,0.0,-1.0318916793039534e-05,0.5433070659637451
n790,P01_n349,162.5,0.5,48,3,0.666656494140625,90.00137331197071,0.0,2.2701877242070623e-05,0.5354330539703369
n791,P01_n350,163.0,0.5,60,3,0.6666717529296875,89.99931335973083,0.0,-1.0318916793039534e-05,0.5905511975288391
n792,P01_n351,163.5,0.5,51,3,0.6666717529296875,89.99931335973083,0.0,-1.0318916793039534e-05,0.5433070659637451
n795,P01_n352,164.0,0.5,36,3,0.6666717529296875,89.99931335973083,0.0,-1.0318916793039534e-05,0.5748031735420227
n793,P00_n428,164.0,1.0,62,1,0.6666717529296875,89.99931335973083,0.0,-1.0318916793039534e-05,0.6614173054695129
n794,P00_n429,164.0,1.0,74,1,0.6666717529296875,89.99931335973083,0.0,-1.0318916793039534e-05,0.6929134130477905
n796,P01_n353,164.5,0.5,43,3,0.666656494140625,90.00137331197071,0.0,2.2701877242070623e-05,0.5984252095222473
n799,P01_n354,165.0,0.5,50,3,0.6666717529296875,89.99931335973083,0.0,-1.0318916793039534e-05,0.6299212574958801
n797,P00_n430,165.0,0.5,69,1,0.6666717529296875,89.99931335973083,0.0,-1.0318916793039534e-05,0.6850393414497375
n798,P00_n431,165.0,0.5,81,1,0.6666717529296875,89.99931335973083,0.0,-1.0318916793039534e-05,0.7322834730148315
n802,P01_n355,165.5,0.5,47,3,0.6666717529296875,89.99931335973083,0.0,-1.0318916793039534e-05,0.6141732335090637
n800,P00_n432,165.5,0.5,67,1,0.6666717529296875,89.99931335973083,0.0,-1.0318916793039534e-05,0.6771653294563293
n801,P00_n433,165.5,0.5,79,1,0.6666717529296875,89.99931335973083,0.0,-1.0318916793039534e-05,0.6929134130477905
n805,P01_n356,166.0,0.5,55,3,0.666656494140625,90.00137331197071,0.0,2.2701877242070623e-05,0.5984252095222473
n803,P00_n434,166.0,0.75,62,1,0.666656494140625,90.00137331197071,0.0,2.2701877242070623e-05,0.6377952694892883
n804,P00_n435,166.0,0.75,74,1,0.666656494140625,90.00137331197071,0.0,2.2701877242070623e-05,0.6535432934761047
n806,P01_n357,166.5,0.5,50,3,0.66668701171875,89.99725350178522,0.0,-4.333895776653662e-05,0.6141732335090637
n807,P00_n436,166.75,0.25,63,1,0.666656494140625,90.00137331197071,0.0,2.2701877242070623e-05,0.6535432934761047
n808,P00_n437,166.75,0.25,75,1,0.666656494140625,90.00137331197071,0.0,2.2701877242070623e-05,0.7165354490280151
n811,P01_n358,167.0,0.5,36,3,0.6666717529296875,89.99931335973083,0.0,-1.0318916793039534e-05,0.5748031735420227
n809,P00_n438,167.0,1.0,65,1,0.6666717529296875,89.99931335973083,0.0,-1.0318916793039534e-05,0.6614173054695129
n810,P00_n439,167.0,1.0,77,1,0.6666717529296875,89.99931335973083,0.0,-1.0318916793039534e-05,0.7322834730148315
n812,P01_n359,167.5,0.5,43,3,0.666656494140625,90.00137331197071,0.0,2.2701877242070623e-05,0.5354330539703369
n815,P01_n360,168.0,0.5,52,3,0.6666717529296875,89.99931335973083,0.0,-1.0318916793039534e-05,0.5669291615486145
n813,P00_n440,168.0,2.0,64,1,0.6666717529296875,89.99931335973083,0.0,-1.0318916793039534e-05,0.6850393414497375
n814,P00_n441,168.0,2.0,76,1,0.6666717529296875,89.99931335973083,0.0,-1.0318916793039534e-05,0.7559055089950562
n816,P01_n361,168.5,0.5,48,3,0.6666717529296875,89.99931335973083,0.0,-1.0318916793039534e-05,0.5433070659637451
n817,P01_n362,169.0,1.0,35,3,0.6666641235351562,90.00034332406358,0.0,6.19138563706656e-06,0.5590550899505615
n820,P01_n363,170.0,0.5,33,3,0.6666717529296875,89.99931335973083,0.0,-1.0318916793039534e-05,0.5905511975288391
n818,P00_n442,170.0,0.5,72,1,0.6666717529296875,89.99931335973083,0.0,-1.0318916793039534e-05,0.5826771855354309
n819,P00_n443,170.0,0.5,76,1,0.6666717529296875,89.99931335973083,0.0,-1.0318916793039534e-05,0.6771653294563293
n822,P01_n364,170.5,0.5,52,3,0.666656494140625,90.00137331197071,0.0,2.2701877242070623e-05,0.5669291615486145
n821,P00_n444,170.5,0.5,84,1,0.666656494140625,90.00137331197071,0.0,2.2701877242070623e-05,0.6771653294563293
n824,P01_n365,171.0,0.5,60,3,0.6666717529296875,89.99931335973083,0.0,-1.0318916793039534e-05,0.5669291615486145
n823,P00_n445,171.0,0.5,83,1,0.6666717529296875,89.99931335973083,0.0,-1.0318916793039534e-05,0.6299212574958801
n826,P01_n366,171.5,0.5,57,3,0.6666717529296875,89.99931335973083,0.0,-1.0318916793039534e-05,0.5590550899505615
n825,P00_n446,171.5,0.5,80,1,0.6666717529296875,89.99931335973083,0.0,-1.0318916793039534e-05,0.6141732335090637
n828,P01_n367,172.0,0.5,64,3,0.6666717529296875,89.99931335973083,0.0,-1.0318916793039534e-05,0.5826771855354309
n827,P00_n447,172.0,0.5,83,1,0.6666717529296875,89.99931335973083,0.0,-1.0318916793039534e-05,0.6141732335090637
n830,P01_n368,172.5,0.5,60,3,0.666656494140625,90.00137331197071,0.0,2.2701877242070623e-05,0.5354330539703369
n829,P00_n448,172.5,0.5,81,1,0.666656494140625,90.00137331197071,0.0,2.2701877242070623e-05,0.6299212574958801
n832,P01_n369,173.0,0.5,45,3,0.6667201519012451,89.99278007257118,0.0,-0.00011499274842208251,0.5118110179901123
n831,P00_n449,173.0,0.5,79,1,0.6667201519012451,89.99278007257118,0.0,-0.00011499274842208251,0.5905511975288391
n833,P00_n450,173.3330078125,0.333984375,67,2,0.6665753126144409,90.01233448725857,0.0,0.0003859182761516422,0.6299212574958801
n835,P01_n370,173.5,0.5,53,3,0.6665295958518982,90.01850836542884,0.0,0.0002973251393996179,0.5354330539703369
n834,P00_n451,173.5,0.5,81,1,0.6665295958518982,90.01850836542884,0.0,0.0002973251393996179,0.6771653294563293
n836,P00_n452,173.6669921875,0.3330078125,68,2,0.6667430400848389,89.9896907695735,0.0,-4.3668154830811545e-05,0.6850393414497375
n839,P01_n371,174.0,0.5,60,3,0.666656494140625,90.00137331197071,0.0,2.2701877242070623e-05,0.5905511975288391
n838,P00_n453,174.0,2.0,69,2,0.666656494140625,90.00137331197071,0.0,2.2701877242070623e-05,0.6535432934761047
n837,P00_n454,174.0,2.0,77,1,0.666656494140625,90.00137331197071,0.0,2.2701877242070623e-05,0.7165354490280151
n840,P01_n372,174.5,0.5,57,3,0.6666717529296875,89.99931335973083,0.0,-1.0318916793039534e-05,0.5669291615486145
n841,P01_n373,175.0,0.5,65,3,0.6666717529296875,89.99931335973083,0.0,-1.0318916793039534e-05,0.5905511975288391
n842,P01_n374,175.5,0.5,53,3,0.666656494140625,90.00137331197071,0.0,2.2701877242070623e-05,0.5590550899505615
n845,P01_n375,176.0,1.0,40,3,0.6666717529296875,89.99931335973083,0.0,-1.0318916793039534e-05,0.5748031735420227
n843,P00_n455,176.0,0.5,68,1,0.6666717529296875,89.99931335973083,0.0,-1.0318916793039534e-05,0.5984252095222473
n844,P00_n456,176.0,0.5,71,1,0.6666717529296875,89.99931335973083,0.0,-1.0318916793039534e-05,0.6535432934761047
n846,P00_n457,176.5,0.25,88,1,0.666656494140625,90.00137331197071,0.0,2.2701877242070623e-05,0.6456692814826965
n847,P00_n458,176.75,0.25,87,1,0.66668701171875,89.99725350178522,0.0,-4.333895776653662e-05,0.5590550899505615
n849,P01_n376,177.0,4.0,52,3,0.6668567657470703,89.97434393993565,0.0,-0.00041060580406337976,0.5826771855354309
n850,P01_n377,177.0,2.0,56,3,0.6668567657470703,89.97434393993565,0.0,0.9995893836021423,0.6299212574958801
n851,P01_n378,177.0,2.0,62,3,0.6668567657470703,89.97434393993565,0.0,0.9995893836021423,0.6535432934761047
n848,P00_n459,177.0,0.1337890625,86,1,0.6668567657470703,89.97434393993565,0.0,2.3975129806785844e-05,0.5748031735420227
n852,P00_n460,177.1337890625,0.1328125,85,1,0.6663028597831726,90.04914074588412,0.0,0.0010575794149190187,0.5511810779571533
n853,P00_n461,177.2666015625,0.1337890625,84,1,0.6668567657470703,89.97434393993565,0.0,2.3975129806785844e-05,0.5984252095222473
n854,P00_n462,177.400390625,0.1328125,83,1,0.6667624115943909,89.98707629082664,0.0,6.287454743869603e-05,0.5433070659637451
n855,P00_n463,177.533203125,0.1337890625,82,1,0.6664005517959595,90.03593985373976,0.0,0.0010112771997228265,0.5590550899505615
n856,P00_n464,177.6669921875,0.1328125,81,1,0.6667624115943909,89.98707629082664,0.0,6.287454743869603e-05,0.5826771855354309
n857,P00_n465,177.7998046875,0.1337890625,80,1,0.6669137477874756,89.96665640654946,0.0,-9.939013398252428e-05,0.5669291615486145
n858,P00_n466,177.93359375,0.1328125,79,1,0.6663028597831726,90.04914074588412,0.0,0.0010575794149190187,0.5826771855354309
n859,P00_n467,178.06640625,0.1337890625,78,1,0.6668567657470703,89.97434393993565,0.0,2.3975129806785844e-05,0.6062992215156555
n860,P00_n468,178.2001953125,0.1328125,77,1,0.6667624115943909,89.98707629082664,0.0,6.287454743869603e-05,0.5905511975288391
n861,P00_n469,178.3330078125,0.1337890625,76,1,0.6664005517959595,90.03593985373976,0.0,0.0010112771997228265,0.5905511975288391
n862,P00_n470,178.466796875,0.1328125,75,1,0.6667624115943909,89.98707629082664,0.0,6.287454743869603e-05,0.5826771855354309
n863,P00_n471,178.599609375,0.1337890625,74,1,0.6668567657470703,89.97434393993565,0.0,2.3975129806785844e-05,0.5984252095222473
n864,P00_n472,178.7333984375,0.1328125,73,1,0.6663028597831726,90.04914074588412,0.0,0.0010575794149190187,0.5669291615486145
n865,P00_n473,178.8662109375,0.1337890625,72,1,0.6668567657470703,89.97434393993565,0.0,2.3975129806785844e-05,0.6692913174629211
n866,P00_n474,179.0,0.142578125,71,1,0.6666309833526611,90.00481750524757,0.0,-0.0001102674868889153,0.6220472455024719
n868,P00_n475,179.142578125,0.1435546875,74,1,0.6666135191917419,90.0071754811529,0.0,8.45776085043326e-05,0.5984252095222473
n869,P00_n476,179.2861328125,0.142578125,77,1,0.6665774583816528,90.01204473021146,0.0,5.541870450542774e-06,0.5826771855354309
n870,P00_n477,179.4287109375,0.142578125,80,1,0.667059063911438,89.94705753367275,0.0,-0.001036407775245607,0.6062992215156555
n871,P00_n478,179.5712890625,0.142578125,83,1,0.6665774583816528,90.01204473021146,0.0,5.541870450542774e-06,0.5984252095222473
n872,P00_n479,179.7138671875,0.1435546875,77,1,0.6666666865348816,89.99999731779107,0.0,-3.043774086108897e-05,0.5905511975288391
n873,P00_n480,179.857421875,0.142578125,74,1,0.6665774583816528,90.01204473021146,0.0,5.541870450542774e-06,0.5826771855354309
n874,P00_n481,180.0,0.2001953125,71,1,0.6666539907455444,90.00171128188961,0.0,5.057807720731944e-05,0.5905511975288391
n875,P00_n482,180.2001953125,0.2001953125,68,1,0.6666920781135559,89.99656958542765,0.0,-3.189227209077217e-05,0.5748031735420227
n876,P00_n483,180.400390625,0.19921875,65,1,0.666628360748291,90.00517159613482,0.0,-6.151275556476321e-06,0.5433070659637451
n877,P00_n484,180.599609375,0.2001953125,62,1,0.6666920781135559,89.99656958542765,0.0,-3.189227209077217e-05,0.29921260476112366
n878,P00_n485,180.7998046875,0.2001953125,59,1,0.6666539907455444,90.00171128188961,0.0,5.057807720731944e-05,0.5590550899505615
n880,P01_n379,181.0,0.3330078125,45,3,0.6667201519012451,89.99278007257118,0.0,5.906437309022294e-06,0.5118110179901123
n879,P00_n486,181.0,2.0,57,1,0.6667201519012451,89.99278007257118,0.0,-0.00011499274842208251,0.5275590419769287
n881,P01_n380,181.3330078125,0.333984375,52,3,0.6665524244308472,90.01542534517452,0.0,0.0004353603580966592,0.5590550899505615
n882,P01_n381,181.6669921875,0.3330078125,57,3,0.6667430400848389,89.9896907695735,0.0,-4.3668154830811545e-05,0.5590550899505615
n883,P01_n382,182.0,0.3330078125,64,3,0.6667201519012451,89.99278007257118,0.0,5.906437309022294e-06,0.6614173054695129
n884,P01_n383,182.3330078125,0.333984375,57,3,0.6665524244308472,90.01542534517452,0.0,0.0004353603580966592,0.5433070659637451
n885,P01_n384,182.6669921875,0.3330078125,52,3,0.6667201519012451,89.99278007257118,0.0,5.906437309022294e-06,0.5039370059967041
n886,P01_n385,183.0,0.3330078125,48,3,0.6667201519012451,89.99278007257118,0.0,5.906437309022294e-06,0.5196850299835205
n887,P01_n386,183.3330078125,0.333984375,52,3,0.6665524244308472,90.01542534517452,0.0,0.0004353603580966592,0.5039370059967041
n888,P01_n387,183.6669921875,0.3330078125,40,3,0.6667201519012451,89.99278007257118,0.0,5.906437309022294e-06,0.5354330539703369
n891,P01_n388,184.0,0.3330078125,45,3,0.6667201519012451,89.99278007257118,0.0,5.906437309022294e-06,0.4960629940032959
n889,P00_n487,184.0,1.0,64,1,0.6667201519012451,89.99278007257118,0.0,-0.00011499274842208251,0.6062992215156555
n890,P00_n488,184.0,1.0,76,1,0.6667201519012451,89.99278007257118,0.0,-0.00011499274842208251,0.7401574850082397
n892,P01_n389,184.3330078125,0.333984375,52,3,0.6665753126144409,90.01233448725857,0.0,0.0003859182761516422,0.5669291615486145
n893,P01_n390,184.6669921875,0.3330078125,57,3,0.6667201519012451,89.99278007257118,0.0,5.906437309022294e-06,0.5511810779571533
n896,P01_n391,185.0,0.3330078125,64,3,0.6667201519012451,89.99278007257118,0.0,5.906437309022294e-06,0.5905511975288391
n894,P00_n489,185.0,0.5,69,1,0.6667201519012451,89.99278007257118,0.0,-0.00011499274842208251,0.6929134130477905
n895,P00_n490,185.0,0.5,81,1,0.6667201519012451,89.99278007257118,0.0,-0.00011499274842208251,0.6771653294563293
n897,P01_n392,185.3330078125,0.333984375,57,3,0.6665295958518982,90.01850836542884,0.0,0.00048480412806384265,0.5748031735420227
n898,P00_n491,185.5,0.5,67,1,0.6665753126144409,90.01233448725857,0.0,0.00019843928748741746,0.6771653294563293
n899,P00_n492,185.5,0.5,79,1,0.6665753126144409,90.01233448725857,0.0,0.00019843928748741746,0.7165354490280151
n900,P01_n393,185.6669921875,0.3330078125,52,3,0.6667201519012451,89.99278007257118,0.0,5.906437309022294e-06,0.6141732335090637
n903,P01_n394,186.0,0.3330078125,48,3,0.6667201519012451,89.99278007257118,0.0,5.906437309022294e-06,0.5433070659637451
n901,P00_n493,186.0,1.0,69,1,0.6667201519012451,89.99278007257118,0.0,-0.00011499274842208251,0.6850393414497375
n902,P00_n494,186.0,1.0,81,1,0.6667201519012451,89.99278007257118,0.0,-0.00011499274842208251,0.748031497001648
n904,P01_n395,186.3330078125,0.333984375,52,3,0.6665524244308472,90.01542534517452,0.0,0.0004353603580966592,0.5590550899505615
n905,P01_n396,186.6669921875,0.3330078125,40,3,0.6667430400848389,89.9896907695735,0.0,-4.3668154830811545e-05,0.5196850299835205
n908,P01_n397,187.0,0.3330078125,52,3,0.6667201519012451,89.99278007257118,0.0,5.906437309022294e-06,0.5196850299835205
n906,P00_n495,187.0,0.5,67,1,0.6667201519012451,89.99278007257118,0.0,-0.00011499274842208251,0.6692913174629211
n907,P00_n496,187.0,0.5,79,1,0.6667201519012451,89.99278007257118,0.0,-0.00011499274842208251,0.6850393414497375
n909,P01_n398,187.3330078125,0.333984375,57,3,0.6665295958518982,90.01850836542884,0.0,0.00048480412806384265,0.5590550899505615
n910,P00_n497,187.5,0.5,67,1,0.6665753126144409,90.01233448725857,0.0,0.00019843928748741746,0.6614173054695129
n911,P00_n498,187.5,0.5,81,1,0.6665753126144409,90.01233448725857,0.0,0.00019843928748741746,0.7401574850082397
n912,P01_n399,187.6669921875,0.666015625,64,3,0.6667201519012451,89.99278007257118,0.0,-0.00020896788919344544,0.6377952694892883
n913,P00_n499,188.0,1.0,67,1,0.6667201519012451,89.99278007257118,0.0,-0.00011499274842208251,0.6535432934761047
n914,P00_n500,188.0,1.0,76,1,0.6667201519012451,89.99278007257118,0.0,-0.00011499274842208251,0.6692913174629211
n916,P01_n400,188.3330078125,0.333984375,57,3,0.6665524244308472,90.01542534517452,0.0,0.0004353603580966592,0.5511810779571533
n917,P01_n401,188.6669921875,0.3330078125,52,3,0.6667201519012451,89.99278007257118,0.0,5.906437309022294e-06,0.5196850299835205
n918,P01_n402,189.0,0.3330078125,48,3,0.6667201519012451,89.99278007257118,0.0,5.906437309022294e-06,0.4803149700164795
n919,P01_n403,189.3330078125,0.333984375,52,3,0.6665753126144409,90.01233448725857,0.0,0.0003859182761516422,0.4566929042339325
n920,P01_n404,189.6669921875,0.3330078125,45,3,0.6667201519012451,89.99278007257118,0.0,5.906437309022294e-06,0.5433070659637451
n924,P01_n405,190.0,0.3330078125,45,3,0.6667201519012451,89.99278007257118,0.0,5.906437309022294e-06,0.5275590419769287
n921,P00_n501,190.0,1.0,64,1,0.6667201519012451,89.99278007257118,0.0,-0.00011499274842208251,0.6220472455024719
n922,P00_n502,190.0,1.0,72,1,0.6667201519012451,89.99278007257118,0.0,-0.00011499274842208251,0.6850393414497375
n923,P00_n503,190.0,1.0,76,1,0.6667201519012451,89.99278007257118,0.0,-0.00011499274842208251,0.6692913174629211
n925,P01_n406,190.3330078125,0.333984375,48,3,0.6665524244308472,90.01542534517452,0.0,0.0004353603580966592,0.5669291615486145
n926,P01_n407,190.6669921875,0.3330078125,55,3,0.6667201519012451,89.99278007257118,0.0,5.906437309022294e-06,0.5196850299835205
n930,P01_n408,191.0,0.3330078125,60,3,0.6667201519012451,89.99278007257118,0.0,5.906437309022294e-06,0.5275590419769287
n927,P00_n504,191.0,0.5,69,1,0.6667201519012451,89.99278007257118,0.0,-0.00011499274842208251,0.7086614370346069
n928,P00_n505,191.0,0.5,72,1,0.6667201519012451,89.99278007257118,0.0,-0.00011499274842208251,0.6535432934761047
n929,P00_n506,191.0,0.5,81,1,0.6667201519012451,89.99278007257118,0.0,-0.00011499274842208251,0.7086614370346069
n931,P01_n409,191.3330078125,0.333984375,55,3,0.6665753126144409,90.01233448725857,0.0,0.0003859182761516422,0.5590550899505615
n932,P00_n507,191.5,0.5,67,1,0.6665295958518982,90.01850836542884,0.0,0.0002973251393996179,0.7007874250411987
n933,P00_n508,191.5,0.5,72,1,0.6665295958518982,90.01850836542884,0.0,0.0002973251393996179,0.6535432934761047
n934,P00_n509,191.5,0.5,79,1,0.6665295958518982,90.01850836542884,0.0,0.0002973251393996179,0.7086614370346069
n935,P01_n410,191.6669921875,0.3330078125,52,3,0.6667201519012451,89.99278007257118,0.0,5.906437309022294e-06,0.5826771855354309
n939,P01_n411,192.0,0.3330078125,55,3,0.6667430400848389,89.9896907695735,0.0,-4.3668154830811545e-05,0.5275590419769287
n936,P00_n510,192.0,1.0,69,1,0.6667430400848389,89.9896907695735,0.0,-0.00016456734738312662,0.7165354490280151
n937,P00_n511,192.0,1.0,72,1,0.6667430400848389,89.9896907695735,0.0,-0.00016456734738312662,0.6771653294563293
n938,P00_n512,192.0,1.0,81,1,0.6667430400848389,89.9896907695735,0.0,-0.00016456734738312662,0.7322834730148315
n940,P01_n412,192.3330078125,0.333984375,52,3,0.6665295958518982,90.01850836542884,0.0,0.00048480412806384265,0.5275590419769287
n941,P01_n413,192.6669921875,0.3330078125,43,3,0.6667430400848389,89.9896907695735,0.0,-4.3668154830811545e-05,0.5275590419769287
n945,P01_n414,193.0,0.3330078125,52,3,0.6666972041130066,89.99587763357393,0.0,5.548273475142196e-05,0.4960629940032959
n942,P00_n513,193.0,0.5,67,1,0.6666972041130066,89.99587763357393,0.0,-6.541644688695669e-05,0.6850393414497375
n943,P00_n514,193.0,0.5,72,1,0.6666972041130066,89.99587763357393,0.0,-6.541644688695669e-05,0.6299212574958801
n944,P00_n515,193.0,0.5,79,1,0.6666972041130066,89.99587763357393,0.0,-6.541644688695669e-05,0.6614173054695129
n946,P01_n415,193.3330078125,0.333984375,55,3,0.6665753126144409,90.01233448725857,0.0,0.0003859182761516422,0.5275590419769287
n947,P00_n516,193.5,0.5,67,1,0.6665753126144409,90.01233448725857,0.0,0.00019843928748741746,0.6377952694892883
n948,P00_n517,193.5,0.5,72,1,0.6665753126144409,90.01233448725857,0.0,0.00019843928748741746,0.6220472455024719
n949,P00_n518,193.5,0.5,81,1,0.6665753126144409,90.01233448725857,0.0,0.00019843928748741746,0.7086614370346069
n950,P01_n416,193.6669921875,0.666015625,64,3,0.6667430400848389,89.9896907695735,0.0,-0.00025854248087853193,0.6377952694892883
n951,P00_n519,194.0,1.0,67,1,0.6666972041130066,89.99587763357393,0.0,-6.541644688695669e-05,0.6377952694892883
n952,P00_n520,194.0,1.0,72,1,0.6666972041130066,89.99587763357393,0.0,-6.541644688695669e-05,0.6141732335090637
n953,P00_n521,194.0,1.0,76,1,0.6666972041130066,89.99587763357393,0.0,-6.541644688695669e-05,0.6220472455024719
n955,P01_n417,194.3330078125,0.333984375,55,3,0.6665753126144409,90.01233448725857,0.0,0.0003859182761516422,0.5196850299835205
n956,P01_n418,194.6669921875,0.666015625,52,3,0.6667201519012451,89.99278007257118,0.0,-0.00020896788919344544,0.4960629940032959
n958,P01_n419,195.3330078125,0.333984375,52,3,0.6665295958518982,90.01850836542884,0.0,0.00048480412806384265,0.3385826647281647
n959,P01_n420,195.6669921875,0.3330078125,43,3,0.6667430400848389,89.9896907695735,0.0,-4.3668154830811545e-05,0.4566929042339325
n962,P01_n421,196.0,0.3330078125,41,3,0.6667430400848389,89.9896907695735,0.0,-4.3668154830811545e-05,0.4645669162273407
n960,P00_n522,196.0,1.0,65,1,0.6667430400848389,89.9896907695735,0.0,-0.00016456734738312662,0.6062992215156555
n961,P00_n523,196.0,1.0,69,1,0.6667430400848389,89.9896907695735,0.0,-0.00016456734738312662,0.5984252095222473
n963,P01_n422,196.3330078125,0.333984375,48,3,0.6665295958518982,90.01850836542884,0.0,0.00048480412806384265,0.4488188922405243
n964,P01_n423,196.6669921875,0.3330078125,53,3,0.6667430400848389,89.9896907695735,0.0,-4.3668154830811545e-05,0.4566929042339325
n967,P01_n424,197.0,0.3330078125,60,3,0.6666972041130066,89.99587763357393,0.0,5.548273475142196e-05,0.4488188922405243
n965,P00_n524,197.0,0.5,64,1,0.6666972041130066,89.99587763357393,0.0,-6.541644688695669e-05,0.5826771855354309
n966,P00_n525,197.0,0.5,72,1,0.6666972041130066,89.99587763357393,0.0,-6.541644688695669e-05,0.5748031735420227
n968,P01_n425,197.3330078125,0.333984375,53,3,0.6665753126144409,90.01233448725857,0.0,0.0003859182761516422,0.4488188922405243
n969,P00_n526,197.5,0.5,62,1,0.6665753126144409,90.01233448725857,0.0,0.00019843928748741746,0.5590550899505615
n970,P00_n527,197.5,0.5,71,1,0.6665753126144409,90.01233448725857,0.0,0.00019843928748741746,0.5354330539703369
n971,P01_n426,197.6669921875,0.3330078125,48,3,0.6666972041130066,89.99587763357393,0.0,5.548273475142196e-05,0.4251968562602997
n972,P00_n528,198.0,1.0,60,1,0.6667430400848389,89.9896907695735,0.0,-0.00016456734738312662,0.4645669162273407
n973,P00_n529,198.0,1.0,69,1,0.6667430400848389,89.9896907695735,0.0,-0.00016456734738312662,0.5590550899505615
n974,P01_n427,198.3330078125,0.333984375,48,3,0.6665295958518982,90.01850836542884,0.0,0.00048480412806384265,0.4409448802471161
n975,P01_n428,198.6669921875,0.3330078125,41,3,0.6667430400848389,89.9896907695735,0.0,-4.3668154830811545e-05,0.4330708682537079
n978,P01_n429,199.0,0.3330078125,41,3,0.6667430400848389,89.9896907695735,0.0,-4.3668154830811545e-05,0.4251968562602997
n976,P00_n530,199.0,0.5,62,1,0.6667430400848389,89.9896907695735,0.0,-0.00016456734738312662,0.5590550899505615
n977,P00_n531,199.0,0.5,65,1,0.6667430400848389,89.9896907695735,0.0,-0.00016456734738312662,0.5354330539703369
n979,P01_n430,199.3330078125,0.333984375,50,3,0.6664839386940002,90.02467503953989,0.0,0.0005836967611685395,0.4566929042339325
n980,P00_n532,199.5,0.5,62,1,0.6665753126144409,90.01233448725857,0.0,0.00019843928748741746,0.5354330539703369
n981,P00_n533,199.5,0.5,70,1,0.6665753126144409,90.01233448725857,0.0,0.00019843928748741746,0.5590550899505615
n982,P01_n431,199.6669921875,0.3330078125,53,3,0.6667430400848389,89.9896907695735,0.0,-4.3668154830811545e-05,0.4803149700164795
n985,P01_n432,200.0,0.3330078125,62,3,0.6666972041130066,89.99587763357393,0.0,5.548273475142196e-05,0.4803149700164795
n983,P00_n534,200.0,0.5,64,1,0.6666972041130066,89.99587763357393,0.0,-6.541644688695669e-05,0.5905511975288391
n984,P00_n535,200.0,0.5,72,1,0.6666972041130066,89.99587763357393,0.0,-6.541644688695669e-05,0.6141732335090637
n986,P01_n433,200.3330078125,0.333984375,53,3,0.6665753126144409,90.01233448725857,0.0,0.0003859182761516422,0.4409448802471161
n987,P00_n536,200.5,0.5,65,1,0.6665753126144409,90.01233448725857,0.0,0.00019843928748741746,0.5511810779571533
n988,P00_n537,200.5,0.5,74,1,0.6665753126144409,90.01233448725857,0.0,0.00019843928748741746,0.6299212574958801
n989,P01_n434,200.6669921875,0.3330078125,46,3,0.6666972041130066,89.99587763357393,0.0,5.548273475142196e-05,0.4724409580230713
n992,P01_n435,201.0,0.3330078125,53,3,0.6667430400848389,89.9896907695735,0.0,-4.3668154830811545e-05,0.4330708682537079
n990,P00_n538,201.0,0.5,67,1,0.6667430400848389,89.9896907695735,0.0,-0.00016456734738312662,0.5984252095222473
n991,P00_n539,201.0,0.5,76,1,0.6667430400848389,89.9896907695735,0.0,-0.00016456734738312662,0.6377952694892883
n993,P01_n436,201.3330078125,0.333984375,50,3,0.6665753126144409,90.01233448725857,0.0,0.0003859182761516422,0.4803149700164795
n994,P00_n540,201.5,0.5,69,1,0.6665753126144409,90.01233448725857,0.0,0.00019843928748741746,0.6220472455024719
n995,P00_n541,201.5,0.5,77,1,0.6665753126144409,90.01233448725857,0.0,0.00019843928748741746,0.6299212574958801
n996,P01_n437,201.6669921875,0.3330078125,41,3,0.6666972041130066,89.99587763357393,0.0,5.548273475142196e-05,0.5826771855354309
n1000,P01_n438,202.0,0.3330078125,39,3,0.6667430400848389,89.9896907695735,0.0,-4.3668154830811545e-05,0.4488188922405243
n997,P00_n542,202.0,0.5,63,1,0.6667430400848389,89.9896907695735,0.0,-0.00016456734738312662,0.6062992215156555
n998,P00_n543,202.0,0.5,72,1,0.6667430400848389,89.9896907695735,0.0,-0.00016456734738312662,0.5905511975288391
n999,P00_n544,202.0,0.5,75,1,0.6667430400848389,89.9896907695735,0.0,-0.00016456734738312662,0.5590550899505615
n1001,P01_n439,202.3330078125,0.333984375,48,3,0.6664839386940002,90.02467503953989,0.0,0.0005836967611685395,0.5118110179901123
n1002,P00_n545,202.5,0.5,60,1,0.6665753126144409,90.01233448725857,0.0,0.00019843928748741746,0.5984252095222473
n1003,P00_n546,202.5,0.5,72,1,0.6665753126144409,90.01233448725857,0.0,0.00019843928748741746,0.5984252095222473
n1004,P01_n440,202.6669921875,0.3330078125,51,3,0.6667430400848389,89.9896907695735,0.0,-4.3668154830811545e-05,0.5275590419769287
n1007,P01_n441,203.0,0.3330078125,60,3,0.6666972041130066,89.99587763357393,0.0,5.548273475142196e-05,0.4881889820098877
n1005,P00_n547,203.0,0.5,62,1,0.6666972041130066,89.99587763357393,0.0,-6.541644688695669e-05,0.6299212574958801
n1006,P00_n548,203.0,0.5,74,1,0.6666972041130066,89.99587763357393,0.0,-6.541644688695669e-05,0.6456692814826965
n1008,P01_n442,203.3330078125,0.333984375,51,3,0.6665753126144409,90.01233448725857,0.0,0.0003859182761516422,0.5118110179901123
n1009,P00_n549,203.5,0.5,63,1,0.6665753126144409,90.01233448725857,0.0,0.00019843928748741746,0.6377952694892883
n1010,P00_n550,203.5,0.5,75,1,0.6665753126144409,90.01233448725857,0.0,0.00019843928748741746,0.7007874250411987
n1011,P01_n443,203.6669921875,0.3330078125,48,3,0.6666972041130066,89.99587763357393,0.0,5.548273475142196e-05,0.5748031735420227
n1014,P01_n444,204.0,0.3330078125,51,3,0.6667430400848389,89.9896907695735,0.0,-4.3668154830811545e-05,0.4803149700164795
n1012,P00_n551,204.0,0.5,65,1,0.6667430400848389,89.9896907695735,0.0,-0.00016456734738312662,0.5905511975288391
n1013,P00_n552,204.0,0.5,77,1,0.6667430400848389,89.9896907695735,0.0,-0.00016456734738312662,0.6692913174629211
n1015,P01_n445,204.3330078125,0.333984375,39,3,0.6665753126144409,90.01233448725857,0.0,0.0003859182761516422,0.5511810779571533
n1016,P00_n553,204.5,0.5,67,1,0.6665753126144409,90.01233448725857,0.0,0.00019843928748741746,0.6535432934761047
n1017,P00_n554,204.5,0.5,79,1,0.6665753126144409,90.01233448725857,0.0,0.00019843928748741746,0.6929134130477905
n1018,P01_n446,204.6669921875,0.3330078125,36,3,0.6666972041130066,89.99587763357393,0.0,5.548273475142196e-05,0.5196850299835205
n1022,P01_n447,205.0,0.3330078125,38,3,0.6667430400848389,89.9896907695735,0.0,-4.3668154830811545e-05,0.4803149700164795
n1019,P00_n555,205.0,0.5,68,1,0.6667430400848389,89.9896907695735,0.0,-0.00016456734738312662,0.7007874250411987
n1020,P00_n556,205.0,0.5,77,1,0.6667430400848389,89.9896907695735,0.0,-0.00016456734738312662,0.6692913174629211
n1021,P00_n557,205.0,0.5,80,1,0.6667430400848389,89.9896907695735,0.0,-0.00016456734738312662,0.6614173054695129
n1023,P01_n448,205.3330078125,0.333984375,48,3,0.6664839386940002,90.02467503953989,0.0,0.0005836967611685395,0.5275590419769287
n1024,P00_n558,205.5,0.5,64,1,0.6665753126144409,90.01233448725857,0.0,0.00019843928748741746,0.7244094610214233
n1025,P00_n559,205.5,0.5,76,1,0.6665753126144409,90.01233448725857,0.0,0.00019843928748741746,0.6535432934761047
n1026,P01_n449,205.6669921875,0.3330078125,53,3,0.6667430400848389,89.9896907695735,0.0,-4.3668154830811545e-05,0.5669291615486145
n1029,P01_n450,206.0,0.3330078125,56,3,0.6666972041130066,89.99587763357393,0.0,5.548273475142196e-05,0.5354330539703369
n1030,P01_n451,206.0,0.3330078125,60,3,0.6666972041130066,89.99587763357393,0.0,5.548273475142196e-05,0.5905511975288391
n1027,P00_n560,206.0,0.5,65,1,0.6666972041130066,89.99587763357393,0.0,-6.541644688695669e-05,0.6692913174629211
n1028,P00_n561,206.0,0.5,77,1,0.6666972041130066,89.99587763357393,0.0,-6.541644688695669e-05,0.6220472455024719
n1031,P01_n452,206.3330078125,0.333984375,53,3,0.6665753126144409,90.01233448725857,0.0,0.0003859182761516422,0.5826771855354309
n1032,P00_n562,206.5,0.5,67,1,0.6665753126144409,90.01233448725857,0.0,0.00019843928748741746,0.6614173054695129
n1033,P00_n563,206.5,0.5,79,1,0.6665753126144409,90.01233448725857,0.0,0.00019843928748741746,0.6614173054695129
n1034,P01_n453,206.6669921875,0.666015625,48,3,0.6667430400848389,89.9896907695735,0.0,-0.00025854248087853193,0.5826771855354309
n1035,P00_n564,207.0,0.5,68,1,0.6666972041130066,89.99587763357393,0.0,-6.541644688695669e-05,0.7007874250411987
n1036,P00_n565,207.0,0.5,80,1,0.6666972041130066,89.99587763357393,0.0,-6.541644688695669e-05,0.7322834730148315
n1038,P01_n454,207.3330078125,0.1669921875,41,3,0.6665753126144409,90.01233448725857,0.0,-4.2585750634316355e-05,0.5511810779571533
n1041,P01_n455,207.5,0.5,38,3,0.666656494140625,90.00137331197071,0.0,2.2701877242070623e-05,0.5748031735420227
n1039,P00_n566,207.5,0.5,70,1,0.666656494140625,90.00137331197071,0.0,2.2701877242070623e-05,0.6220472455024719
n1040,P00_n567,207.5,0.5,82,1,0.666656494140625,90.00137331197071,0.0,2.2701877242070623e-05,0.7559055089950562
n1045,P01_n456,208.0,0.3330078125,37,3,0.6667430400848389,89.9896907695735,0.0,-4.3668154830811545e-05,0.4173228442668915
n1042,P00_n568,208.0,0.5,71,1,0.6667430400848389,89.9896907695735,0.0,-0.00016456734738312662,0.6692913174629211
n1043,P00_n569,208.0,0.5,77,1,0.6667430400848389,89.9896907695735,0.0,-0.00016456734738312662,0.6141732335090637
n1044,P00_n570,208.0,0.5,83,1,0.6667430400848389,89.9896907695735,0.0,-0.00016456734738312662,0.6535432934761047
n1046,P01_n457,208.3330078125,0.333984375,44,3,0.6665753126144409,90.01233448725857,0.0,0.0003859182761516422,0.5354330539703369
n1047,P00_n571,208.5,0.5,72,1,0.6664839386940002,90.02467503953989,0.0,0.0003962177725043148,0.6614173054695129
n1048,P00_n572,208.5,0.5,77,1,0.6664839386940002,90.02467503953989,0.0,0.0003962177725043148,0.6535432934761047
n1049,P00_n573,208.5,0.5,80,1,0.6664839386940002,90.02467503953989,0.0,0.0003962177725043148,0.6377952694892883
n1050,P00_n574,208.5,0.5,84,1,0.6664839386940002,90.02467503953989,0.0,0.0003962177725043148,0.6771653294563293
n1051,P01_n458,208.6669921875,0.3330078125,53,3,0.6667430400848389,89.9896907695735,0.0,-4.3668154830811545e-05,0.6299212574958801
n1056,P01_n459,209.0,0.3330078125,56,3,0.6666972041130066,89.99587763357393,0.0,5.548273475142196e-05,0.4960629940032959
n1052,P00_n575,209.0,0.5,73,1,0.6666972041130066,89.99587763357393,0.0,-6.541644688695669e-05,0.6771653294563293
n1053,P00_n576,209.0,0.5,77,1,0.6666972041130066,89.99587763357393,0.0,-6.541644688695669e-05,0.6456692814826965
n1054,P00_n577,209.0,0.5,80,1,0.6666972041130066,89.99587763357393,0.0,-6.541644688695669e-05,0.7007874250411987
n1055,P00_n578,209.0,0.5,85,1,0.6666972041130066,89.99587763357393,0.0,-6.541644688695669e-05,0.7165354490280151
n1057,P01_n460,209.3330078125,0.333984375,60,3,0.6665753126144409,90.01233448725857,0.0,0.0003859182761516422,0.5905511975288391
n1058,P00_n579,209.5,0.5,76,1,0.6665753126144409,90.01233448725857,0.0,0.00019843928748741746,0.7244094610214233
n1059,P00_n580,209.5,0.5,83,1,0.6665753126144409,90.01233448725857,0.0,0.00019843928748741746,0.6535432934761047
n1060,P00_n581,209.5,0.5,88,1,0.6665753126144409,90.01233448725857,0.0,0.00019843928748741746,0.7086614370346069
n1061,P01_n461,209.6669921875,0.3330078125,65,3,0.6667430400848389,89.9896907695735,0.0,-4.3668154830811545e-05,0.6141732335090637
n1065,P01_n462,210.0,0.3330078125,68,3,0.6666972041130066,89.99587763357393,0.0,5.548273475142196e-05,0.5590550899505615
n1062,P00_n582,210.0,0.5,77,1,0.6666972041130066,89.99587763357393,0.0,-6.541644688695669e-05,0.7007874250411987
n1063,P00_n583,210.0,0.5,80,1,0.6666972041130066,89.99587763357393,0.0,-6.541644688695669e-05,0.6929134130477905
n1064,P00_n584,210.0,0.5,89,1,0.6666972041130066,89.99587763357393,0.0,-6.541644688695669e-05,0.7401574850082397
n1066,P01_n463,210.3330078125,0.333984375,72,3,0.6665753126144409,90.01233448725857,0.0,0.0003859182761516422,0.6220472455024719
n1067,P00_n585,210.5,0.5,79,1,0.6665753126144409,90.01233448725857,0.0,0.00019843928748741746,0.7086614370346069
n1068,P00_n586,210.5,0.5,83,1,0.6665753126144409,90.01233448725857,0.0,0.00019843928748741746,0.6535432934761047
n1069,P00_n587,210.5,0.5,91,1,0.6665753126144409,90.01233448725857,0.0,0.00019843928748741746,0.7401574850082397
n1070,P01_n464,210.6669921875,0.3330078125,77,3,0.6666972041130066,89.99587763357393,0.0,5.548273475142196e-05,0.6692913174629211
n1075,P01_n465,211.0,0.3330078125,38,3,0.6667430400848389,89.9896907695735,0.0,-4.3668154830811545e-05,0.6220472455024719
n1071,P00_n588,211.0,0.5,80,1,0.6667430400848389,89.9896907695735,0.0,-0.00016456734738312662,0.7165354490280151
n1072,P00_n589,211.0,0.5,84,1,0.6667430400848389,89.9896907695735,0.0,-0.00016456734738312662,0.7007874250411987
n1073,P00_n590,211.0,0.5,89,1,0.6667430400848389,89.9896907695735,0.0,-0.00016456734738312662,0.7165354490280151
n1074,P00_n591,211.0,0.5,92,1,0.6667430400848389,89.9896907695735,0.0,-0.00016456734738312662,0.8110235929489136
n1076,P01_n466,211.3330078125,0.333984375,45,3,0.6665753126144409,90.01233448725857,0.0,0.0003859182761516422,0.5826771855354309
n1077,P00_n592,211.5,0.5,81,1,0.6664839386940002,90.02467503953989,0.0,0.0003962177725043148,0.7795275449752808
n1078,P00_n593,211.5,0.5,84,1,0.6664839386940002,90.02467503953989,0.0,0.0003962177725043148,0.7086614370346069
n1079,P00_n594,211.5,0.5,89,1,0.6664839386940002,90.02467503953989,0.0,0.0003962177725043148,0.7086614370346069
n1080,P00_n595,211.5,0.5,93,1,0.6664839386940002,90.02467503953989,0.0,0.0003962177725043148,0.8031495809555054
n1081,P01_n467,211.6669921875,0.3330078125,53,3,0.6667430400848389,89.9896907695735,0.0,-4.3668154830811545e-05,0.6456692814826965
n1085,P01_n468,212.0,0.3330078125,60,3,0.6667430400848389,89.9896907695735,0.0,-4.3668154830811545e-05,0.5433070659637451
n1082,P00_n596,212.0,0.5,84,1,0.6667430400848389,89.9896907695735,0.0,-0.00016456734738312662,0.7637795209884644
n1083,P00_n597,212.0,0.5,89,1,0.6667430400848389,89.9896907695735,0.0,-0.00016456734738312662,0.7165354490280151
n1084,P00_n598,212.0,0.5,96,1,0.6667430400848389,89.9896907695735,0.0,-0.00016456734738312662,0.7952755689620972
n1086,P01_n469,212.3330078125,0.333984375,62,3,0.6664839386940002,90.02467503953989,0.0,0.0005836967611685395,0.5826771855354309
n1087,P00_n599,212.5,0.5,83,1,0.6665753126144409,90.01233448725857,0.0,0.00019843928748741746,0.7716535329818726
n1088,P00_n600,212.5,0.5,86,1,0.6665753126144409,90.01233448725857,0.0,0.00019843928748741746,0.7401574850082397
n1089,P00_n601,212.5,0.5,89,1,0.6665753126144409,90.01233448725857,0.0,0.00019843928748741746,0.7007874250411987
n1090,P00_n602,212.5,0.5,95,1,0.6665753126144409,90.01233448725857,0.0,0.00019843928748741746,0.7559055089950562
n1091,P01_n470,212.6669921875,0.3330078125,65,3,0.6667430400848389,89.9896907695735,0.0,-4.3668154830811545e-05,0.6062992215156555
n1096,P01_n471,213.0,0.3330078125,67,3,0.6666972041130066,89.99587763357393,0.0,5.548273475142196e-05,0.6299212574958801
n1092,P00_n603,213.0,1.0,81,1,0.6666972041130066,89.99587763357393,0.0,-6.541644688695669e-05,0.8188976645469666
n1093,P00_n604,213.0,1.0,86,1,0.6666972041130066,89.99587763357393,0.0,-6.541644688695669e-05,0.8031495809555054
n1094,P00_n605,213.0,1.0,89,1,0.6666972041130066,89.99587763357393,0.0,-6.541644688695669e-05,0.7795275449752808
n1095,P00_n606,213.0,1.0,93,1,0.6666972041130066,89.99587763357393,0.0,-6.541644688695669e-05,0.8503937125205994
n1097,P01_n472,213.3330078125,0.333984375,69,3,0.6665753126144409,90.01233448725857,0.0,0.0003859182761516422,0.7165354490280151
n1098,P01_n473,213.6669921875,0.3330078125,65,3,0.6666972041130066,89.99587763357393,0.0,5.548273475142196e-05,0.6062992215156555
n1103,P01_n474,214.0,0.3330078125,64,3,0.6667430400848389,89.9896907695735,0.0,-4.3668154830811545e-05,0.7716535329818726
n1099,P00_n607,214.0,0.5,79,1,0.6667430400848389,89.9896907695735,0.0,-0.00016456734738312662,0.6771653294563293
n1100,P00_n608,214.0,0.5,84,1,0.6667430400848389,89.9896907695735,0.0,-0.00016456734738312662,0.6850393414497375
n1101,P00_n609,214.0,0.5,88,1,0.6667430400848389,89.9896907695735,0.0,-0.00016456734738312662,0.6535432934761047
n1102,P00_n610,214.0,0.5,91,1,0.6667430400848389,89.9896907695735,0.0,-0.00016456734738312662,0.7322834730148315
n1104,P01_n475,214.3330078125,0.333984375,62,3,0.6665753126144409,90.01233448725857,0.0,0.0003859182761516422,0.5984252095222473
n1105,P00_n611,214.5,0.5,77,1,0.6664839386940002,90.02467503953989,0.0,0.0003962177725043148,0.7401574850082397
n1106,P00_n612,214.5,0.5,84,1,0.6664839386940002,90.02467503953989,0.0,0.0003962177725043148,0.6929134130477905
n1107,P00_n613,214.5,0.5,89,1,0.6664839386940002,90.02467503953989,0.0,0.0003962177725043148,0.7244094610214233
n1108,P01_n476,214.6669921875,0.3330078125,60,3,0.6667430400848389,89.9896907695735,0.0,-4.3668154830811545e-05,0.6299212574958801
n1112,P01_n477,215.0,0.3330078125,57,3,0.6667430400848389,89.9896907695735,0.0,-4.3668154830811545e-05,0.5590550899505615
n1109,P00_n614,215.0,0.5,74,1,0.6667430400848389,89.9896907695735,0.0,-0.00016456734738312662,0.7401574850082397
n1110,P00_n615,215.0,0.5,79,1,0.6667430400848389,89.9896907695735,0.0,-0.00016456734738312662,0.6929134130477905
n1111,P00_n616,215.0,0.5,86,1,0.6667430400848389,89.9896907695735,0.0,-0.00016456734738312662,0.748031497001648
n1113,P01_n478,215.3330078125,0.333984375,55,3,0.6664839386940002,90.02467503953989,0.0,0.0005836967611685395,0.5984252095222473
n1114,P00_n617,215.5,0.5,72,1,0.6665753126144409,90.01233448725857,0.0,0.00019843928748741746,0.7086614370346069
n1115,P00_n618,215.5,0.5,77,1,0.6665753126144409,90.01233448725857,0.0,0.00019843928748741746,0.6850393414497375
n1116,P00_n619,215.5,0.5,84,1,0.6665753126144409,90.01233448725857,0.0,0.00019843928748741746,0.6535432934761047
n1117,P01_n479,215.6669921875,0.3330078125,53,3,0.6667430400848389,89.9896907695735,0.0,-4.3668154830811545e-05,0.6062992215156555
n1122,P01_n480,216.0,0.3330078125,55,3,0.6666972041130066,89.99587763357393,0.0,5.548273475142196e-05,0.5826771855354309
n1118,P00_n620,216.0,0.5,69,1,0.6666972041130066,89.99587763357393,0.0,-6.541644688695669e-05,0.8425197005271912
n1119,P00_n621,216.0,0.5,72,1,0.6666972041130066,89.99587763357393,0.0,-6.541644688695669e-05,0.6850393414497375
n1120,P00_n622,216.0,0.5,76,1,0.6666972041130066,89.99587763357393,0.0,-6.541644688695669e-05,0.7244094610214233
n1121,P00_n623,216.0,0.5,81,1,0.6666972041130066,89.99587763357393,0.0,-6.541644688695669e-05,0.6850393414497375
n1123,P01_n481,216.3330078125,0.333984375,53,3,0.6665753126144409,90.01233448725857,0.0,0.0003859182761516422,0.5984252095222473
n1124,P00_n624,216.5,0.5,67,1,0.6665753126144409,90.01233448725857,0.0,0.00019843928748741746,0.7322834730148315
n1125,P00_n625,216.5,0.5,71,1,0.6665753126144409,90.01233448725857,0.0,0.00019843928748741746,0.6929134130477905
n1126,P00_n626,216.5,0.5,74,1,0.6665753126144409,90.01233448725857,0.0,0.00019843928748741746,0.6929134130477905
n1127,P00_n627,216.5,0.5,77,1,0.6665753126144409,90.01233448725857,0.0,0.00019843928748741746,0.6141732335090637
n1128,P01_n482,216.6669921875,0.3330078125,43,3,0.6666972041130066,89.99587763357393,0.0,5.548273475142196e-05,0.7007874250411987
n1133,P01_n483,217.0,0.3330078125,36,3,0.6667430400848389,89.9896907695735,0.0,-4.3668154830811545e-05,0.6141732335090637
n1129,P00_n628,217.0,1.5,64,1,0.6667430400848389,89.9896907695735,0.0,-0.00016456734738312662,0.8031495809555054
n1130,P00_n629,217.0,1.5,67,1,0.6667430400848389,89.9896907695735,0.0,-0.00016456734738312662,0.7795275449752808
n1131,P00_n630,217.0,1.5,72,1,0.6667430400848389,89.9896907695735,0.0,-0.00016456734738312662,0.787401556968689
n1132,P00_n631,217.0,1.5,76,1,0.6667430400848389,89.9896907695735,0.0,-0.00016456734738312662,0.7795275449752808
n1134,P01_n484,217.3330078125,0.333984375,43,3,0.6665753126144409,90.01233448725857,0.0,0.0003859182761516422,0.6299212574958801
n1135,P01_n485,217.6669921875,0.3330078125,48,3,0.6666972041130066,89.99587763357393,0.0,5.548273475142196e-05,0.6456692814826965
n1136,P01_n486,218.0,0.3330078125,60,3,0.6667430400848389,89.9896907695735,0.0,-4.3668154830811545e-05,0.6535432934761047
n1137,P01_n487,218.3330078125,0.333984375,62,3,0.6664839386940002,90.02467503953989,0.0,0.0005836967611685395,0.6299212574958801
n1138,P00_n632,218.5,0.5,84,1,0.6665753126144409,90.01233448725857,0.0,0.00019843928748741746,0.748031497001648
n1139,P01_n488,218.6669921875,0.3330078125,64,3,0.6667430400848389,89.9896907695735,0.0,-4.3668154830811545e-05,0.748031497001648
n1141,P01_n489,219.0,1.0,56,3,0.666656494140625,90.00137331197071,0.0,2.2701877242070623e-05,0.6850393414497375
n1142,P01_n490,219.0,1.0,65,3,0.666656494140625,90.00137331197071,0.0,2.2701877242070623e-05,0.7007874250411987
n1140,P00_n633,219.0,0.5,72,1,0.666656494140625,90.00137331197071,0.0,2.2701877242070623e-05,0.6614173054695129
n1143,P00_n634,219.5,0.5,74,1,0.666656494140625,90.00137331197071,0.0,2.2701877242070623e-05,0.6220472455024719
n1147,P01_n491,220.0,0.3330078125,36,3,0.6667430400848389,89.9896907695735,0.0,-4.3668154830811545e-05,0.5826771855354309
n1144,P00_n635,220.0,1.3330078125,64,1,0.6667430400848389,89.9896907695735,0.0,-0.41484981775283813,0.7086614370346069
n1145,P00_n636,220.0,1.0,67,1,0.6667430400848389,89.9896907695735,0.0,-0.00016456734738312662,0.7401574850082397
n1146,P00_n637,220.0,1.3330078125,76,1,0.6667430400848389,89.9896907695735,0.0,-0.41484981775283813,0.7795275449752808
n1148,P01_n492,220.3330078125,0.333984375,43,3,0.6665753126144409,90.01233448725857,0.0,0.0003859182761516422,0.6062992215156555
n1149,P01_n493,220.6669921875,0.3330078125,48,3,0.6666972041130066,89.99587763357393,0.0,5.548273475142196e-05,0.5905511975288391
n1152,P01_n494,221.0,0.5,60,3,0.6667430400848389,89.9896907695735,0.0,-0.00016456734738312662,0.6535432934761047
n1153,P00_n640,221.3330078125,0.333984375,79,1,0.6665753126144409,90.01233448725857,0.0,0.0003859182761516422,0.6614173054695129
n1154,P01_n495,221.5,0.5,64,3,0.6664839386940002,90.02467503953989,0.0,0.0003962177725043148,0.6929134130477905
n1155,P00_n641,221.6669921875,0.3330078125,81,1,0.6667430400848389,89.9896907695735,0.0,-4.3668154830811545e-05,0.6220472455024719
n1157,P01_n496,222.0,1.0,56,3,0.666656494140625,90.00137331197071,0.0,2.2701877242070623e-05,0.6062992215156555
n1158,P01_n497,222.0,1.0,65,3,0.666656494140625,90.00137331197071,0.0,2.2701877242070623e-05,0.6929134130477905
n1156,P00_n642,222.0,0.5,72,1,0.666656494140625,90.00137331197071,0.0,2.2701877242070623e-05,0.5669291615486145
n1159,P00_n643,222.5,0.5,74,1,0.66668701171875,89.99725350178522,0.0,-4.333895776653662e-05,0.5984252095222473
n1161,P01_n498,223.0,0.3330078125,36,3,0.6666972041130066,89.99587763357393,0.0,5.548273475142196e-05,0.5433070659637451
n1160,P00_n644,223.0,1.5,75,1,0.6666972041130066,89.99587763357393,0.0,-6.541644688695669e-05,0.748031497001648
n1162,P01_n499,223.3330078125,0.333984375,43,3,0.6665753126144409,90.01233448725857,0.0,0.0003859182761516422,0.5511810779571533
n1163,P01_n500,223.6669921875,0.3330078125,48,3,0.6666972041130066,89.99587763357393,0.0,5.548273475142196e-05,0.5590550899505615
n1164,P01_n501,224.0,0.3330078125,60,3,0.6667430400848389,89.9896907695735,0.0,-4.3668154830811545e-05,0.5826771855354309
n1165,P01_n502,224.3330078125,0.333984375,62,3,0.6665753126144409,90.01233448725857,0.0,0.0003859182761516422,0.5905511975288391
n1166,P00_n645,224.5,0.5,79,1,0.6664839386940002,90.02467503953989,0.0,0.0003962177725043148,0.6850393414497375
n1167,P01_n503,224.6669921875,0.3330078125,63,3,0.6667430400848389,89.9896907695735,0.0,-4.3668154830811545e-05,0.6535432934761047
n1169,P01_n504,225.0,0.3330078125,56,3,0.6666972041130066,89.99587763357393,0.0,5.548273475142196e-05,0.5669291615486145
n1170,P01_n505,225.0,0.3330078125,65,3,0.6666972041130066,89.99587763357393,0.0,5.548273475142196e-05,0.6614173054695129
n1168,P00_n646,225.0,0.5,72,1,0.6666972041130066,89.99587763357393,0.0,-6.541644688695669e-05,0.6141732335090637
n1171,P01_n506,225.3330078125,0.333984375,53,3,0.6665753126144409,90.01233448725857,0.0,0.0003859182761516422,0.6220472455024719
n1172,P00_n647,225.5,0.5,74,1,0.6665753126144409,90.01233448725857,0.0,0.00019843928748741746,0.6614173054695129
n1173,P01_n507,225.6669921875,0.3330078125,44,3,0.6667430400848389,89.9896907695735,0.0,-4.3668154830811545e-05,0.6299212574958801
n1175,P01_n508,226.0,0.3330078125,36,3,0.6666972041130066,89.99587763357393,0.0,5.548273475142196e-05,0.5118110179901123
n1174,P00_n648,226.0,1.5,75,1,0.6666972041130066,89.99587763357393,0.0,-6.541644688695669e-05,0.748031497001648
n1176,P01_n509,226.3330078125,0.333984375,43,3,0.6665753126144409,90.01233448725857,0.0,0.0003859182761516422,0.5275590419769287
n1177,P01_n510,226.6669921875,0.3330078125,48,3,0.6666972041130066,89.99587763357393,0.0,5.548273475142196e-05,0.5118110179901123
n1178,P01_n511,227.0,0.3330078125,60,3,0.6667430400848389,89.9896907695735,0.0,-4.3668154830811545e-05,0.5433070659637451
n1179,P01_n512,227.3330078125,0.333984375,62,3,0.6665753126144409,90.01233448725857,0.0,0.0003859182761516422,0.5433070659637451
n1180,P00_n649,227.5,0.5,79,1,0.6664839386940002,90.02467503953989,0.0,0.0003962177725043148,0.6771653294563293
n1181,P01_n513,227.6669921875,0.3330078125,63,3,0.6667430400848389,89.9896907695735,0.0,-4.3668154830811545e-05,0.6062992215156555
n1183,P01_n514,228.0,0.3330078125,56,3,0.6667430400848389,89.9896907695735,0.0,-4.3668154830811545e-05,0.5196850299835205
n1184,P01_n515,228.0,0.3330078125,65,3,0.6667430400848389,89.9896907695735,0.0,-4.3668154830811545e-05,0.6614173054695129
n1182,P00_n650,228.0,0.6669921875,77,1,0.6667430400848389,89.9896907695735,0.0,-0.00022488387185148895,0.7244094610214233
n1185,P01_n516,228.3330078125,0.333984375,53,3,0.6665295958518982,90.01850836542884,0.0,0.00048480412806384265,0.5905511975288391
n1187,P01_n517,228.6669921875,0.3330078125,44,3,0.6667430400848389,89.9896907695735,0.0,-4.3668154830811545e-05,0.5275590419769287
n1186,P00_n651,228.6669921875,0.3330078125,64,1,0.6667430400848389,89.9896907695735,0.0,-4.3668154830811545e-05,0.6614173054695129
n1190,P01_n518,229.0,0.3330078125,45,3,0.6666972041130066,89.99587763357393,0.0,5.548273475142196e-05,0.5433070659637451
n1188,P00_n652,229.0,1.0,64,1,0.6666972041130066,89.99587763357393,0.0,-6.541644688695669e-05,0.6692913174629211
n1189,P00_n653,229.0,1.0,76,1,0.6666972041130066,89.99587763357393,0.0,-6.541644688695669e-05,0.7716535329818726
n1191,P01_n519,229.3330078125,0.333984375,52,3,0.6665753126144409,90.01233448725857,0.0,0.0003859182761516422,0.5196850299835205
n1192,P01_n520,229.6669921875,0.3330078125,57,3,0.6666972041130066,89.99587763357393,0.0,5.548273475142196e-05,0.5433070659637451
n1195,P01_n521,230.0,0.3330078125,64,3,0.6667430400848389,89.9896907695735,0.0,-4.3668154830811545e-05,0.6062992215156555
n1193,P00_n654,230.0,0.5,69,1,0.6667430400848389,89.9896907695735,0.0,-0.00016456734738312662,0.7401574850082397
n1194,P00_n655,230.0,0.5,81,1,0.6667430400848389,89.9896907695735,0.0,-0.00016456734738312662,0.6456692814826965
n1196,P01_n522,230.3330078125,0.333984375,57,3,0.6665753126144409,90.01233448725857,0.0,0.0003859182761516422,0.5354330539703369
n1197,P00_n656,230.5,0.5,67,1,0.6664839386940002,90.02467503953989,0.0,0.0003962177725043148,0.6299212574958801
n1198,P00_n657,230.5,0.5,79,1,0.6664839386940002,90.02467503953989,0.0,0.0003962177725043148,0.6535432934761047
n1199,P01_n523,230.6669921875,0.666015625,52,3,0.6667430400848389,89.9896907695735,0.0,-0.00025854248087853193,0.5669291615486145
n1200,P00_n658,231.0,1.0,69,1,0.6667430400848389,89.9896907695735,0.0,-0.00016456734738312662,0.7086614370346069
n1201,P00_n659,231.0,1.0,81,1,0.6667430400848389,89.9896907695735,0.0,-0.00016456734738312662,0.7322834730148315
n1203,P01_n524,231.3330078125,0.333984375,52,3,0.6665295958518982,90.01850836542884,0.0,0.00048480412806384265,0.4724409580230713
n1204,P01_n525,231.6669921875,0.3330078125,45,3,0.6667430400848389,89.9896907695735,0.0,-4.3668154830811545e-05,0.4881889820098877
n1207,P01_n526,232.0,0.3330078125,52,3,0.6666972041130066,89.99587763357393,0.0,5.548273475142196e-05,0.4724409580230713
n1205,P00_n660,232.0,0.5,67,1,0.6666972041130066,89.99587763357393,0.0,-6.541644688695669e-05,0.6220472455024719
n1206,P00_n661,232.0,0.5,79,1,0.6666972041130066,89.99587763357393,0.0,-6.541644688695669e-05,0.6299212574958801
n1208,P01_n527,232.3330078125,0.333984375,57,3,0.6665753126144409,90.01233448725857,0.0,0.0003859182761516422,0.5196850299835205
n1209,P00_n662,232.5,0.5,67,1,0.6665753126144409,90.01233448725857,0.0,0.00019843928748741746,0.6299212574958801
n1210,P00_n663,232.5,0.5,81,1,0.6665753126144409,90.01233448725857,0.0,0.00019843928748741746,0.6692913174629211
n1211,P01_n528,232.6669921875,0.666015625,64,3,0.6666972041130066,89.99587763357393,0.0,-0.00015939159493427724,0.6614173054695129
n1212,P00_n664,233.0,1.0,67,1,0.6667430400848389,89.9896907695735,0.0,-0.00016456734738312662,0.6535432934761047
n1213,P00_n665,233.0,1.0,76,1,0.6667430400848389,89.9896907695735,0.0,-0.00016456734738312662,0.6692913174629211
n1215,P01_n529,233.3330078125,0.333984375,57,3,0.6665753126144409,90.01233448725857,0.0,0.0003859182761516422,0.5433070659637451
n1216,P01_n530,233.6669921875,0.666015625,52,3,0.6667201519012451,89.99278007257118,0.0,-0.00020896788919344544,0.5196850299835205
n1218,P01_n531,234.3330078125,0.333984375,52,3,0.6665295958518982,90.01850836542884,0.0,0.00048480412806384265,0.3700787425041199
n1219,P01_n532,234.6669921875,0.3330078125,45,3,0.6667430400848389,89.9896907695735,0.0,-4.3668154830811545e-05,0.4960629940032959
n1223,P01_n533,235.0,0.3330078125,43,3,0.6666972041130066,89.99587763357393,0.0,5.548273475142196e-05,0.5275590419769287
n1220,P00_n666,235.0,1.0,64,1,0.6666972041130066,89.99587763357393,0.0,-6.541644688695669e-05,0.6377952694892883
n1221,P00_n667,235.0,1.0,67,1,0.6666972041130066,89.99587763357393,0.0,-6.541644688695669e-05,0.6692913174629211
n1222,P00_n668,235.0,1.0,76,1,0.6666972041130066,89.99587763357393,0.0,-6.541644688695669e-05,0.7322834730148315
n1224,P01_n534,235.3330078125,0.333984375,48,3,0.6665753126144409,90.01233448725857,0.0,0.0003859182761516422,0.5275590419769287
n1225,P01_n535,235.6669921875,0.3330078125,55,3,0.6666972041130066,89.99587763357393,0.0,5.548273475142196e-05,0.5196850299835205
n1229,P01_n536,236.0,0.3330078125,60,3,0.6667430400848389,89.9896907695735,0.0,-4.3668154830811545e-05,0.5433070659637451
n1226,P00_n669,236.0,0.5,69,1,0.6667430400848389,89.9896907695735,0.0,-0.00016456734738312662,0.7244094610214233
n1227,P00_n670,236.0,0.5,72,1,0.6667430400848389,89.9896907695735,0.0,-0.00016456734738312662,0.6062992215156555
n1228,P00_n671,236.0,0.5,81,1,0.6667430400848389,89.9896907695735,0.0,-0.00016456734738312662,0.6614173054695129
n1230,P01_n537,236.3330078125,0.333984375,55,3,0.6665753126144409,90.01233448725857,0.0,0.0003859182761516422,0.5433070659637451
n1231,P00_n672,236.5,0.5,67,1,0.6665753126144409,90.01233448725857,0.0,0.00019843928748741746,0.6850393414497375
n1232,P00_n673,236.5,0.5,71,1,0.6665753126144409,90.01233448725857,0.0,0.00019843928748741746,0.6299212574958801
n1233,P00_n674,236.5,0.5,79,1,0.6665753126144409,90.01233448725857,0.0,0.00019843928748741746,0.7007874250411987
n1234,P01_n538,236.6669921875,0.666015625,48,3,0.6666972041130066,89.99587763357393,0.0,-0.00015939159493427724,0.5511810779571533
n1235,P00_n675,237.0,1.0,69,1,0.6667430400848389,89.9896907695735,0.0,-0.00016456734738312662,0.7244094610214233
n1236,P00_n676,237.0,1.0,72,1,0.6667430400848389,89.9896907695735,0.0,-0.00016456734738312662,0.6929134130477905
n1237,P00_n677,237.0,1.0,81,1,0.6667430400848389,89.9896907695735,0.0,-0.00016456734738312662,0.7795275449752808
n1239,P01_n539,237.3330078125,0.333984375,48,3,0.6665295958518982,90.01850836542884,0.0,0.00048480412806384265,0.5511810779571533
n1240,P01_n540,237.6669921875,0.3330078125,43,3,0.6667430400848389,89.9896907695735,0.0,-4.3668154830811545e-05,0.5118110179901123
n1244,P01_n541,238.0,0.3330078125,52,3,0.6666972041130066,89.99587763357393,0.0,5.548273475142196e-05,0.5196850299835205
n1241,P00_n678,238.0,0.5,67,1,0.6666972041130066,89.99587763357393,0.0,-6.541644688695669e-05,0.6456692814826965
n1242,P00_n679,238.0,0.5,72,1,0.6666972041130066,89.99587763357393,0.0,-6.541644688695669e-05,0.5905511975288391
n1243,P00_n680,238.0,0.5,79,1,0.6666972041130066,89.99587763357393,0.0,-6.541644688695669e-05,0.6062992215156555
n1245,P01_n542,238.3330078125,0.333984375,55,3,0.6665753126144409,90.01233448725857,0.0,0.0003859182761516422,0.5275590419769287
n1246,P00_n681,238.5,0.5,67,1,0.6665753126144409,90.01233448725857,0.0,0.00019843928748741746,0.6377952694892883
n1247,P00_n682,238.5,0.5,81,1,0.6665753126144409,90.01233448725857,0.0,0.00019843928748741746,0.6929134130477905
n1248,P01_n543,238.6669921875,0.666015625,64,3,0.6667430400848389,89.9896907695735,0.0,-0.00025854248087853193,0.6377952694892883
n1249,P00_n683,239.0,1.0,67,1,0.6666972041130066,89.99587763357393,0.0,-6.541644688695669e-05,0.6850393414497375
n1250,P00_n684,239.0,1.0,72,1,0.6666972041130066,89.99587763357393,0.0,-6.541644688695669e-05,0.6692913174629211
n1251,P00_n685,239.0,1.0,76,1,0.6666972041130066,89.99587763357393,0.0,-6.541644688695669e-05,0.6692913174629211
n1253,P01_n544,239.3330078125,0.333984375,55,3,0.6665753126144409,90.01233448725857,0.0,0.0003859182761516422,0.5511810779571533
n1254,P01_n545,239.6669921875,0.666015625,52,3,0.6667201519012451,89.99278007257118,0.0,-0.00020896788919344544,0.5511810779571533
n1256,P01_n546,240.3330078125,0.333984375,52,3,0.6665295958518982,90.01850836542884,0.0,0.00048480412806384265,0.3937007784843445
n1257,P01_n547,240.6669921875,0.3330078125,43,3,0.6667430400848389,89.9896907695735,0.0,-4.3668154830811545e-05,0.4960629940032959
n1260,P01_n548,241.0,0.3330078125,41,3,0.6666972041130066,89.99587763357393,0.0,5.548273475142196e-05,0.4881889820098877
n1258,P00_n686,241.0,1.0,64,1,0.6666972041130066,89.99587763357393,0.0,-6.541644688695669e-05,0.6456692814826965
n1259,P00_n687,241.0,1.0,76,1,0.6666972041130066,89.99587763357393,0.0,-6.541644688695669e-05,0.7401574850082397
n1261,P01_n549,241.3330078125,0.333984375,48,3,0.6665753126144409,90.01233448725857,0.0,0.0003859182761516422,0.4645669162273407
n1262,P01_n550,241.6669921875,0.3330078125,53,3,0.6667430400848389,89.9896907695735,0.0,-4.3668154830811545e-05,0.4803149700164795
n1265,P01_n551,242.0,0.3330078125,60,3,0.6666972041130066,89.99587763357393,0.0,5.548273475142196e-05,0.4960629940032959
n1263,P00_n688,242.0,0.5,69,1,0.6666972041130066,89.99587763357393,0.0,-6.541644688695669e-05,0.7165354490280151
n1264,P00_n689,242.0,0.5,81,1,0.6666972041130066,89.99587763357393,0.0,-6.541644688695669e-05,0.6929134130477905
n1266,P01_n552,242.3330078125,0.333984375,53,3,0.6665753126144409,90.01233448725857,0.0,0.0003859182761516422,0.4960629940032959
n1267,P00_n690,242.5,0.5,67,1,0.6665753126144409,90.01233448725857,0.0,0.00019843928748741746,0.6456692814826965
n1268,P00_n691,242.5,0.5,79,1,0.6665753126144409,90.01233448725857,0.0,0.00019843928748741746,0.6456692814826965
n1269,P01_n553,242.6669921875,0.3330078125,48,3,0.6666972041130066,89.99587763357393,0.0,5.548273475142196e-05,0.5039370059967041
n1270,P00_n692,243.0,2.0,74,1,0.6667430400848389,89.9896907695735,0.0,-0.00016456734738312662,0.6377952694892883
n1271,P00_n693,243.0,2.0,77,1,0.6667430400848389,89.9896907695735,0.0,-0.00016456734738312662,0.6771653294563293
n1272,P01_n554,243.3330078125,0.333984375,48,3,0.6665295958518982,90.01850836542884,0.0,0.00048480412806384265,0.4330708682537079
n1273,P01_n555,243.6669921875,0.3330078125,41,3,0.6667430400848389,89.9896907695735,0.0,-4.3668154830811545e-05,0.4645669162273407
n1276,P01_n556,244.0,0.3330078125,45,3,0.6667430400848389,89.9896907695735,0.0,-4.3668154830811545e-05,0.4015747904777527
n1277,P01_n557,244.3330078125,0.333984375,52,3,0.6665295958518982,90.01850836542884,0.0,0.00048480412806384265,0.4645669162273407
n1278,P01_n558,244.6669921875,0.3330078125,62,3,0.6667430400848389,89.9896907695735,0.0,-4.3668154830811545e-05,0.5039370059967041
n1281,P01_n559,245.0,0.3330078125,64,3,0.6666972041130066,89.99587763357393,0.0,5.548273475142196e-05,0.6141732335090637
n1279,P00_n694,245.0,1.0,68,1,0.6666972041130066,89.99587763357393,0.0,-6.541644688695669e-05,0.6220472455024719
n1280,P00_n695,245.0,1.0,76,1,0.6666972041130066,89.99587763357393,0.0,-6.541644688695669e-05,0.7322834730148315
n1282,P01_n560,245.3330078125,0.333984375,56,3,0.6665753126144409,90.01233448725857,0.0,0.0003859182761516422,0.4881889820098877
n1283,P01_n561,245.6669921875,0.666015625,47,3,0.6666972041130066,89.99587763357393,0.0,-0.00015939159493427724,0.4251968562602997
n1284,P00_n696,246.0,0.3330078125,65,1,0.6667430400848389,89.9896907695735,0.0,-4.3668154830811545e-05,0.5354330539703369
n1285,P00_n697,246.0,0.3330078125,74,1,0.6667430400848389,89.9896907695735,0.0,-4.3668154830811545e-05,0.6771653294563293
n1289,P01_n562,246.3330078125,0.333984375,52,3,0.6665753126144409,90.01233448725857,0.0,0.0003859182761516422,0.5354330539703369
n1287,P00_n698,246.3330078125,0.333984375,64,1,0.6665753126144409,90.01233448725857,0.0,0.0003859182761516422,0.5196850299835205
n1288,P00_n699,246.3330078125,0.333984375,72,1,0.6665753126144409,90.01233448725857,0.0,0.0003859182761516422,0.5196850299835205
n1292,P01_n563,246.6669921875,0.3330078125,44,3,0.6666972041130066,89.99587763357393,0.0,5.548273475142196e-05,0.5275590419769287
n1290,P00_n700,246.6669921875,0.3330078125,62,1,0.6666972041130066,89.99587763357393,0.0,5.548273475142196e-05,0.5275590419769287
n1291,P00_n701,246.6669921875,0.3330078125,71,1,0.6666972041130066,89.99587763357393,0.0,5.548273475142196e-05,0.6299212574958801
n1295,P01_n564,247.0,0.3330078125,45,3,0.6667430400848389,89.9896907695735,0.0,-4.3668154830811545e-05,0.4881889820098877
n1293,P00_n702,247.0,1.0,64,1,0.6667430400848389,89.9896907695735,0.0,-0.00016456734738312662,0.6062992215156555
n1294,P00_n703,247.0,1.0,72,1,0.6667430400848389,89.9896907695735,0.0,-0.00016456734738312662,0.7165354490280151
n1296,P01_n565,247.3330078125,0.333984375,52,3,0.6665295958518982,90.01850836542884,0.0,0.00048480412806384265,0.4803149700164795
n1297,P01_n566,247.6669921875,0.3330078125,57,3,0.6667430400848389,89.9896907695735,0.0,-4.3668154830811545e-05,0.4724409580230713
n1298,P00_n704,248.0,0.5,62,1,0.6666972041130066,89.99587763357393,0.0,-6.541644688695669e-05,0.4724409580230713
n1300,P01_n567,248.0,0.3330078125,64,3,0.6666972041130066,89.99587763357393,0.0,5.548273475142196e-05,0.5590550899505615
n1299,P00_n705,248.0,0.5,71,1,0.6666972041130066,89.99587763357393,0.0,-6.541644688695669e-05,0.6220472455024719
n1301,P01_n568,248.3330078125,0.333984375,57,3,0.6665753126144409,90.01233448725857,0.0,0.0003859182761516422,0.4645669162273407
n1302,P00_n706,248.5,0.5,64,1,0.6665753126144409,90.01233448725857,0.0,0.00019843928748741746,0.5196850299835205
n1303,P00_n707,248.5,0.5,72,1,0.6665753126144409,90.01233448725857,0.0,0.00019843928748741746,0.6062992215156555
n1304,P01_n569,248.6669921875,0.666015625,52,3,0.6666972041130066,89.99587763357393,0.0,-0.00015939159493427724,0.5039370059967041
n1305,P00_n708,249.0,1.5,60,1,0.6667430400848389,89.9896907695735,0.0,-0.00016456734738312662,0.4881889820098877
n1306,P00_n709,249.0,1.5,69,1,0.6667430400848389,89.9896907695735,0.0,-0.00016456734738312662,0.5984252095222473
n1308,P01_n570,249.3330078125,0.333984375,52,3,0.6665753126144409,90.01233448725857,0.0,0.0003859182761516422,0.34645670652389526
n1309,P01_n571,249.6669921875,0.3330078125,45,3,0.6666972041130066,89.99587763357393,0.0,5.548273475142196e-05,0.35433071851730347
n1312,P01_n572,250.0,0.3330078125,45,3,0.6667430400848389,89.9896907695735,0.0,-4.3668154830811545e-05,0.31496062874794006
n1313,P01_n573,250.3330078125,0.333984375,52,3,0.6664839386940002,90.02467503953989,0.0,0.0005836967611685395,0.29921260476112366
n1314,P00_n710,250.5,1.0,62,1,0.6665753126144409,90.01233448725857,0.0,0.00019843928748741746,0.4803149700164795
n1315,P01_n574,250.6669921875,0.3330078125,57,3,0.6667430400848389,89.9896907695735,0.0,-4.3668154830811545e-05,0.3858267664909363
n1316,P01_n575,251.0,0.3330078125,59,3,0.6666972041130066,89.99587763357393,0.0,5.548273475142196e-05,0.32283464074134827
n1317,P01_n576,251.3330078125,0.333984375,56,3,0.6665753126144409,90.01233448725857,0.0,0.0003859182761516422,0.30708661675453186
n1318,P00_n711,251.5,0.5,64,1,0.6665753126144409,90.01233448725857,0.0,0.00019843928748741746,0.5196850299835205
n1319,P01_n577,251.6669921875,0.666015625,47,3,0.6667430400848389,89.9896907695735,0.0,-0.00025854248087853193,0.3858267664909363
n1320,P00_n712,252.0,2.0,65,1,0.6666972041130066,89.99587763357393,0.0,-6.541644688695669e-05,0.4881889820098877
n1322,P01_n578,252.3330078125,0.333984375,52,3,0.6665753126144409,90.01233448725857,0.0,0.0003859182761516422,0.36220473051071167
n1323,P01_n579,252.6669921875,0.3330078125,44,3,0.6666972041130066,89.99587763357393,0.0,5.548273475142196e-05,0.3700787425041199
n1325,P01_n580,253.0,0.3330078125,45,3,0.6667430400848389,89.9896907695735,0.0,-4.3668154830811545e-05,0.35433071851730347
n1326,P01_n581,253.3330078125,0.333984375,50,3,0.6665295958518982,90.01850836542884,0.0,0.00048480412806384265,0.34645670652389526
n1327,P01_n582,253.6669921875,0.666015625,57,3,0.6667430400848389,89.9896907695735,0.0,-0.00025854248087853193,0.4094488322734833
n1328,P00_n713,254.0,0.5,64,1,0.6666972041130066,89.99587763357393,0.0,-6.541644688695669e-05,0.5118110179901123
n1330,P01_n583,254.3330078125,0.333984375,53,3,0.6665753126144409,90.01233448725857,0.0,0.0003859182761516422,0.34645670652389526
n1331,P00_n714,254.5,1.0,62,1,0.6665753126144409,90.01233448725857,0.0,0.00019843928748741746,0.4960629940032959
n1332,P01_n584,254.6669921875,0.3330078125,48,3,0.6667430400848389,89.9896907695735,0.0,-4.3668154830811545e-05,0.4094488322734833
n1333,P01_n585,255.0,0.3330078125,50,3,0.6666972041130066,89.99587763357393,0.0,5.548273475142196e-05,0.32283464074134827
n1334,P01_n586,255.3330078125,0.333984375,53,3,0.6665753126144409,90.01233448725857,0.0,0.0003859182761516422,0.32283464074134827
n1335,P00_n715,255.5,1.0,60,1,0.6665753126144409,90.01233448725857,0.0,0.00019843928748741746,0.4724409580230713
n1336,P01_n587,255.6669921875,0.3330078125,45,3,0.6666972041130066,89.99587763357393,0.0,5.548273475142196e-05,0.4251968562602997
n1338,P01_n588,256.0,0.3330078125,33,3,0.6667430400848389,89.9896907695735,0.0,-4.3668154830811545e-05,0.35433071851730347
n1339,P01_n589,256.3330078125,0.333984375,45,3,0.6665753126144409,90.01233448725857,0.0,0.0003859182761516422,0.3385826647281647
n1340,P00_n716,256.5,1.5,58,1,0.6664839386940002,90.02467503953989,0.0,0.0003962177725043148,0.5511810779571533
n1341,P01_n590,256.6669921875,0.3330078125,50,3,0.6667430400848389,89.9896907695735,0.0,-4.3668154830811545e-05,0.4803149700164795
n1343,P01_n591,257.0,0.3330078125,53,3,0.6667430400848389,89.9896907695735,0.0,-4.3668154830811545e-05,0.3385826647281647
n1344,P01_n592,257.3330078125,0.333984375,50,3,0.6665295958518982,90.01850836542884,0.0,0.00048480412806384265,0.3858267664909363
n1345,P01_n593,257.6669921875,0.666015625,46,3,0.6667430400848389,89.9896907695735,0.0,-0.00025854248087853193,0.4251968562602997
n1346,P00_n717,258.0,0.5,62,1,0.6666972041130066,89.99587763357393,0.0,-6.541644688695669e-05,0.4881889820098877
n1348,P01_n594,258.3330078125,0.333984375,53,3,0.6665753126144409,90.01233448725857,0.0,0.0003859182761516422,0.3937007784843445
n1349,P00_n718,258.5,1.5,60,1,0.6665753126144409,90.01233448725857,0.0,0.00019843928748741746,0.5196850299835205
n1350,P01_n595,258.6669921875,0.3330078125,45,3,0.6666972041130066,89.99587763357393,0.0,5.548273475142196e-05,0.4881889820098877
n1352,P01_n596,259.0,0.3330078125,33,3,0.6667430400848389,89.9896907695735,0.0,-4.3668154830811545e-05,0.4173228442668915
n1353,P01_n597,259.3330078125,0.333984375,40,3,0.6665295958518982,90.01850836542884,0.0,0.00048480412806384265,0.36220473051071167
n1354,P01_n598,259.6669921875,0.3330078125,45,3,0.6667430400848389,89.9896907695735,0.0,-4.3668154830811545e-05,0.3779527544975281
n1356,P01_n599,260.0,0.3330078125,48,3,0.6667430400848389,89.9896907695735,0.0,-4.3668154830811545e-05,0.34645670652389526
n1355,P00_n719,260.0,2.0,57,1,0.6667430400848389,89.9896907695735,0.0,-0.00016456734738312662,0.4881889820098877
n1357,P01_n600,260.3330078125,0.333984375,52,3,0.6665295958518982,90.01850836542884,0.0,0.00048480412806384265,0.4173228442668915
n1358,P01_n601,260.6669921875,0.3330078125,57,3,0.6667430400848389,89.9896907695735,0.0,-4.3668154830811545e-05,0.4330708682537079
n1359,P01_n602,261.0,0.3330078125,60,3,0.6666972041130066,89.99587763357393,0.0,5.548273475142196e-05,0.36220473051071167
n1360,P01_n603,261.3330078125,0.333984375,64,3,0.6665753126144409,90.01233448725857,0.0,0.0003859182761516422,0.5275590419769287
n1361,P01_n604,261.6669921875,0.3330078125,69,3,0.6666972041130066,89.99587763357393,0.0,5.548273475142196e-05,0.5826771855354309
n1362,P01_n605,262.0,3.0,60,3,0.6666669845581055,89.99995708467623,0.0,0.0,0.4251968562602997
n1363,P01_n606,262.0,3.0,64,3,0.6666669845581055,89.99995708467623,0.0,0.0,0.6377952694892883
n1364,P01_n607,262.0,3.0,69,3,0.6666669845581055,89.99995708467623,0.0,0.0,0.6377952694892883
