score_id,performance_id,onset_beat,duration_beat,pitch,voice,beat_period,tempo_bpm,timing,articulation_log,velocity_norm
n1,n3,0.0,3.0,57,3,0.6234375238418579,96.24059782327072,-0.002604166977107525,-0.14572268724441528,0.4015747904777527
n2,n1,0.0,3.0,60,3,0.6234375238418579,96.24059782327072,-0.0015624999068677425,-0.23652276396751404,0.4173228442668915
n3,n2,0.0,3.0,64,3,0.6234375238418579,96.24059782327072,-0.0015624999068677425,-0.2710111737251282,0.4015747904777527
n0,n0,0.0,1.0,76,1,0.6234375238418579,96.24059782327072,0.00572916679084301,-0.315314382314682,0.4566929042339325
n4,n4,1.0,0.5,81,1,0.6187499761581421,96.96970070616214,0.0,-0.2895064949989319,0.4173228442668915
n5,n5,1.5,0.5,79,1,0.6104166507720947,98.29351791781579,0.0,-0.33057063817977905,0.4094488322734833
n6,n6,2.0,1.0,81,1,0.6203125715255737,96.72542965305092,0.0,-0.2550618052482605,0.4173228442668915
n8,n8,3.0,3.0,55,3,0.6343751549720764,94.5812576828313,0.0005207955837249756,-0.05718415230512619,0.4173228442668915
n9,n9,3.0,3.0,60,3,0.6343751549720764,94.5812576828313,-0.0015625059604644775,-0.3933546245098114,0.4015747904777527
n10,n10,3.0,3.0,64,3,0.6343751549720764,94.5812576828313,-0.004687458276748657,-0.3107196092605591,0.4094488322734833
n7,n7,3.0,0.5,79,1,0.6343751549720764,94.5812576828313,0.005729168653488159,-0.11587242782115936,0.4645669162273407
n11,n11,3.5,0.5,81,1,0.6291666030883789,95.36424804730427,0.0,-0.26112473011016846,0.4251968562602997
n12,n12,4.0,1.0,76,1,0.6041665077209473,99.31037095441383,0.0,-0.395273894071579,0.4094488322734833
n13,n13,5.0,1.0,76,1,0.5994793176651001,100.08685576291904,0.0,-0.39388537406921387,0.4173228442668915
n15,n16,6.0,3.0,53,3,0.6128472685813904,97.9036753135689,-0.0015624761581420898,-0.08154899626970291,0.4251968562602997
n16,n17,6.0,3.0,60,3,0.6128472685813904,97.9036753135689,-0.0015624761581420898,-0.3321819007396698,0.4251968562602997
n17,n15,6.0,3.0,64,3,0.6128472685813904,97.9036753135689,-0.0005208253860473633,-0.34562167525291443,0.4251968562602997
n14,n14,6.0,1.5,74,1,0.6128472685813904,97.9036753135689,0.003645777702331543,-0.2996232509613037,0.4724409580230713
n18,n18,7.5,0.5,76,1,0.5874996185302734,102.12772588703943,0.0,-0.2878014147281647,0.4488188922405243
n19,n19,8.0,0.5,79,1,0.5958337783813477,100.69922548365257,0.0,-0.1264493763446808,0.4645669162273407
n20,n20,8.5,0.5,74,1,0.5968747138977051,100.52360839377602,0.0,-0.24950122833251953,0.4645669162273407
n22,n22,9.0,0.5,52,3,0.6072916984558105,98.79930872192861,-0.001562356948852539,-0.12665627896785736,0.4330708682537079
n21,n21,9.0,0.5,76,1,0.6072916984558105,98.79930872192861,0.001562356948852539,-0.17612482607364655,0.5433070659637451
n24,n24,9.5,0.5,60,3,0.5854167938232422,102.49108094107068,-0.0072917938232421875,-0.15714678168296814,0.4094488322734833
n23,n23,9.5,0.5,69,1,0.5854167938232422,102.49108094107068,0.0072917938232421875,-0.052277520298957825,0.5196850299835205
n26,n26,10.0,2.0,59,3,0.5684895515441895,105.54283686836789,-0.0072917938232421875,-0.01661716401576996,0.4330708682537079
n25,n25,10.0,2.0,68,1,0.5684895515441895,105.54283686836789,0.0072917938232421875,-0.14811646938323975,0.4881889820098877
n28,n28,12.0,0.5,53,3,0.6031246185302734,99.48192820616613,-0.009895801544189453,-0.02260051667690277,0.4803149700164795
n27,n27,12.0,1.0,81,1,0.6031246185302734,99.48192820616613,0.009895801544189453,-0.28260084986686707,0.5984252095222473
n29,n29,12.5,0.5,57,3,0.5916671752929688,101.40836352851672,0.0,-0.32319989800453186,0.5354330539703369
n31,n31,13.0,2.0,64,3,0.5833339691162109,102.85703075187601,-0.011458396911621094,-0.27130362391471863,0.5196850299835205
n30,n30,13.0,0.5,84,1,0.5833339691162109,102.85703075187601,0.011458396911621094,-0.27130362391471863,0.5669291615486145
n32,n32,13.5,0.5,83,1,0.5729160308837891,104.72738894640996,0.0,-0.17847363650798798,0.5354330539703369
n33,n33,14.0,1.0,81,1,0.5703125,105.20547945205479,0.0,-0.16893717646598816,0.5275590419769287
n35,n35,15.0,0.5,50,3,0.5906248092651367,101.5873343936446,-0.004687309265136719,-0.1137814149260521,0.5039370059967041
n34,n34,15.0,0.5,86,1,0.5906248092651367,101.5873343936446,0.004687309265136719,-0.392316997051239,0.6141732335090637
n37,n37,15.5,0.5,57,3,0.5770835876464844,103.97107331486855,-0.008333683013916016,-0.2935638427734375,0.4881889820098877
n36,n36,15.5,0.5,84,1,0.5770835876464844,103.97107331486855,0.008333683013916016,-0.2935638427734375,0.5984252095222473
n39,n39,16.0,1.0,64,3,0.5625,106.66666666666667,-0.002083301544189453,-0.05722493305802345,0.4960629940032959
n38,n38,16.0,1.0,83,1,0.5625,106.66666666666667,0.002083301544189453,-0.19723236560821533,0.5511810779571533
n41,n41,17.0,1.0,65,3,0.5567708015441895,107.7642718217111,-0.013541698455810547,-0.31050199270248413,0.4724409580230713
n40,n40,17.0,1.0,81,1,0.5567708015441895,107.7642718217111,0.013541698455810547,-0.028623010963201523,0.5354330539703369
n43,n43,18.0,0.5,52,3,0.578125,103.78378378378379,-0.011979103088378906,-0.055648092180490494,0.4645669162273407
n42,n42,18.0,1.5,79,1,0.578125,103.78378378378379,0.011979103088378906,-0.20945335924625397,0.5433070659637451
n44,n44,18.5,0.5,59,3,0.5770835876464844,103.97107331486855,0.0,-0.18300548195838928,0.4881889820098877
n45,n45,19.0,2.0,67,3,0.5708332061767578,105.10951246487414,0.0,-0.13947899639606476,0.4724409580230713
n46,n46,19.5,0.5,76,1,0.5645828247070312,106.27315847083148,0.0,-0.15141043066978455,0.4566929042339325
n47,n47,20.0,0.5,79,1,0.5812511444091797,103.22560321319932,0.0,-0.18748615682125092,0.4645669162273407
n48,n48,20.5,0.5,81,1,0.6020822525024414,99.65415813308117,0.0,-0.09810749441385269,0.4724409580230713
n50,n50,21.0,3.0,45,4,0.6166667938232422,97.29727723461312,-0.008333683013916016,-0.2057015597820282,0.4409448802471161
n49,n49,21.0,3.0,81,1,0.6166667938232422,97.29727723461312,0.008333683013916016,-0.04706235229969025,0.4960629940032959
n52,n52,21.5,0.5,59,3,0.6156244277954102,97.46201952197345,-0.007291316986083984,-0.2126595377922058,0.4094488322734833
n51,n51,21.5,0.5,74,2,0.6156244277954102,97.46201952197345,0.007291316986083984,-0.30614617466926575,0.5039370059967041
n54,n54,22.0,2.0,57,3,0.6075520515441895,98.75697044804726,-0.0005207061767578125,-0.12862609326839447,0.4015747904777527
n53,n53,22.0,2.0,73,2,0.6075520515441895,98.75697044804726,0.0005207061767578125,-0.03568563610315323,0.4881889820098877
n55,n55,24.0,1.0,76,1,0.6229171752929688,96.3209915857288,0.0,-0.3444196283817291,0.4173228442668915
n56,n56,24.5,0.25,72,2,0.616668701171875,97.2969762953432,0.0,-0.04958672076463699,0.4094488322734833
n57,n57,24.75,0.25,71,2,0.6083316802978516,98.6304049965354,0.0,-0.39540475606918335,0.4094488322734833
n59,n59,25.0,0.25,69,2,0.6125011444091797,97.95900064460479,-0.014583110809326172,-0.09115061163902283,0.3858267664909363
n58,n58,25.0,1.5,81,1,0.6125011444091797,97.95900064460479,0.014583110809326172,-0.1122121587395668,0.4488188922405243
n60,n60,25.25,0.25,68,2,0.6083335876464844,98.63009575408695,0.0,-0.21254530549049377,0.4173228442668915
n61,n61,25.5,0.25,69,2,0.6083335876464844,98.63009575408695,0.0,-0.36964619159698486,0.4094488322734833
n62,n62,25.75,0.25,71,2,0.6062488555908203,98.96925898775834,0.0,-0.3775177001953125,0.4094488322734833
n64,n64,26.0,0.25,57,3,0.6083316802978516,98.6304049965354,-0.0026040077209472656,-0.15639759600162506,0.3858267664909363
n63,n63,26.0,0.25,72,2,0.6083316802978516,98.6304049965354,0.0026040077209472656,-0.08129621297121048,0.4409448802471161
n66,n66,26.25,0.25,59,3,0.6145833134651184,97.62712180015181,-0.015104293823242188,-0.034646086394786835,0.3700787425041199
n65,n65,26.25,0.25,74,2,0.6145833134651184,97.62712180015181,0.015104293823242188,-0.27383384108543396,0.4724409580230713
n69,n69,26.5,0.25,60,3,0.6208330988883972,96.64433179775709,-0.010416666977107525,-0.17477378249168396,0.4094488322734833
n68,n68,26.5,0.5,76,2,0.6208330988883972,96.64433179775709,-0.0031248729210346937,-0.08988495916128159,0.4094488322734833
n67,n67,26.5,0.5,81,1,0.6208330988883972,96.64433179775709,0.013541539199650288,-0.07961663603782654,0.4645669162273407
n70,n70,26.75,0.25,62,3,0.6270828247070312,95.68114072974585,0.0,-0.07374710589647293,0.4330708682537079
n72,n72,27.0,1.25,64,3,0.6229171752929688,96.3209915857288,-0.006771087646484375,-0.16438798606395721,0.3858267664909363
n71,n71,27.0,0.5,79,1,0.6229171752929688,96.3209915857288,0.006771087646484375,-0.16330698132514954,0.4803149700164795
n73,n73,27.25,0.25,72,2,0.625,96.0,0.0,-0.3099554777145386,0.4330708682537079
n75,n75,27.5,0.25,71,2,0.6208343505859375,96.64413694791948,-0.00208282470703125,-0.3989919424057007,0.4094488322734833
n74,n74,27.5,0.5,81,1,0.6208343505859375,96.64413694791948,0.00208282470703125,-0.024414068087935448,0.4645669162273407
n76,n76,27.75,0.25,69,2,0.616668701171875,97.2969762953432,0.0,-0.3146403431892395,0.4330708682537079
n78,n78,28.0,1.25,67,2,0.5999984741210938,100.0002543137978,-0.0072917938232421875,-0.07399696111679077,0.3937007784843445
n77,n77,28.0,2.0,76,1,0.5999984741210938,100.0002543137978,0.0072917938232421875,-0.41503387689590454,0.4488188922405243
n80,n79,28.25,0.25,63,3,0.5916671752929688,101.40836352851672,0.0,-0.31685835123062134,0.4173228442668915
n81,n80,28.5,0.25,64,3,0.5916671752929688,101.40836352851672,0.0,-0.3815639913082123,0.4251968562602997
n82,n81,28.75,0.25,65,3,0.5916671752929688,101.40836352851672,0.0,-0.2671052813529968,0.4251968562602997
n84,n82,29.0,0.5,64,3,0.5958328247070312,100.699386660179,0.0,-0.40498262643814087,0.4330708682537079
n85,n83,29.25,0.25,72,2,0.602081298828125,99.65431598155,0.0,-0.09810520708560944,0.4409448802471161
n87,n85,29.5,0.5,55,3,0.6062545776367188,98.96832488076211,-0.0015621185302734375,-0.030068127438426018,0.4094488322734833
n86,n84,29.5,0.25,71,2,0.6062545776367188,98.96832488076211,0.0015621185302734375,-0.045334942638874054,0.4881889820098877
n88,n86,29.75,0.25,72,2,0.6291618347167969,95.36497080597341,0.0,-0.15093082189559937,0.4566929042339325
n91,n87,30.0,0.5,53,3,0.5874977111816406,102.12805745118791,0.0031251907348632812,-0.2326551377773285,0.4409448802471161
n89,n88,30.0,1.5,74,1,0.5874977111816406,102.12805745118791,-0.0031251907348632812,-2.615983724594116,0.4488188922405243
n92,n89,30.25,0.25,72,2,0.60833740234375,98.62947727500753,0.0,-0.3071911334991455,0.4566929042339325
n94,n91,30.5,0.25,65,3,0.5999984741210938,100.0002543137978,-0.009374618530273438,-0.3370313346385956,0.4251968562602997
n93,n90,30.5,1.75,71,2,0.5999984741210938,100.0002543137978,0.009374618530273438,-0.048017844557762146,0.4960629940032959
n95,n92,30.75,0.25,64,3,0.5958328247070312,100.699386660179,0.0,-0.11547595262527466,0.4566929042339325
n97,n93,31.0,0.25,62,3,0.5875015258789062,102.12739432504382,0.0,-0.18535883724689484,0.4566929042339325
n98,n94,31.25,0.25,60,3,0.5854148864746094,102.49141486873057,0.0,-0.3530621826648712,0.4566929042339325
n100,n96,31.5,0.25,59,3,0.5854148864746094,102.49141486873057,-0.004687309265136719,-0.015480900183320045,0.4330708682537079
n99,n95,31.5,0.5,76,1,0.5854148864746094,102.49141486873057,0.004687309265136719,-0.09550298750400543,0.5039370059967041
n101,n97,31.75,0.25,60,3,0.585418701171875,102.49074701558672,0.0,-0.3015413284301758,0.4724409580230713
n104,n99,32.0,0.5,62,3,0.5895843505859375,101.7666088666891,-0.00572967529296875,-0.13343341648578644,0.4330708682537079
n102,n98,32.0,1.0,79,1,0.5895843505859375,101.7666088666891,0.00572967529296875,-0.03613630682229996,0.5511810779571533
n105,n100,32.25,0.25,69,2,0.5979194641113281,100.34796256244378,0.0,-0.24605044722557068,0.4960629940032959
n107,n102,32.5,0.5,53,3,0.6062507629394531,98.96894761680038,-0.010937690734863281,-0.19052372872829437,0.4488188922405243
n106,n101,32.5,0.25,71,2,0.6062507629394531,98.96894761680038,0.010937690734863281,-0.08684509247541428,0.5669291615486145
n108,n103,32.75,0.25,72,2,0.6062469482421875,98.96957036067555,0.0,-0.3393780589103699,0.5196850299835205
n110,n105,33.0,0.25,71,2,0.602081298828125,99.65431598155,-0.00989532470703125,-0.22072453796863556,0.4724409580230713
n109,n104,33.0,1.25,76,1,0.602081298828125,99.65431598155,0.00989532470703125,-0.04563775286078453,0.5511810779571533
n111,n106,33.25,0.25,69,2,0.6020851135253906,99.65368459067496,0.0,-0.16370262205600739,0.5118110179901123
n113,n108,33.5,0.25,52,3,0.5937538146972656,101.05198234489139,-0.004687309265136719,-0.13245950639247894,0.4724409580230713
n112,n107,33.5,2.5,68,2,0.5937538146972656,101.05198234489139,0.004687309265136719,-0.06630417704582214,0.5590550899505615
n114,n109,33.75,0.25,50,3,0.587493896484375,102.12872058594358,0.0,-0.18534009158611298,0.5118110179901123
n117,n110,34.0,0.5,52,3,0.5791702270507812,103.59648545044986,0.0,-0.26720094680786133,0.5118110179901123
n118,n111,34.25,0.25,75,1,0.5749969482421875,104.34837990605844,0.0,-0.0861489325761795,0.5039370059967041
n120,n113,34.5,0.25,64,3,0.5708351135253906,105.10916125928054,-0.009374618530273438,-0.3837910592556,0.4645669162273407
n119,n112,34.5,0.25,76,1,0.5708351135253906,105.10916125928054,0.009374618530273438,-0.2525465488433838,0.5511810779571533
n122,n115,34.75,0.25,62,3,0.5770835876464844,103.97107331486855,-0.009375572204589844,-0.23109972476959229,0.4960629940032959
n121,n114,34.75,0.25,78,1,0.5770835876464844,103.97107331486855,0.009375572204589844,-0.2808527946472168,0.5433070659637451
n124,n117,35.0,0.25,64,3,0.5812492370605469,103.22594194433324,-0.0078125,-0.06883696466684341,0.5039370059967041
n123,n116,35.0,0.25,80,1,0.5812492370605469,103.22594194433324,0.0078125,-0.026087354868650436,0.5590550899505615
n126,n119,35.25,0.25,62,3,0.5875015258789062,102.12739432504382,-0.0020837783813476562,-0.1970406323671341,0.5196850299835205
n125,n118,35.25,0.25,81,1,0.5875015258789062,102.12739432504382,0.0020837783813476562,-0.2569120228290558,0.5669291615486145
n128,n121,35.5,0.25,60,3,0.5979156494140625,100.34860278167666,-0.0010423660278320312,-0.3320144712924957,0.5196850299835205
n127,n120,35.5,0.25,83,1,0.5979156494140625,100.34860278167666,0.0010423660278320312,-0.3194144368171692,0.5984252095222473
n130,n123,35.75,0.25,59,3,0.5923627018928528,101.28929422509938,-0.0015630722045898438,-0.12907548248767853,0.5275590419769287
n129,n122,35.75,0.25,80,1,0.5923627018928528,101.28929422509938,0.0015630722045898438,-0.2934623956680298,0.5826771855354309
n133,n126,36.0,0.25,57,3,0.5972239375114441,100.46482773281383,-0.0024305980186909437,-0.03395147621631622,0.5590550899505615
n132,n125,36.0,0.5,72,2,0.5972239375114441,100.46482773281383,-0.0013891855487599969,-0.3623345196247101,0.5275590419769287
n131,n124,36.0,0.75,81,1,0.5972239375114441,100.46482773281383,0.0038197834510356188,-0.23249712586402893,0.5984252095222473
n134,n127,36.25,0.25,60,3,0.5937461853027344,101.05328082134574,0.0,-0.4133418798446655,0.5590550899505615
n136,n129,36.5,0.25,59,3,0.5868059992790222,102.24844339307856,-0.006770133972167969,-0.1378459930419922,0.5354330539703369
n135,n128,36.5,0.25,74,2,0.5868059992790222,102.24844339307856,0.006770133972167969,-0.03981401026248932,0.5748031735420227
n139,n131,36.75,0.25,60,3,0.5715306401252747,104.98124822642669,-0.0017369588604196906,-0.21715031564235687,0.5354330539703369
n138,n132,36.75,0.75,72,2,0.5715306401252747,104.98124822642669,-0.0069440207444131374,-0.06270409375429153,0.5039370059967041
n137,n130,36.75,0.25,76,1,0.5715306401252747,104.98124822642669,0.00868097972124815,-0.06637035310268402,0.5590550899505615
n142,n134,37.0,0.25,62,3,0.5645828247070312,106.27315847083148,-0.015104293823242188,-0.3406807780265808,0.4960629940032959
n140,n133,37.0,2.0,77,1,0.5645828247070312,106.27315847083148,0.015104293823242188,-0.13378046452999115,0.5669291615486145
n143,n135,37.25,0.25,60,3,0.5583305358886719,107.46322499538817,0.0,-0.08880210667848587,0.5275590419769287
n145,n137,37.5,0.25,59,3,0.5583305358886719,107.46322499538817,-0.011458396911621094,-0.171264186501503,0.4803149700164795
n144,n136,37.5,0.5,69,2,0.5583305358886719,107.46322499538817,0.011458396911621094,-0.37958142161369324,0.5748031735420227
n146,n138,37.75,0.25,60,3,0.554168701171875,108.2702792003965,0.0,-0.08950350433588028,0.5275590419769287
n148,n140,38.0,0.75,62,3,0.5583343505859375,107.46249077642044,-0.01354217529296875,-0.2081107795238495,0.5039370059967041
n147,n139,38.0,0.25,71,2,0.5583343505859375,107.46249077642044,0.01354217529296875,-0.06609174609184265,0.5511810779571533
n149,n141,38.25,0.25,69,2,0.5625,106.66666666666667,0.0,-0.0995357409119606,0.5275590419769287
n150,n142,38.5,0.25,67,2,0.5645828247070312,106.27315847083148,0.0,-0.1163635104894638,0.5354330539703369
n152,n144,38.75,0.25,57,3,0.5701370239257812,105.23785946553546,-0.0026035308837890625,-0.20145341753959656,0.4803149700164795
n151,n143,38.75,0.25,65,2,0.5701370239257812,105.23785946553546,0.0026035308837890625,-0.2889162600040436,0.5905511975288391
n155,n145,39.0,0.25,59,3,0.5736160278320312,104.59958768371351,0.000347137451171875,-0.0606536865234375,0.5118110179901123
n154,n147,39.0,1.0,64,2,0.5736160278320312,104.59958768371351,-0.00069427490234375,-0.2501794397830963,0.5118110179901123
n153,n146,39.0,0.75,79,1,0.5736160278320312,104.59958768371351,0.000347137451171875,-0.2264859974384308,0.5984252095222473
n156,n148,39.25,0.25,55,3,0.570831298828125,105.10986367281475,0.0,-0.20320916175842285,0.5354330539703369
n157,n149,39.5,0.25,57,3,0.5666656494140625,105.88254301639874,0.0,-0.3192758858203888,0.5275590419769287
n159,n150,39.75,0.25,55,3,0.54583740234375,109.92284468299228,0.0,-0.38957759737968445,0.4330708682537079
n158,n151,39.75,0.25,71,1,0.54583740234375,109.92284468299228,0.0,-0.3610083758831024,0.5511810779571533
n162,n153,40.0,0.25,57,3,0.5416641235351562,110.76975083454231,-0.001041412353515625,-0.033676426857709885,0.4645669162273407
n161,n154,40.0,0.5,69,2,0.5416641235351562,110.76975083454231,-0.0072917938232421875,-0.0798465684056282,0.4645669162273407
n160,n152,40.0,2.0,72,1,0.5416641235351562,110.76975083454231,0.008333206176757812,-0.022360963746905327,0.5275590419769287
n163,n155,40.25,0.25,59,3,0.5354156494140625,112.06246971985523,0.0,-0.17273181676864624,0.4803149700164795
n165,n157,40.5,0.25,60,3,0.539581298828125,111.19733046773372,-0.006771087646484375,-0.34437745809555054,0.4488188922405243
n164,n156,40.5,0.5,64,2,0.539581298828125,111.19733046773372,0.006771087646484375,-0.17759908735752106,0.4960629940032959
n166,n158,40.75,0.25,59,3,0.5375022888183594,111.62743163736755,0.0,-0.10434280335903168,0.4724409580230713
n168,n160,41.0,0.75,60,3,0.5416679382324219,110.76897073840628,-0.011458396911621094,-0.2541869282722473,0.4173228442668915
n167,n159,41.0,0.25,69,2,0.5416679382324219,110.76897073840628,0.011458396911621094,-0.0916338860988617,0.5118110179901123
n169,n161,41.25,0.25,67,2,0.5499954223632812,109.09181705946816,0.0,-0.3719567358493805,0.4645669162273407
n170,n162,41.5,0.25,65,2,0.5604209899902344,107.06237109542512,0.0,-0.06024617329239845,0.4645669162273407
n172,n164,41.75,0.25,48,3,0.565972626209259,106.01219426788317,-0.006770133972167969,-0.15495751798152924,0.4173228442668915
n171,n163,41.75,0.25,64,2,0.565972626209259,106.01219426788317,0.006770133972167969,-0.1668315976858139,0.5196850299835205
n175,n167,42.0,0.75,50,3,0.5819422602653503,103.10301226902061,-0.00590197229757905,-0.23506751656532288,0.4724409580230713
n174,n166,42.0,0.25,62,2,0.5819422602653503,103.10301226902061,-0.0017363229999318719,-0.07055601477622986,0.4409448802471161
n173,n165,42.0,0.5,77,1,0.5819422602653503,103.10301226902061,0.0076382956467568874,-0.25547370314598083,0.5354330539703369
n176,n168,42.25,0.25,60,2,0.585418701171875,102.49074701558672,0.0,-0.07914888113737106,0.4724409580230713
n178,n170,42.5,0.25,62,2,0.5687484741210938,105.49478852267697,-0.013021469116210938,-0.2725743055343628,0.4094488322734833
n177,n169,42.5,0.5,71,1,0.5687484741210938,105.49478852267697,0.013021469116210938,-0.32456889748573303,0.4881889820098877
n180,n172,42.75,0.25,45,3,0.56805419921875,105.62372407865048,-0.0062503814697265625,-0.2206263393163681,0.4173228442668915
n179,n171,42.75,0.25,64,2,0.56805419921875,105.62372407865048,0.0062503814697265625,-0.1721278578042984,0.4645669162273407
n183,n174,43.0,1.0,50,3,0.5694427490234375,105.36616736782872,-0.00069427490234375,-0.03652160242199898,0.3937007784843445
n182,n175,43.0,1.5,65,2,0.5694427490234375,105.36616736782872,-0.00069427490234375,-0.04285120964050293,0.4251968562602997
n181,n173,43.0,0.25,72,1,0.5694427490234375,105.36616736782872,0.0013885498046875,-0.33962583541870117,0.4803149700164795
n184,n176,43.25,0.25,71,1,0.5666732788085938,105.8811174688657,0.0,-0.2294987142086029,0.4251968562602997
n185,n177,43.5,0.25,69,1,0.5625,106.66666666666667,0.0,-0.1699250042438507,0.4094488322734833
n186,n178,43.75,0.25,71,1,0.570831298828125,105.10986367281475,0.0,-0.2153838723897934,0.4173228442668915
n189,n180,44.0,0.75,62,3,0.57916259765625,103.59785014226999,-0.014583587646484375,-0.038557473570108414,0.3779527544975281
n187,n179,44.0,0.25,72,1,0.57916259765625,103.59785014226999,0.014583587646484375,-0.39101049304008484,0.4566929042339325
n190,n181,44.25,0.25,71,1,0.5895843505859375,101.7666088666891,0.0,-0.06784513592720032,0.4173228442668915
n192,n183,44.5,0.5,69,2,0.5979194641113281,100.34796256244378,-0.0005207061767578125,-0.08809807896614075,0.3779527544975281
n191,n182,44.5,0.25,72,1,0.5979194641113281,100.34796256244378,0.0005207061767578125,-0.10963121801614761,0.4566929042339325
n194,n185,44.75,0.25,60,3,0.6124992370605469,97.95930569309243,-0.013541221618652344,-0.4183107912540436,0.4015747904777527
n193,n184,44.75,0.25,74,1,0.6124992370605469,97.95930569309243,0.013541221618652344,-0.3794915974140167,0.4488188922405243
n196,n187,45.0,0.25,59,3,0.6208343505859375,96.64413694791948,-0.0072917938232421875,-0.32435309886932373,0.4015747904777527
n195,n186,45.0,0.75,76,1,0.6208343505859375,96.64413694791948,0.0072917938232421875,-0.13170799612998962,0.4566929042339325
n197,n188,45.25,0.25,62,3,0.6208343505859375,96.64413694791948,0.0,-0.11064645648002625,0.4251968562602997
n198,n189,45.5,0.25,60,3,0.6187477111816406,96.97005567166664,0.0,-0.35633283853530884,0.4173228442668915
n200,n191,45.75,0.25,59,3,0.5979156494140625,100.34860278167666,-0.004687309265136719,-0.34472551941871643,0.34645670652389526
n199,n190,45.75,0.25,68,1,0.5979156494140625,100.34860278167666,0.004687309265136719,-0.1649044007062912,0.4330708682537079
n202,n193,46.0,0.25,60,3,0.5916709899902344,101.40770971547938,-0.0031251907348632812,-0.18397343158721924,0.35433071851730347
n201,n192,46.0,2.25,69,1,0.5916709899902344,101.40770971547938,0.0031251907348632812,-0.18525631725788116,0.4251968562602997
n203,n194,46.25,0.25,59,3,0.5958328247070312,100.699386660179,0.0,-0.040929071605205536,0.3858267664909363
n204,n195,46.5,0.25,57,3,0.5916671752929688,101.40836352851672,0.0,-0.3683886229991913,0.3858267664909363
n205,n196,46.75,0.25,55,3,0.5916671752929688,101.40836352851672,0.0,-0.32956939935684204,0.3858267664909363
n206,n197,47.0,0.25,53,3,0.5958328247070312,100.699386660179,0.0,-0.40498262643814087,0.3858267664909363
n207,n198,47.25,0.25,52,3,0.5999984741210938,100.0002543137978,0.0,-0.06139690428972244,0.3858267664909363
n208,n199,47.5,0.25,50,3,0.6041641235351562,99.31076285847782,0.0,-0.03015596605837345,0.3937007784843445
n209,n200,47.75,0.25,48,3,0.60833740234375,98.62947727500753,0.0,-0.1898341327905655,0.4015747904777527
n211,n201,48.0,0.5,47,3,0.6083297729492188,98.63071424092306,0.0,-0.31945136189460754,0.4015747904777527
n212,n202,48.25,0.25,68,1,0.5999984741210938,100.0002543137978,0.0,-0.29955658316612244,0.4015747904777527
n214,n204,48.5,0.5,56,3,0.5958328247070312,100.699386660179,-0.009374618530273438,-0.31438007950782776,0.36220473051071167
n213,n203,48.5,0.25,69,1,0.5958328247070312,100.699386660179,0.009374618530273438,-0.040929071605205536,0.4409448802471161
n215,n205,48.75,0.25,71,1,0.5895843505859375,101.7666088666891,0.0,-0.17887650430202484,0.4094488322734833
n217,n207,49.0,0.5,57,3,0.585418701171875,102.49074701558672,-0.0005207061767578125,-0.07373546063899994,0.3700787425041199
n216,n206,49.0,0.25,72,1,0.585418701171875,102.49074701558672,0.0005207061767578125,-0.25178825855255127,0.4566929042339325
n218,n208,49.25,0.25,71,1,0.5729141235351562,104.72773760536934,0.0,-0.18441817164421082,0.4094488322734833
n220,n210,49.5,0.5,48,3,0.5687484741210938,105.49478852267697,-0.0078125,-0.07594500482082367,0.3937007784843445
n219,n209,49.5,0.25,72,1,0.5687484741210938,105.49478852267697,0.0078125,-0.026664068922400475,0.4409448802471161
n221,n211,49.75,0.25,74,1,0.5729217529296875,104.72634298346073,0.0,-0.05890646576881409,0.4330708682537079
n223,n213,50.0,0.5,53,3,0.5687484741210938,105.49478852267697,-0.008853912353515625,-0.0703854039311409,0.4094488322734833
n222,n212,50.0,0.25,72,1,0.5687484741210938,105.49478852267697,0.008853912353515625,-0.13855700194835663,0.4645669162273407
n224,n214,50.25,0.25,71,1,0.5645828247070312,106.27315847083148,0.0,-0.026865284889936447,0.4409448802471161
n226,n216,50.5,0.5,50,3,0.5645828247070312,106.27315847083148,-0.010936737060546875,-0.34743812680244446,0.4015747904777527
n225,n215,50.5,0.25,69,1,0.5645828247070312,106.27315847083148,0.010936737060546875,-0.0160585418343544,0.4960629940032959
n227,n217,50.75,0.25,67,1,0.5625,106.66666666666667,0.0,-0.29545584321022034,0.4566929042339325
n229,n219,51.0,1.0,52,3,0.554168701171875,108.2702792003965,-0.010416030883789062,-0.04966319352388382,0.4251968562602997
n228,n218,51.0,0.25,64,1,0.554168701171875,108.2702792003965,0.010416030883789062,-0.2097977101802826,0.4803149700164795
n230,n220,51.25,0.25,71,1,0.5666656494140625,105.88254301639874,0.0,-0.04306609928607941,0.4803149700164795
n231,n221,51.5,0.25,68,1,0.5500030517578125,109.090303786933,0.0,-0.11366480588912964,0.4724409580230713
n232,n222,51.75,0.25,64,1,0.5333328247070312,112.50010728846291,0.0,-0.2585316598415375,0.4645669162273407
n233,n223,52.0,0.25,64,1,0.524993896484375,114.28704295762367,0.0,-0.2768234312534332,0.4645669162273407
n234,n224,52.25,0.25,72,1,0.5354232788085938,112.06087291069979,0.0,-0.2374579906463623,0.4960629940032959
n236,n226,52.5,0.5,57,3,0.5229110717773438,114.74226352879383,-0.0078125,-0.3641977906227112,0.4566929042339325
n235,n225,52.5,0.25,69,1,0.5229110717773438,114.74226352879383,0.0078125,-0.05266489088535309,0.5196850299835205
n237,n227,52.75,0.25,64,1,0.5145835876464844,116.59913265873458,0.0,-0.20690098404884338,0.4724409580230713
n239,n229,53.0,0.75,56,3,0.5145835876464844,116.59913265873458,-0.0036458969116210938,-0.40920910239219666,0.4330708682537079
n238,n228,53.0,0.25,64,1,0.5145835876464844,116.59913265873458,0.0036458969116210938,-0.1410130113363266,0.5275590419769287
n240,n230,53.25,0.25,74,1,0.5374984741210938,111.62822387191098,0.0,-0.04543893039226532,0.5275590419769287
n241,n231,53.5,0.25,71,1,0.5333366394042969,112.49930262997904,0.0,-0.2995692193508148,0.5196850299835205
n243,n233,53.75,0.25,62,3,0.5270843505859375,113.83377239961787,-0.013541221618652344,-0.052259042859077454,0.4724409580230713
n242,n232,53.75,0.25,65,1,0.5270843505859375,113.83377239961787,0.013541221618652344,-0.31057098507881165,0.5433070659637451
n245,n235,54.0,1.0,60,3,0.5270805358886719,113.83459626115466,-0.014061927795410156,-0.4055570662021637,0.4566929042339325
n244,n234,54.0,0.25,64,1,0.5270805358886719,113.83459626115466,0.014061927795410156,-0.35362932085990906,0.5590550899505615
n246,n236,54.25,0.25,71,1,0.5374984741210938,111.62822387191098,0.0,-0.04543893039226532,0.5275590419769287
n247,n237,54.5,0.25,68,1,0.5291671752929688,113.38571778716533,0.0,-0.23379860818386078,0.5118110179901123
n248,n238,54.75,0.25,64,1,0.51666259765625,116.12994683992912,0.0,-0.38432928919792175,0.4960629940032959
n249,n239,55.0,0.25,64,1,0.51251220703125,117.0703822793855,0.0,-0.3278390169143677,0.4881889820098877
n250,n240,55.25,0.25,72,1,0.5270843505859375,113.83377239961787,0.0,-0.2825566232204437,0.5039370059967041
n252,n242,55.5,0.5,48,3,0.5229034423828125,114.74393766961394,-0.008853912353515625,-0.040769752115011215,0.4488188922405243
n251,n241,55.5,0.25,69,1,0.5229034423828125,114.74393766961394,0.008853912353515625,-0.32765090465545654,0.5275590419769287
n253,n243,55.75,0.25,64,1,0.5187530517578125,115.66197017383887,0.0,-0.1020294651389122,0.4645669162273407
n255,n245,56.0,0.75,50,3,0.5270843505859375,113.83377239961787,-0.008853912353515625,-0.2550758421421051,0.4251968562602997
n254,n244,56.0,0.25,64,1,0.5270843505859375,113.83377239961787,0.008853912353515625,-0.29649579524993896,0.4960629940032959
n256,n246,56.25,0.25,74,1,0.554168701171875,108.2702792003965,0.0,-0.11277326196432114,0.4881889820098877
n257,n247,56.5,0.25,71,1,0.5645828247070312,106.27315847083148,0.0,-0.35422730445861816,0.4724409580230713
n259,n249,56.75,0.25,45,3,0.5625,106.66666666666667,-0.013021469116210938,-0.13430112600326538,0.4251968562602997
n258,n248,56.75,0.25,65,1,0.5625,106.66666666666667,0.013021469116210938,-0.19417253136634827,0.4645669162273407
n261,n251,57.0,1.0,44,3,0.5729141235351562,104.72773760536934,-0.0005207061767578125,-0.12886683642864227,0.3858267664909363
n260,n250,57.0,0.25,64,1,0.5729141235351562,104.72773760536934,0.0005207061767578125,-0.41678085923194885,0.4803149700164795
n262,n252,57.25,0.25,71,1,0.5875091552734375,102.12606809858973,0.0,-0.052111003547906876,0.4409448802471161
n263,n253,57.5,0.25,68,1,0.5916595458984375,101.40967117988394,0.0,-0.24283915758132935,0.4173228442668915
n264,n254,57.75,0.25,64,1,0.57916259765625,103.59785014226999,0.0,-0.23628786206245422,0.3937007784843445
n265,n255,58.0,0.25,64,1,0.583343505859375,102.85534920219723,0.0,-0.1406235694885254,0.3779527544975281
n266,n256,58.25,0.25,72,1,0.5979080200195312,100.34988324465031,0.0,-0.3967016935348511,0.3858267664909363
n268,n258,58.5,0.5,45,3,0.5979232788085938,100.34732235137997,-0.0026035308837890625,-0.3835631310939789,0.33070865273475647
n267,n257,58.5,0.25,69,1,0.5979232788085938,100.34732235137997,0.0026035308837890625,-0.3069419264793396,0.4094488322734833
n269,n259,58.75,0.25,64,1,0.5895843505859375,101.7666088666891,0.0,-0.22579750418663025,0.35433071851730347
n271,n261,59.0,0.5,47,3,0.59375,101.05263157894737,-0.006771087646484375,-0.10496961325407028,0.29921260476112366
n270,n260,59.0,0.25,64,1,0.59375,101.05263157894737,0.006771087646484375,-0.1213950663805008,0.4094488322734833
n272,n262,59.25,0.25,74,1,0.6208267211914062,96.64532461627321,0.0,-0.32433536648750305,0.3858267664909363
n274,n264,59.5,0.5,41,3,0.6166763305664062,97.29577255687934,-0.011457443237304688,-0.24947400391101837,0.32283464074134827
n273,n263,59.5,0.25,71,1,0.6166763305664062,97.29577255687934,0.011457443237304688,-0.05972892418503761,0.4409448802471161
n275,n265,59.75,0.25,65,1,0.6051979064941406,99.14112285611633,0.0,-0.41418513655662537,0.3779527544975281
n278,n269,60.0,2.0,40,3,0.5971358418464661,100.47964934489234,-0.0018224716186523438,-0.16161346435546875,0.3779527544975281
n279,n267,60.0,2.0,56,3,0.5971358418464661,100.47964934489234,0.00026035308837890625,-0.03116469457745552,0.3700787425041199
n276,n268,60.0,2.0,59,1,0.5971358418464661,100.47964934489234,-0.0007810592651367188,-0.3364732265472412,0.3779527544975281
n277,n266,60.0,2.0,64,1,0.5971358418464661,100.47964934489234,0.0023431777954101562,-0.40147051215171814,0.4094488322734833
n281,n271,63.0,0.25,57,3,0.6208343505859375,96.64413694791948,-0.012500762939453125,-0.039261747151613235,0.3700787425041199
n280,n270,63.0,1.0,76,1,0.6208343505859375,96.64413694791948,0.012500762939453125,-0.041751403361558914,0.4724409580230713
n282,n272,63.25,0.25,64,3,0.6374969482421875,94.11809760884655,0.0,-0.3385176956653595,0.3937007784843445
n283,n273,63.5,0.25,60,3,0.64166259765625,93.50708646437744,0.0,-0.1272260993719101,0.3700787425041199
n284,n274,63.75,0.25,64,3,0.6500091552734375,92.30639216883026,0.0,-0.10551340132951736,0.34645670652389526
n286,n276,64.0,0.25,57,3,0.666656494140625,90.00137331197071,-0.014583587646484375,-0.03650391474366188,0.29921260476112366
n285,n275,64.0,1.0,81,1,0.666656494140625,90.00137331197071,0.014583587646484375,-0.22124379873275757,0.3779527544975281
n287,n277,64.25,0.25,64,3,0.6666717529296875,89.99931335973083,0.0,-0.10277057439088821,0.32283464074134827
n288,n278,64.5,0.25,60,3,0.6750030517578125,88.8884870131338,0.0,-0.28457406163215637,0.30708661675453186
n289,n279,64.75,0.25,64,3,0.6833267211914062,87.80572768380506,0.0,-0.17762890458106995,0.29921260476112366
n291,n281,65.0,0.25,59,3,0.6916732788085938,86.74615868253565,-0.0072917938232421875,-0.017501210793852806,0.25984251499176025
n290,n280,65.0,0.75,81,1,0.6916732788085938,86.74615868253565,0.0072917938232421875,-0.23550182580947876,0.33070865273475647
n292,n282,65.25,0.25,65,3,0.6999969482421875,85.71465940054496,0.0,-0.07942812889814377,0.29133859276771545
n293,n283,65.5,0.25,62,3,0.7125015258789062,84.2103459722237,0.0,-0.406628280878067,0.29133859276771545
n295,n285,65.75,0.25,65,3,0.7138850092887878,84.04714935781514,-0.0010433197021484375,-0.03694989159703255,0.25196850299835205
n294,n284,65.75,0.25,79,1,0.7138850092887878,84.04714935781514,0.0010433197021484375,-0.35456496477127075,0.32283464074134827
n298,n287,66.0,0.25,60,3,0.7180633544921875,83.55808665717504,-0.0038197834510356188,-0.31013259291648865,0.29133859276771545
n296,n288,66.0,0.25,76,1,0.7180633544921875,83.55808665717504,-0.0038197834510356188,-0.1622871309518814,0.24409449100494385
n297,n286,66.0,0.25,79,1,0.7180633544921875,83.55808665717504,0.0076395669020712376,-0.028194235637784004,0.3385826647281647
n301,n290,66.25,0.25,67,3,0.7222188115119934,83.07731541136079,-0.0045140585862100124,-0.2978472411632538,0.27559053897857666
n299,n291,66.25,0.25,77,1,0.7222188115119934,83.07731541136079,-0.0045140585862100124,-0.13361772894859314,0.26771652698516846
n300,n289,66.25,0.25,81,1,0.7222188115119934,83.07731541136079,0.009028117172420025,-0.18001072108745575,0.3385826647281647
n304,n294,66.5,0.25,64,3,0.70416259765625,85.20759296177516,-0.00208282470703125,-0.3674480617046356,0.26771652698516846
n302,n293,66.5,0.5,72,1,0.70416259765625,85.20759296177516,-0.001041412353515625,-0.07444164156913757,0.27559053897857666
n303,n292,66.5,0.5,76,1,0.70416259765625,85.20759296177516,0.003124237060546875,-0.0565752349793911,0.31496062874794006
n305,n295,66.75,0.25,67,3,0.6930592656135559,86.57268285257368,0.0,-0.24865829944610596,0.29133859276771545
n308,n297,67.0,0.25,62,3,0.6874949336051941,87.27337041650992,0.00034840902662836015,-0.1374928504228592,0.27559053897857666
n306,n298,67.0,0.25,74,1,0.6874949336051941,87.27337041650992,-0.0038210551720112562,-0.3776269257068634,0.29133859276771545
n307,n296,67.0,0.25,77,1,0.6874949336051941,87.27337041650992,0.0034726459998637438,-0.2577871084213257,0.31496062874794006
n311,n301,67.25,0.25,69,3,0.6833445429801941,87.8034376894688,-0.00069427490234375,-0.2180243283510208,0.29133859276771545
n309,n299,67.25,0.25,76,1,0.6833445429801941,87.8034376894688,0.000347137451171875,-0.24905119836330414,0.29133859276771545
n310,n300,67.25,0.25,79,1,0.6833445429801941,87.8034376894688,0.000347137451171875,-0.06295493990182877,0.33070865273475647
n314,n303,67.5,0.25,65,3,0.6652730107307434,90.18853768634823,-0.0048611960373818874,-0.09974052011966705,0.29921260476112366
n312,n304,67.5,0.5,71,1,0.6652730107307434,90.18853768634823,-0.0048611960373818874,-0.34736546874046326,0.27559053897857666
n313,n302,67.5,0.5,74,1,0.6652730107307434,90.18853768634823,0.009722392074763775,-0.3302244246006012,0.32283464074134827
n315,n305,67.75,0.25,69,3,0.6638895869255066,90.37647401258675,0.0,-0.15603438019752502,0.30708661675453186
n318,n308,68.0,0.25,64,3,0.6652730107307434,90.18853768634823,-0.0059026083908975124,-0.042784690856933594,0.31496062874794006
n316,n307,68.0,0.25,72,1,0.6652730107307434,90.18853768634823,-0.0048611960373818874,-0.3763945698738098,0.31496062874794006
n317,n306,68.0,0.25,76,1,0.6652730107307434,90.18853768634823,0.0107638044282794,-0.3189089894294739,0.34645670652389526
n321,n309,68.25,0.25,71,3,0.67083740234375,89.44045127831862,0.0,-0.01804262213408947,0.30708661675453186
n319,n310,68.25,0.25,74,1,0.67083740234375,89.44045127831862,0.0,-0.2224012017250061,0.3385826647281647
n320,n311,68.25,0.25,77,1,0.67083740234375,89.44045127831862,0.0,-0.3767293691635132,0.3779527544975281
n322,n312,68.5,0.5,68,1,0.6541595458984375,91.72074362622752,0.0,-1.1756640672683716,0.32283464074134827
n325,n313,68.75,0.25,71,3,0.6583404541015625,91.13825472244756,0.0,-0.18485532701015472,0.35433071851730347
n328,n315,69.0,0.25,57,3,0.6624908447265625,90.56728931063869,-0.001041412353515625,-0.31286293268203735,0.35433071851730347
n326,n316,69.0,1.0,72,1,0.6624908447265625,90.56728931063869,-0.00208282470703125,-0.399973601102829,0.3779527544975281
n327,n314,69.0,1.0,76,1,0.6624908447265625,90.56728931063869,0.003124237060546875,-0.17075590789318085,0.4094488322734833
n329,n317,69.25,0.25,69,3,0.6583404541015625,91.13825472244756,0.0,-0.1139717549085617,0.3937007784843445
n330,n318,69.5,0.25,64,3,0.64166259765625,93.50708646437744,0.0,-0.24440953135490417,0.4015747904777527
n331,n319,69.75,0.25,69,3,0.6277821660041809,95.574553163717,0.0,-0.40233659744262695,0.4094488322734833
n334,n321,70.0,0.25,60,3,0.6180521845817566,97.0791811707659,-0.00034586587571538985,-0.3423263430595398,0.3858267664909363
n332,n322,70.0,2.0,72,1,0.6180521845817566,97.0791811707659,-0.0034739177208393812,-0.14660191535949707,0.3937007784843445
n333,n320,70.0,2.0,76,1,0.6180521845817566,97.0791811707659,0.0038197834510356188,-0.2819537818431854,0.4645669162273407
n335,n323,70.25,0.25,69,3,0.6041717529296875,99.30950877636066,0.0,-0.385505348443985,0.4251968562602997
n336,n324,70.5,0.25,64,3,0.5958251953125,100.70067609096496,0.0,-0.3784918785095215,0.4330708682537079
n337,n325,70.75,0.25,69,3,0.5875091552734375,102.12606809858973,0.0,-0.3451579511165619,0.4409448802471161
n338,n326,71.0,0.25,57,3,0.587493896484375,102.12872058594358,0.0,-0.23264576494693756,0.4566929042339325
n339,n327,71.25,0.25,64,3,0.5875091552734375,102.12606809858973,0.0,-0.08429137617349625,0.4724409580230713
n340,n328,71.5,0.25,60,3,0.5833282470703125,102.85803970807503,0.0,-0.07398798316717148,0.4803149700164795
n341,n329,71.75,0.25,64,3,0.584716796875,102.61377870563675,0.0,-0.21383731067180634,0.4960629940032959
n344,n331,72.0,0.25,53,3,0.565277099609375,106.14263348269719,-0.00069427490234375,-0.3157363831996918,0.4409448802471161
n342,n332,72.0,1.0,65,1,0.565277099609375,106.14263348269719,-0.001735687255859375,-0.3190491497516632,0.4724409580230713
n343,n330,72.0,1.0,69,1,0.565277099609375,106.14263348269719,0.002429962158203125,-0.12972448766231537,0.5196850299835205
n345,n333,72.25,0.25,60,3,0.5625,106.66666666666667,0.0,-0.3488951623439789,0.4803149700164795
n346,n334,72.5,0.25,57,3,0.5500030517578125,109.090303786933,0.0,-0.3439624011516571,0.4803149700164795
n347,n335,72.75,0.25,60,3,0.543060302734375,110.48496768755268,0.0,-0.037390295416116714,0.4803149700164795
n350,n337,73.0,0.25,53,3,0.5402679443359375,111.05600587454458,-0.00069427490234375,-0.2637501358985901,0.4724409580230713
n348,n338,73.0,1.0,69,1,0.5402679443359375,111.05600587454458,-0.003818511962890625,-0.1087445467710495,0.4566929042339325
n349,n336,73.0,1.0,72,1,0.5402679443359375,111.05600587454458,0.004512786865234375,-0.2504532039165497,0.5275590419769287
n351,n339,73.25,0.25,60,3,0.537506103515625,111.62663941406916,0.0,-0.21682775020599365,0.4803149700164795
n352,n340,73.5,0.25,57,3,0.5333404541015625,112.49849798300575,0.0,-0.08115603774785995,0.4803149700164795
n353,n341,73.75,0.25,60,3,0.536102294921875,111.9189389195651,0.0,-0.10058021545410156,0.4803149700164795
n356,n344,74.0,0.25,53,3,0.543060302734375,110.48496768755268,-0.0013885498046875,-0.08356043696403503,0.4645669162273407
n354,n343,74.0,1.0,69,1,0.543060302734375,110.48496768755268,-0.000347137451171875,-0.3118293881416321,0.4645669162273407
n355,n342,74.0,1.0,72,1,0.543060302734375,110.48496768755268,0.001735687255859375,-0.3049757182598114,0.5039370059967041
n357,n345,74.25,0.25,60,3,0.5500030517578125,109.090303786933,0.0,-0.3861906826496124,0.4803149700164795
n358,n346,74.5,0.25,57,3,0.5583343505859375,107.46249077642044,0.0,-0.25873687863349915,0.4803149700164795
n359,n347,74.75,0.25,60,3,0.5666605830192566,105.88348969026674,0.0,-0.31926292181015015,0.4803149700164795
n362,n349,75.0,0.25,50,3,0.5722249150276184,104.8538755029639,-0.0010426839580759406,-0.37362441420555115,0.4488188922405243
n360,n350,75.0,0.25,67,1,0.5722249150276184,104.8538755029639,-0.0052083334885537624,-0.401105135679245,0.4645669162273407
n361,n348,75.0,0.25,71,1,0.5722249150276184,104.8538755029639,0.0062510170973837376,-0.057150714099407196,0.4881889820098877
n365,n353,75.25,0.25,57,3,0.5763804316520691,104.09791294965211,-0.011112213134765625,-0.22934073209762573,0.4645669162273407
n363,n352,75.25,0.25,69,1,0.5763804316520691,104.09791294965211,-0.002777099609375,-0.22934073209762573,0.4251968562602997
n364,n351,75.25,0.25,72,1,0.5763804316520691,104.09791294965211,0.013889312744140625,-0.18124648928642273,0.5118110179901123
n368,n355,75.5,0.25,53,3,0.5722249150276184,104.8538755029639,-0.0065968832932412624,-0.07917699962854385,0.4409448802471161
n366,n356,75.5,0.5,65,1,0.5722249150276184,104.8538755029639,-0.0065968832932412624,-0.42206472158432007,0.4094488322734833
n367,n354,75.5,0.5,69,1,0.5722249150276184,104.8538755029639,0.013193766586482525,-0.057150714099407196,0.4881889820098877
n369,n357,75.75,0.25,57,3,0.5666707158088684,105.88159635945846,0.0,-0.3595527708530426,0.4330708682537079
n372,n359,76.0,0.25,52,3,0.5763905644416809,104.09608293660884,-0.0031229655724018812,-0.20511867105960846,0.4330708682537079
n370,n360,76.0,0.25,69,1,0.5763905644416809,104.09608293660884,-0.0041681923903524876,-0.3705423176288605,0.4173228442668915
n371,n358,76.0,0.25,72,1,0.5763905644416809,104.09608293660884,0.0072911581955850124,-0.3046543300151825,0.4566929042339325
n375,n362,76.25,0.25,59,3,0.57916259765625,103.59785014226999,-0.0006955464486964047,-0.22411316633224487,0.4094488322734833
n373,n363,76.25,0.25,71,1,0.57916259765625,103.59785014226999,-0.0017369588604196906,-0.3115760087966919,0.3937007784843445
n374,n361,76.25,0.25,74,1,0.57916259765625,103.59785014226999,0.0024325053673237562,-0.042115338146686554,0.4881889820098877
n378,n365,76.5,0.25,56,3,0.5777791142463684,103.84591363822759,-0.0038197834510356188,-0.06019814684987068,0.3700787425041199
n376,n366,76.5,0.5,68,1,0.5777791142463684,103.84591363822759,-0.010068257339298725,-0.37401363253593445,0.4094488322734833
n377,n364,76.5,0.5,71,1,0.5777791142463684,103.84591363822759,0.013888041488826275,-0.21461379528045654,0.4645669162273407
n379,n367,76.75,0.25,59,3,0.5805562138557434,103.34916510756493,0.0,-0.3150433897972107,0.4094488322734833
n382,n370,77.0,0.25,40,3,0.5833333134651184,102.85714636043639,-0.0079867048189044,-0.15200315415859222,0.3858267664909363
n380,n369,77.0,0.25,65,1,0.5833333134651184,102.85714636043639,-0.0017344156512990594,-0.05246742069721222,0.3700787425041199
n381,n368,77.0,0.25,69,1,0.5833333134651184,102.85714636043639,0.00972111988812685,-0.37439554929733276,0.4409448802471161
n385,n373,77.25,0.25,62,3,0.5972188115119934,100.46569003427159,-0.0048611960373818874,-0.305241197347641,0.4015747904777527
n383,n372,77.25,0.25,68,1,0.5972188115119934,100.46569003427159,-0.0038197834510356188,-0.36880627274513245,0.35433071851730347
n384,n371,77.25,0.25,71,1,0.5972188115119934,100.46569003427159,0.00868097972124815,-0.3303321599960327,0.4566929042339325
n388,n375,77.5,0.25,59,3,0.59722900390625,100.46397547266224,-0.000347137451171875,-0.20905046164989471,0.3858267664909363
n386,n376,77.5,0.5,64,1,0.59722900390625,100.46397547266224,-0.004512786865234375,-0.20324476063251495,0.3858267664909363
n387,n374,77.5,0.5,68,1,0.59722900390625,100.46397547266224,0.00485992431640625,-0.3688308596611023,0.4251968562602997
n389,n377,77.75,0.25,62,3,0.6020851135253906,99.65368459067496,0.0,-0.17492987215518951,0.4015747904777527
n393,n380,78.0,1.0,57,3,0.6078100204467773,98.71505566146531,-0.004687309265136719,-0.3430929481983185,0.3937007784843445
n390,n379,78.0,2.0,60,1,0.6078100204467773,98.71505566146531,-0.0036458969116210938,-0.37480175495147705,0.3858267664909363
n391,n381,78.0,2.0,64,1,0.6078100204467773,98.71505566146531,-0.004687309265136719,-0.09582576155662537,0.3858267664909363
n392,n378,78.0,2.0,69,1,0.6078100204467773,98.71505566146531,0.013020515441894531,-0.10112012922763824,0.4409448802471161
n394,n382,79.0,1.0,45,3,0.58416748046875,102.71027060913175,0.0,-0.31756335496902466,0.3937007784843445
n395,n383,80.25,0.25,81,1,0.5958404541015625,100.6980972624139,0.0,-0.07242574542760849,0.4645669162273407
n396,n384,80.5,0.25,80,1,0.5999908447265625,100.00152590218967,0.0,-0.3244129717350006,0.4724409580230713
n397,n385,80.75,0.25,81,1,0.600006103515625,99.99898275774376,0.0,-0.15871235728263855,0.4881889820098877
n398,n386,81.0,0.25,83,1,0.604156494140625,99.31201697226852,0.0,-0.27299419045448303,0.5039370059967041
n399,n387,81.25,0.25,86,1,0.6013946533203125,99.76809682084591,0.0,-0.054333508014678955,0.5196850299835205
n401,n390,81.5,0.5,52,3,0.581939697265625,103.103466359012,-0.00485992431640625,-0.16583019495010376,0.4960629940032959
n402,n389,81.5,0.5,56,3,0.581939697265625,103.103466359012,-0.001735687255859375,-0.1485523134469986,0.4488188922405243
n400,n388,81.5,0.25,80,1,0.581939697265625,103.103466359012,0.006595611572265625,-0.10346429795026779,0.5511810779571533
n403,n391,81.75,0.25,83,1,0.5763956904411316,104.09515718981233,0.0,-0.1347421407699585,0.5118110179901123
n405,n393,82.0,0.5,52,3,0.5569356083869934,107.73238251684614,-0.0048611960373818874,-0.30758562684059143,0.4645669162273407
n406,n394,82.0,0.5,56,3,0.5569356083869934,107.73238251684614,-0.0048611960373818874,-0.20449213683605194,0.4645669162273407
n404,n392,82.0,0.25,76,1,0.5569356083869934,107.73238251684614,0.009722392074763775,-0.1676553189754486,0.5433070659637451
n407,n395,82.25,0.25,80,1,0.5638987421989441,106.40208163264874,0.0,-0.014309373684227467,0.5118110179901123
n409,n397,82.5,0.5,52,3,0.5444386601448059,110.20525247792217,-0.0038197834510356188,-0.37152063846588135,0.4724409580230713
n410,n398,82.5,0.5,56,3,0.5444386601448059,110.20525247792217,-0.0059026083908975124,-0.08136479556560516,0.4645669162273407
n408,n396,82.5,0.25,71,1,0.5444386601448059,110.20525247792217,0.009722392074763775,-0.27484461665153503,0.5196850299835205
n411,n399,82.75,0.25,80,1,0.5649994015693665,106.19480274375768,0.0,-0.3417448401451111,0.5275590419769287
n415,n404,83.0,1.0,52,3,0.5670860409736633,105.80405029364235,-0.0035408020485192537,-0.36401623487472534,0.5275590419769287
n416,n402,83.0,1.0,57,3,0.5670860409736633,105.80405029364235,-0.0014579773414880037,-0.2524797320365906,0.5196850299835205
n412,n403,83.0,1.0,72,1,0.5670860409736633,105.80405029364235,-0.0014579773414880037,-0.035962000489234924,0.5275590419769287
n413,n401,83.0,1.0,76,1,0.5670860409736633,105.80405029364235,-0.0004165649297647178,-0.230549156665802,0.5275590419769287
n414,n400,83.0,1.0,81,1,0.5670860409736633,105.80405029364235,0.00687332171946764,-0.0998455062508583,0.5590550899505615
n417,n405,84.0,1.0,45,3,0.48748779296875,123.08000500813823,0.0,-0.10545700043439865,0.3937007784843445
n418,n406,84.25,0.25,69,1,0.5416717529296875,110.76819065325783,0.0,-0.07986688613891602,0.4724409580230713
n419,n407,84.5,0.25,68,1,0.54583740234375,109.92284468299228,0.0,-0.3191882371902466,0.4645669162273407
n420,n408,84.75,0.25,69,1,0.554168701171875,108.2702792003965,0.0,-0.11277326196432114,0.4645669162273407
n421,n409,85.0,0.25,71,1,0.5625,106.66666666666667,0.0,-0.26946067810058594,0.4645669162273407
n422,n410,85.25,0.25,74,1,0.5736033320426941,104.60190282774388,0.0,-0.2101980745792389,0.4645669162273407
n424,n412,85.5,0.5,40,3,0.5597279667854309,107.19492960944136,-0.0024312336463481188,-0.17487061023712158,0.4094488322734833
n425,n413,85.5,0.5,44,3,0.5597279667854309,107.19492960944136,-0.0045140585862100124,-0.18704530596733093,0.3937007784843445
n423,n411,85.5,0.25,68,1,0.5597279667854309,107.19492960944136,0.0069452919997274876,-0.23679839074611664,0.4881889820098877
n426,n414,85.75,0.25,71,1,0.56805419921875,105.62372407865048,0.0,-0.046596936881542206,0.4251968562602997
n428,n416,86.0,0.5,40,3,0.55694580078125,107.73041095890412,-0.001735687255859375,-0.023580491542816162,0.36220473051071167
n429,n417,86.0,0.5,44,3,0.55694580078125,107.73041095890412,-0.001735687255859375,-0.327789843082428,0.3779527544975281
n427,n415,86.0,0.25,64,1,0.55694580078125,107.73041095890412,0.00347137451171875,-0.3759988844394684,0.4488188922405243
n430,n418,86.25,0.25,68,1,0.576385498046875,104.09699793508763,0.0,-0.26650652289390564,0.4015747904777527
n432,n420,86.5,0.5,40,3,0.5694427490234375,105.36616736782872,-0.001735687255859375,-0.3665928542613983,0.36220473051071167
n433,n421,86.5,0.5,44,3,0.5694427490234375,105.36616736782872,-0.00485992431640625,-0.134511336684227,0.36220473051071167
n431,n419,86.5,0.25,59,1,0.5694427490234375,105.36616736782872,0.006595611572265625,-0.22414854168891907,0.4015747904777527
n434,n422,86.75,0.25,62,1,0.585003674030304,102.56345842520626,0.0,-0.36522379517555237,0.3858267664909363
n438,n424,87.0,1.0,40,3,0.6071661114692688,98.81974449266814,-0.0006225585821084678,-0.4056940972805023,0.4015747904777527
n439,n425,87.0,1.0,45,3,0.6071661114692688,98.81974449266814,-0.0016677856910973787,-0.3605053722858429,0.4015747904777527
n435,n426,87.0,1.0,60,1,0.6071661114692688,98.81974449266814,-0.0027091980446130037,-0.08639155328273773,0.4015747904777527
n436,n427,87.0,1.0,64,1,0.6071661114692688,98.81974449266814,-0.005833434872329235,-0.17303334176540375,0.3858267664909363
n437,n423,87.0,1.0,69,1,0.6071661114692688,98.81974449266814,0.01083297748118639,-0.3510034680366516,0.4251968562602997
n440,n428,88.25,0.25,81,1,0.6291656494140625,95.36439259816167,0.0,-0.02894902229309082,0.4251968562602997
n441,n429,88.5,0.25,80,1,0.625,96.0,0.0,-0.08926739543676376,0.4330708682537079
n442,n430,88.75,0.25,81,1,0.625,96.0,0.0,-0.08926739543676376,0.4409448802471161
n443,n431,89.0,0.25,83,1,0.6291656494140625,95.36439259816167,0.0,-0.07853100448846817,0.4488188922405243
n444,n432,89.25,0.25,86,1,0.6236114501953125,96.2137561476914,0.0,-0.28309544920921326,0.4566929042339325
n446,n435,89.5,0.5,52,3,0.605560302734375,99.0817920677317,-0.00555419921875,-0.06949092447757721,0.4173228442668915
n447,n434,89.5,0.5,56,3,0.605560302734375,99.0817920677317,-0.000347137451171875,-0.2763425409793854,0.4251968562602997
n445,n433,89.5,0.25,80,1,0.605560302734375,99.0817920677317,0.005901336669921875,-0.1498100906610489,0.4803149700164795
n448,n436,89.75,0.25,83,1,0.5958251953125,100.70067609096496,0.0,-0.4049641788005829,0.4566929042339325
n450,n438,90.0,0.5,52,3,0.570831298828125,105.10986367281475,-0.001041412353515625,-0.07565907388925552,0.4094488322734833
n451,n439,90.0,0.5,56,3,0.570831298828125,105.10986367281475,-0.00208282470703125,-0.16138894855976105,0.4173228442668915
n449,n437,90.0,0.25,76,1,0.570831298828125,105.10986367281475,0.003124237060546875,-0.25253692269325256,0.4803149700164795
n452,n440,90.25,0.25,80,1,0.5791778564453125,103.59512079458334,0.0,-0.04215334728360176,0.4566929042339325
n454,n442,90.5,0.5,52,3,0.5583343505859375,107.46249077642044,0.0,-0.19572706520557404,0.3937007784843445
n455,n443,90.5,0.5,56,3,0.5583343505859375,107.46249077642044,-0.012500762939453125,-0.021697668358683586,0.4251968562602997
n453,n441,90.5,0.25,71,1,0.5583343505859375,107.46249077642044,0.012500762939453125,-0.40788039565086365,0.4960629940032959
n456,n444,90.75,0.25,74,1,0.5583343505859375,107.46249077642044,0.0,-0.3246248662471771,0.4566929042339325
n457,n445,91.0,0.25,84,1,0.5749969482421875,104.34837990605844,0.0,-0.2756268084049225,0.4960629940032959
n458,n446,91.25,0.25,88,1,0.576385498046875,104.09699793508763,0.0,-0.07857349514961243,0.5118110179901123
n460,n449,91.5,0.5,57,3,0.5527801513671875,108.54224749496233,-0.002777099609375,-0.012749367393553257,0.4488188922405243
n461,n448,91.5,0.5,60,3,0.5527801513671875,108.54224749496233,-0.00069427490234375,-0.23788712918758392,0.4881889820098877
n459,n447,91.5,0.25,81,1,0.5527801513671875,108.54224749496233,0.00347137451171875,-0.1209309995174408,0.5354330539703369
n462,n450,91.75,0.25,84,1,0.5541636347770691,108.27126905239282,0.0,-0.01088033989071846,0.5039370059967041
n464,n452,92.0,0.5,57,3,0.5333302617073059,112.50064792484675,-0.0020840961951762438,-0.08112851530313492,0.4645669162273407
n465,n453,92.0,0.5,60,3,0.5333302617073059,112.50064792484675,-0.0041669211350381374,-0.2585247755050659,0.4645669162273407
n463,n451,92.0,0.25,76,1,0.5333302617073059,112.50064792484675,0.0062510170973837376,-0.15450172126293182,0.5039370059967041
n466,n454,92.25,0.25,81,1,0.54583740234375,109.92284468299228,0.0,-0.044749144464731216,0.5039370059967041
n468,n456,92.5,0.5,57,3,0.5333328247070312,112.50010728846291,-0.00208282470703125,-0.17345014214515686,0.4566929042339325
n469,n457,92.5,0.5,60,3,0.5333328247070312,112.50010728846291,-0.003124237060546875,-0.2857531011104584,0.4566929042339325
n467,n455,92.5,0.5,72,1,0.5333328247070312,112.50010728846291,0.005207061767578125,-0.3489469885826111,0.5354330539703369
n470,n458,93.0,0.25,86,1,0.570831298828125,105.10986367281475,0.0,-0.10934232920408249,0.5433070659637451
n471,n459,93.25,0.25,89,1,0.5763956904411316,104.09515718981233,0.0,-0.05673954263329506,0.5511810779571533
n473,n462,93.5,0.5,59,3,0.5611012578010559,106.93257084316429,-0.007985432632267475,-0.1603342890739441,0.5196850299835205
n474,n461,93.5,0.5,62,3,0.5611012578010559,106.93257084316429,-0.0017369588604196906,-0.3453032672405243,0.4881889820098877
n472,n460,93.5,0.25,83,1,0.5611012578010559,106.93257084316429,0.009722392074763775,-0.2530447542667389,0.5748031735420227
n475,n463,93.75,0.25,86,1,0.5680643916130066,105.62182894377747,0.0,-0.17215369641780853,0.5354330539703369
n477,n466,94.0,0.5,59,3,0.5652821660041809,106.14168216931901,-0.0069440207444131374,-0.3157493770122528,0.4803149700164795
n478,n465,94.0,0.5,62,3,0.5652821660041809,106.14168216931901,-0.0059026083908975124,-0.41150835156440735,0.4803149700164795
n476,n464,94.0,0.25,79,1,0.5652821660041809,106.14168216931901,0.01284662913531065,-0.09524912387132645,0.5590550899505615
n479,n467,94.25,0.25,83,1,0.5791575312614441,103.59875640279763,0.0,-0.10769094526767731,0.5196850299835205
n481,n470,94.5,0.5,59,3,0.5750020146369934,104.34746048303643,-0.0072911581955850124,-0.3738199472427368,0.4803149700164795
n482,n469,94.5,0.5,62,3,0.5750020146369934,104.34746048303643,-0.0062497458420693874,-0.40117043256759644,0.4409448802471161
n480,n468,94.5,0.25,74,1,0.5750020146369934,104.34746048303643,0.0135409040376544,-0.3806091248989105,0.5511810779571533
n483,n471,94.75,0.25,79,1,0.5958404541015625,100.6980972624139,0.0,-0.2529979944229126,0.5039370059967041
n485,n472,95.0,1.0,60,3,0.625,96.0,0.0,-0.036525875329971313,0.5118110179901123
n486,n473,95.0,1.0,64,3,0.625,96.0,0.0,-0.10728510469198227,0.5118110179901123
n484,n474,95.0,0.25,88,1,0.625,96.0,0.0,-0.32192808389663696,0.5669291615486145
n487,n475,95.25,0.25,91,1,0.6291656494140625,95.36439259816167,0.0,-0.09885111451148987,0.5275590419769287
n488,n476,95.5,0.25,84,1,0.6166534423828125,97.29938386162868,0.0,-0.36393240094184875,0.4881889820098877
n489,n477,95.75,0.25,88,1,0.6208343505859375,96.64413694791948,0.0,-0.38628089427948,0.4881889820098877
n490,n478,96.0,0.25,81,1,0.60833740234375,98.62947727500753,0.0,-0.3824792802333832,0.4566929042339325
n491,n479,96.25,0.25,84,1,0.6208343505859375,96.64413694791948,0.0,-0.196803018450737,0.4566929042339325
n492,n480,96.5,0.25,76,1,0.60833740234375,98.62947727500753,0.0,-0.07089317589998245,0.4251968562602997
n493,n481,96.75,0.25,81,1,0.6291656494140625,95.36439259816167,0.0,-0.2497178018093109,0.4409448802471161
n495,n483,97.0,0.25,53,3,0.5999984741210938,100.0002543137978,-0.0114593505859375,-0.23918402194976807,0.35433071851730347
n494,n482,97.0,0.25,65,1,0.5999984741210938,100.0002543137978,0.0114593505859375,-0.07188926637172699,0.4251968562602997
n497,n485,97.25,0.25,52,3,0.5958328247070312,100.699386660179,-0.0062503814697265625,-0.08305450528860092,0.35433071851730347
n496,n484,97.25,0.25,64,1,0.5958328247070312,100.699386660179,0.0062503814697265625,-0.10458765178918839,0.4094488322734833
n499,n487,97.5,0.25,50,3,0.5895843505859375,101.7666088666891,-0.0114593505859375,-0.36330097913742065,0.34645670652389526
n498,n486,97.5,0.25,62,1,0.5895843505859375,101.7666088666891,0.0114593505859375,-0.33730581402778625,0.3937007784843445
n501,n489,97.75,0.25,48,3,0.5770797729492188,103.97176059969064,-0.0078125,-0.28084325790405273,0.32283464074134827
n500,n488,97.75,0.25,60,1,0.5770797729492188,103.97176059969064,0.0078125,-0.19487003982067108,0.4015747904777527
n503,n491,98.0,0.25,47,3,0.5708389282226562,105.10845885513426,-0.010416030883789062,-0.03195702284574509,0.32283464074134827
n502,n490,98.0,0.25,59,1,0.5708389282226562,105.10845885513426,0.010416030883789062,-0.21540315449237823,0.3937007784843445
n505,n493,98.25,0.25,44,3,0.5624923706054688,106.66811344554912,-0.012500762939453125,-0.1225997656583786,0.29921260476112366
n504,n492,98.25,0.25,56,1,0.5624923706054688,106.66811344554912,0.012500762939453125,-0.34887558221817017,0.4015747904777527
n507,n495,98.5,0.25,44,3,0.5645904541015625,106.27172238588146,-0.0052089691162109375,-0.38172751665115356,0.33070865273475647
n506,n494,98.5,0.25,56,1,0.5645904541015625,106.27172238588146,0.0052089691162109375,-0.31398287415504456,0.3779527544975281
n509,n497,98.75,0.25,52,3,0.5770797729492188,103.97176059969064,-0.0026035308837890625,-0.3323735296726227,0.35433071851730347
n508,n496,98.75,0.25,64,1,0.5770797729492188,103.97176059969064,0.0026035308837890625,-0.4132935404777527,0.4015747904777527
n511,n499,99.0,0.5,52,3,0.5749969482421875,104.34837990605844,-0.001041412353515625,-0.30116188526153564,0.35433071851730347
n510,n498,99.0,0.25,64,1,0.5749969482421875,104.34837990605844,0.001041412353515625,-0.0861489325761795,0.4094488322734833
n512,n500,99.25,0.25,62,1,0.5611114501953125,106.93062845022163,0.0,-0.039826810359954834,0.3779527544975281
n514,n502,99.5,0.5,40,3,0.5472259521484375,109.64392270585283,-0.000347137451171875,-0.16673439741134644,0.36220473051071167
n515,n503,99.5,0.5,44,3,0.5472259521484375,109.64392270585283,-0.00347137451171875,-0.37888771295547485,0.36220473051071167
n513,n501,99.5,0.25,60,1,0.5472259521484375,109.64392270585283,0.003818511962890625,-0.15445607900619507,0.3937007784843445
n516,n504,99.75,0.25,59,1,0.5374984741210938,111.62822387191098,0.0,-0.19104419648647308,0.3700787425041199
n518,n506,100.0,0.5,48,3,0.5250015258789062,114.28538212256404,-0.009374618530273438,-0.26992496848106384,0.34645670652389526
n517,n505,100.0,0.25,57,1,0.5250015258789062,114.28538212256404,0.009374618530273438,-0.37737128138542175,0.3937007784843445
n519,n507,100.25,0.25,55,1,0.5180562138557434,115.8175471990525,0.0,-0.388215571641922,0.3700787425041199
n521,n510,100.5,0.5,40,3,0.5111033320426941,117.39309106086597,-0.0079867048189044,-0.17039307951927185,0.34645670652389526
n522,n509,100.5,0.5,45,3,0.5111033320426941,117.39309106086597,-0.0017344156512990594,-0.1056874468922615,0.35433071851730347
n520,n508,100.5,0.25,53,1,0.5111033320426941,117.39309106086597,0.00972111988812685,-0.4150155186653137,0.4094488322734833
n523,n511,100.75,0.25,50,1,0.5055643916130066,118.67924441547316,0.0,-0.20861178636550903,0.3700787425041199
n525,n514,101.0,1.0,45,3,0.5069478154182434,118.35537736857322,-0.007985432632267475,-0.04721657186746597,0.35433071851730347
n526,n513,101.0,1.0,48,3,0.5069478154182434,118.35537736857322,-0.0006955464486964047,-0.25791481137275696,0.35433071851730347
n524,n512,101.0,0.25,52,1,0.5069478154182434,118.35537736857322,0.00868097972124815,-0.18533284962177277,0.4409448802471161
n527,n515,101.25,0.25,57,1,0.508331298828125,118.03325929038843,0.0,-0.3457690477371216,0.4015747904777527
n528,n516,101.5,0.25,60,1,0.508331298828125,118.03325929038843,0.0,-0.24423101544380188,0.4094488322734833
n529,n517,101.75,0.25,64,1,0.5125020146369934,117.072710518998,0.0,-0.3575577139854431,0.4251968562602997
n531,n520,102.0,0.5,44,3,0.4874979555606842,123.07743922944748,-0.0072924294508993626,-0.2337341010570526,0.3700787425041199
n532,n519,102.0,0.5,47,3,0.4874979555606842,123.07743922944748,-0.0062510170973837376,-0.1492595225572586,0.3700787425041199
n530,n518,102.0,0.25,52,1,0.4874979555606842,123.07743922944748,0.0135434465482831,-0.3946252465248108,0.4488188922405243
n533,n521,102.25,0.25,64,1,0.5097198486328125,117.71171980242478,0.0,-0.3497045040130615,0.4409448802471161
n535,n523,102.5,0.5,44,3,0.502777099609375,119.3371775417299,-0.00069427490234375,-0.02006366476416588,0.3937007784843445
n536,n524,102.5,0.5,47,3,0.502777099609375,119.3371775417299,-0.002777099609375,-0.2566699981689453,0.3937007784843445
n534,n522,102.5,0.25,56,1,0.502777099609375,119.3371775417299,0.00347137451171875,-0.32991892099380493,0.4803149700164795
n537,n525,102.75,0.25,64,1,0.5236155390739441,114.58789039399937,0.0,-0.09082728624343872,0.4566929042339325
n539,n528,103.0,1.0,45,3,0.5055592656135559,118.68044773580188,-0.0024312336463481188,-0.2120364010334015,0.4015747904777527
n540,n527,103.0,1.0,48,3,0.5055592656135559,118.68044773580188,-0.0013898214092478156,-0.13494019210338593,0.4015747904777527
n538,n526,103.0,0.25,52,1,0.5055592656135559,118.68044773580188,0.0038210551720112562,-0.11548785865306854,0.4645669162273407
n541,n529,103.25,0.25,57,1,0.5124969482421875,117.07386786554322,0.0,-0.2842944860458374,0.4409448802471161
n542,n530,103.5,0.25,60,1,0.51666259765625,116.12994683992912,0.0,-0.22626450657844543,0.4488188922405243
n543,n531,103.75,0.25,64,1,0.5277811884880066,113.68347585841146,0.0,-0.38498952984809875,0.4566929042339325
n545,n534,104.0,0.5,44,3,0.5097249150276184,117.71054981047772,-0.0076382956467568874,-0.17313024401664734,0.4015747904777527
n546,n533,104.0,0.5,47,3,0.5097249150276184,117.71054981047772,-0.00034840902662836015,-0.23424169421195984,0.3858267664909363
n544,n532,104.0,0.25,52,1,0.5097249150276184,117.71054981047772,0.0079867048189044,-0.07670047879219055,0.4645669162273407
n547,n535,104.25,0.25,64,1,0.5416615605354309,110.77027496780494,0.0,-0.10349103808403015,0.4645669162273407
n549,n538,104.5,0.5,44,3,0.5375010371208191,111.62769158808757,-0.008333842270076275,-0.39652013778686523,0.4094488322734833
n550,n537,104.5,0.5,47,3,0.5375010371208191,111.62769158808757,-0.0010401407489553094,-0.3746053874492645,0.4094488322734833
n548,n536,104.5,0.25,56,1,0.5375010371208191,111.62769158808757,0.009373982436954975,-0.38187339901924133,0.4881889820098877
n551,n539,104.75,0.25,64,1,0.565277099609375,106.14263348269719,0.0,-0.14140628278255463,0.4645669162273407
n553,n542,105.0,1.0,40,3,0.5472259521484375,109.64392270585283,-0.011806488037109375,-0.33319562673568726,0.36220473051071167
n554,n541,105.0,1.0,48,3,0.5472259521484375,109.64392270585283,-0.0013885498046875,-0.13623233139514923,0.4094488322734833
n552,n540,105.0,0.25,52,1,0.5472259521484375,109.64392270585283,0.013195037841796875,-0.21692019701004028,0.4803149700164795
n555,n543,105.25,0.25,57,1,0.5583343505859375,107.46249077642044,0.0,-0.12357734888792038,0.4251968562602997
n556,n544,105.5,0.25,60,1,0.5625,106.66666666666667,0.0,-0.26946067810058594,0.4251968562602997
n557,n545,105.75,0.25,64,1,0.5680491328239441,105.6246661300614,0.0,-0.03569571301341057,0.4251968562602997
n559,n547,106.0,0.5,47,3,0.5444386601448059,110.20525247792217,-0.0027783710975199938,-0.39310747385025024,0.3700787425041199
n560,n548,106.0,0.5,50,3,0.5444386601448059,110.20525247792217,-0.0090268449857831,-0.18424205482006073,0.34645670652389526
n558,n546,106.0,0.25,52,1,0.5444386601448059,110.20525247792217,0.011805216781795025,-0.3858759105205536,0.4173228442668915
n561,n549,106.25,0.25,64,1,0.5750071406364441,104.3465302597621,0.0,-0.3670753538608551,0.4015747904777527
n563,n551,106.5,0.5,47,3,0.5666707158088684,105.88159635945846,-0.0020840961951762438,-0.415047824382782,0.34645670652389526
n564,n552,106.5,0.5,50,3,0.5666707158088684,105.88159635945846,-0.0020840961951762438,-0.22949224710464478,0.35433071851730347
n562,n550,106.5,0.25,56,1,0.5666707158088684,105.88159635945846,0.0041681923903524876,-0.13327693939208984,0.4251968562602997
n565,n553,106.75,0.25,64,1,0.5895767211914062,101.76792577351605,0.0,-0.23775146901607513,0.3937007784843445
n567,n556,107.0,2.0,45,3,0.5831597447395325,102.8877602427769,-0.0026035308837890625,-0.28179630637168884,0.35433071851730347
n568,n555,107.0,2.0,48,3,0.5831597447395325,102.8877602427769,-0.0005207061767578125,-0.2234666496515274,0.35433071851730347
n569,n557,107.0,2.0,52,3,0.5831597447395325,102.8877602427769,-0.0046863555908203125,-0.03345664218068123,0.35433071851730347
n566,n554,107.0,2.0,57,1,0.5831597447395325,102.8877602427769,0.0078105926513671875,-0.299130916595459,0.4015747904777527
n572,n558,110.0,0.5,45,3,0.6510391235351562,92.16036000140626,0.00208282470703125,-0.35106873512268066,0.36220473051071167
n571,n559,110.0,0.5,76,2,0.6510391235351562,92.16036000140626,-0.00208282470703125,-0.10283143073320389,0.31496062874794006
n574,n561,110.5,0.5,52,3,0.6559066772460938,91.47642809784695,-0.013019561767578125,-0.060048334300518036,0.33070865273475647
n573,n560,110.5,0.5,74,2,0.6559066772460938,91.47642809784695,0.013019561767578125,-0.21630394458770752,0.3937007784843445
n577,n563,111.0,0.5,60,3,0.659027099609375,91.04329705950451,-0.0059051513671875,-0.21783746778964996,0.35433071851730347
n576,n564,111.0,0.5,72,2,0.659027099609375,91.04329705950451,-0.00902557373046875,-0.3984096944332123,0.3385826647281647
n575,n562,111.0,0.5,81,1,0.659027099609375,91.04329705950451,0.01493072509765625,-0.271877259016037,0.4094488322734833
n580,n567,111.5,0.5,57,3,0.6499989628791809,92.30783959135724,-0.00555419921875,-0.36058738827705383,0.34645670652389526
n579,n566,111.5,0.5,71,2,0.6499989628791809,92.30783959135724,-0.0045166015625,-0.2853998839855194,0.3385826647281647
n578,n565,111.5,0.5,79,1,0.6499989628791809,92.30783959135724,0.01007080078125,-0.042225923389196396,0.3937007784843445
n583,n569,112.0,0.5,64,3,0.6611124873161316,90.75611359812225,-0.0024312336463481188,-0.396968811750412,0.34645670652389526
n582,n570,112.0,0.5,72,2,0.6611124873161316,90.75611359812225,-0.0024312336463481188,-0.40899139642715454,0.3385826647281647
n581,n568,112.0,1.0,81,1,0.6611124873161316,90.75611359812225,0.0048624672926962376,-0.2572900950908661,0.4173228442668915
n585,n572,112.5,0.5,52,3,0.6760406494140625,88.75205958695406,-0.01354217529296875,-0.3141665458679199,0.36220473051071167
n584,n571,112.5,0.5,69,2,0.6760406494140625,88.75205958695406,0.01354217529296875,-0.223131462931633,0.4015747904777527
n587,n574,113.0,0.5,45,3,0.6822967529296875,87.93827574639383,-0.01406097412109375,-0.4128473699092865,0.36220473051071167
n586,n573,113.0,0.5,79,1,0.6822967529296875,87.93827574639383,0.01406097412109375,-0.22093550860881805,0.4094488322734833
n589,n576,113.5,0.5,53,3,0.680206298828125,88.20853335726143,-0.00624847412109375,-0.17102572321891785,0.34645670652389526
n588,n575,113.5,0.5,81,1,0.680206298828125,88.20853335726143,0.00624847412109375,-0.029006728902459145,0.4409448802471161
n591,n578,114.0,0.5,60,3,0.65521240234375,91.57335817419656,-0.0036468505859375,-0.28011688590049744,0.34645670652389526
n590,n577,114.0,2.0,76,1,0.65521240234375,91.57335817419656,0.0036468505859375,-0.3885325789451599,0.4094488322734833
n592,n579,114.5,0.5,57,3,0.649993896484375,92.3085590872811,0.0,-0.12551726400852203,0.3858267664909363
n593,n580,115.0,0.5,65,3,0.6520843505859375,92.01263601263601,0.0,-0.19198903441429138,0.3937007784843445
n594,n581,115.5,0.5,53,3,0.6624984741210938,90.56624632924512,0.0,-0.3645123541355133,0.4094488322734833
n596,n583,116.0,0.5,45,3,0.6666641235351562,90.00034332406358,-0.004169464111328125,-0.25046029686927795,0.3779527544975281
n595,n582,116.0,1.0,74,1,0.6666641235351562,90.00034332406358,0.004169464111328125,-0.10517668724060059,0.4566929042339325
n597,n584,116.5,0.5,56,3,0.6562576293945312,91.42750851575852,0.0,-0.032438285648822784,0.4251968562602997
n599,n586,117.0,0.5,62,3,0.617706298828125,97.1335408329628,-0.012500762939453125,-0.25188156962394714,0.3700787425041199
n598,n585,117.0,0.5,64,1,0.617706298828125,97.1335408329628,0.012500762939453125,-0.3110167384147644,0.4251968562602997
n601,n588,117.5,0.5,59,3,0.61041259765625,98.2941705829417,-0.006771087646484375,-0.3938473165035248,0.35433071851730347
n600,n587,117.5,0.5,65,1,0.61041259765625,98.2941705829417,0.006771087646484375,-0.024822179228067398,0.4488188922405243
n603,n590,118.0,0.5,65,3,0.6406326293945312,93.65742119115387,-0.000522613525390625,-0.084550641477108,0.4173228442668915
n602,n589,118.0,0.75,79,1,0.6406326293945312,93.65742119115387,0.000522613525390625,-0.2833682596683502,0.4960629940032959
n604,n591,118.5,0.5,53,3,0.649993896484375,92.3085590872811,0.0,-0.0808175727725029,0.4724409580230713
n605,n592,118.75,0.25,77,1,0.647918701171875,92.6042108237954,0.0,-0.1008661612868309,0.4803149700164795
n607,n594,119.0,0.5,45,3,0.6468658447265625,92.75493595640789,-0.0078125,-0.3896857798099518,0.4173228442668915
n606,n593,119.0,3.0,76,1,0.6468658447265625,92.75493595640789,0.0078125,-0.3457221984863281,0.5433070659637451
n608,n595,119.5,0.5,52,3,0.633331298828125,94.73714643665976,0.0,-0.40871912240982056,0.4803149700164795
n609,n596,120.0,0.5,60,3,0.616668701171875,97.2969762953432,0.0,-0.12199529260396957,0.4803149700164795
n610,n597,120.5,0.5,57,3,0.6041717529296875,99.30950877636066,0.0,-0.214137002825737,0.4803149700164795
n611,n598,121.0,0.5,64,3,0.600006103515625,99.99898275774376,0.0,-0.27512189745903015,0.4960629940032959
n612,n599,121.5,0.5,52,3,0.6072921752929688,98.79923114611992,0.0,-0.15393023192882538,0.5039370059967041
n614,n601,122.0,0.5,41,3,0.6156234741210938,97.4621705022865,-0.006771087646484375,-0.288147509098053,0.4960629940032959
n613,n600,122.0,1.0,81,1,0.6156234741210938,97.4621705022865,0.006771087646484375,-0.3335666358470917,0.5748031735420227
n615,n602,122.5,0.5,53,3,0.6041615605354309,99.31118415879641,0.0,-0.19121232628822327,0.5354330539703369
n618,n605,123.0,0.5,60,3,0.5902760624885559,101.64735420075291,-0.011456807143986225,-0.3389974534511566,0.4881889820098877
n616,n604,123.0,0.5,81,1,0.5902760624885559,101.64735420075291,-0.0031255085486918688,-0.3715652823448181,0.5275590419769287
n617,n603,123.0,0.5,84,1,0.5902760624885559,101.64735420075291,0.014582316391170025,-0.319803923368454,0.5826771855354309
n621,n607,123.5,0.5,57,3,0.57708740234375,103.97038603913273,-0.0006968180532567203,-0.3588648736476898,0.5196850299835205
n619,n608,123.5,0.5,79,1,0.57708740234375,103.97038603913273,-0.011110941879451275,-0.07483339309692383,0.4881889820098877
n620,n606,123.5,0.5,83,1,0.57708740234375,103.97038603913273,0.011807759292423725,-0.15375037491321564,0.5669291615486145
n624,n610,124.0,0.5,65,3,0.5701344609260559,105.23833255499662,-0.0017344156512990594,-0.05187060683965683,0.5118110179901123
n622,n611,124.0,0.75,77,1,0.5701344609260559,105.23833255499662,-0.0027796428184956312,-0.019449159502983093,0.4803149700164795
n623,n609,124.0,0.75,81,1,0.5701344609260559,105.23833255499662,0.0045140585862100124,-0.1734326332807541,0.5826771855354309
n625,n612,124.5,0.5,53,3,0.572906494140625,104.7291322644223,0.0,-0.053413692861795425,0.5275590419769287
n626,n614,124.75,0.25,72,1,0.5645955204963684,106.27076875716362,-0.0078125,-0.1873624622821808,0.4881889820098877
n627,n613,124.75,0.25,76,1,0.5645955204963684,106.27076875716362,0.0078125,-0.24929024279117584,0.5433070659637451
n630,n617,125.0,0.5,38,3,0.5708363652229309,105.10893078188522,-0.0052057900466024876,-0.30362391471862793,0.5196850299835205
n628,n616,125.0,1.0,76,1,0.5708363652229309,105.10893078188522,-0.0041681923903524876,-0.19415798783302307,0.5118110179901123
n629,n615,125.0,1.0,79,1,0.5708363652229309,105.10893078188522,0.009373982436954975,-0.26198941469192505,0.5433070659637451
n631,n618,125.5,0.5,45,3,0.5604146122932434,107.06358949934787,0.0,-0.15259389579296112,0.5118110179901123
n634,n621,126.0,0.5,57,3,0.5437571406364441,110.3433785343446,-0.009373982436954975,-0.12705807387828827,0.4724409580230713
n632,n620,126.0,2.0,74,1,0.5437571406364441,110.3433785343446,-0.0052083334885537624,-0.24002230167388916,0.4881889820098877
n633,n619,126.0,2.0,77,1,0.5437571406364441,110.3433785343446,0.014582316391170025,-0.1016288474202156,0.5196850299835205
n635,n622,126.5,0.5,53,3,0.539581298828125,111.19733046773372,0.0,-0.19662389159202576,0.4803149700164795
n636,n623,127.0,0.5,62,3,0.541656494140625,110.77131105977801,0.0,-0.13969764113426208,0.4803149700164795
n637,n624,127.5,0.5,50,3,0.5583343505859375,107.46249077642044,0.0,-0.05486449971795082,0.4881889820098877
n639,n626,128.0,0.5,40,3,0.5635452270507812,106.46882826778582,-0.01354217529296875,-0.057126034051179886,0.4330708682537079
n638,n625,128.0,0.5,74,1,0.5635452270507812,106.46882826778582,0.01354217529296875,-0.2850780189037323,0.5196850299835205
n641,n628,128.5,0.5,52,3,0.5604171752929688,107.06309985705533,-0.008853912353515625,-0.2835610806941986,0.4251968562602997
n640,n627,128.5,0.5,73,1,0.5604171752929688,107.06309985705533,0.008853912353515625,-0.14665110409259796,0.4960629940032959
n643,n630,129.0,0.5,59,3,0.5583343505859375,107.46249077642044,-0.00260162353515625,-0.33138221502304077,0.4251968562602997
n642,n629,129.0,0.5,74,1,0.5583343505859375,107.46249077642044,0.00260162353515625,-0.34499263763427734,0.4803149700164795
n645,n632,129.5,0.5,56,3,0.56353759765625,106.47026968482616,-0.0109405517578125,-0.07947429269552231,0.4251968562602997
n644,n631,129.5,0.5,77,1,0.56353759765625,106.47026968482616,0.0109405517578125,-0.37211522459983826,0.4803149700164795
n647,n634,130.0,0.5,68,3,0.5718765258789062,104.91775284496444,-0.00624847412109375,-0.023850591853260994,0.4094488322734833
n646,n633,130.0,0.5,76,1,0.5718765258789062,104.91775284496444,0.00624847412109375,-0.2551761567592621,0.4803149700164795
n649,n636,130.5,0.5,59,3,0.5661506652832031,105.9788562996503,-0.006771087646484375,-0.2281675785779953,0.3779527544975281
n648,n635,130.5,0.5,64,1,0.5661506652832031,105.9788562996503,0.006771087646484375,-0.3379557132720947,0.4488188922405243
n652,n640,131.0,0.5,45,3,0.5994758605957031,100.08743294580303,-0.0059909820556640625,-0.11881566792726517,0.4330708682537079
n653,n639,131.0,0.0,64,1,0.5994758605957031,100.08743294580303,-0.0049457550048828125,0.0,0.4409448802471161
n650,n638,131.0,1.0,71,1,0.5994758605957031,100.08743294580303,-0.0007801055908203125,-0.054921954870224,0.4330708682537079
n651,n637,131.0,1.0,74,1,0.5994758605957031,100.08743294580303,0.011716842651367188,-0.04713057354092598,0.4645669162273407
n654,n641,131.5,0.5,52,3,0.600006103515625,99.99898275774376,0.0,-0.3370496928691864,0.4330708682537079
n657,n642,132.0,0.5,60,3,0.587493896484375,102.12872058594358,0.0,-0.3980694115161896,0.3858267664909363
n655,n643,132.0,2.0,69,1,0.587493896484375,102.12872058594358,0.0,-0.24927209317684174,0.4094488322734833
n656,n644,132.0,2.0,72,1,0.587493896484375,102.12872058594358,0.0,-0.19409260153770447,0.4488188922405243
n658,n645,132.5,0.5,57,3,0.587493896484375,102.12872058594358,0.0,-0.14518292248249054,0.4094488322734833
n659,n646,133.0,0.5,64,3,0.59375,101.05263157894737,0.0,-0.11589916050434113,0.4015747904777527
n660,n647,133.5,0.5,52,3,0.6072998046875,98.79798994974874,0.0,-0.25663408637046814,0.4094488322734833
n662,n649,134.0,0.5,45,3,0.6209219098091125,96.63050868738961,-0.000518798828125,-0.27100709080696106,0.3858267664909363
n661,n648,134.0,0.3330078125,76,1,0.6209219098091125,96.63050868738961,0.000518798828125,-0.05557343736290932,0.4488188922405243
n663,n650,134.3330078125,0.333984375,75,1,0.6175529956817627,97.15765354479664,0.0,-0.2806497812271118,0.4173228442668915
n664,n651,134.5,0.5,52,3,0.6175073385238647,97.16483717169814,0.0,-0.32877564430236816,0.4094488322734833
n665,n652,134.6669921875,0.3330078125,76,1,0.6099706888198853,98.36538230399634,0.0,-0.1894778460264206,0.4094488322734833
n667,n654,135.0,0.5,60,3,0.6193640232086182,96.87356344847046,-0.0114593505859375,-0.4019688367843628,0.3700787425041199
n666,n653,135.0,0.3330078125,83,1,0.6193640232086182,96.87356344847046,0.0114593505859375,-0.31649497151374817,0.4803149700164795
n668,n655,135.3330078125,0.333984375,81,1,0.6050804257392883,99.16037182444283,0.0,-0.2249024659395218,0.4173228442668915
n669,n656,135.5,0.5,57,3,0.6050347089767456,99.16786443785011,0.0,-0.11051815003156662,0.4173228442668915
n670,n657,135.6669921875,0.3330078125,76,1,0.5959035754203796,100.68743077715729,0.0,-0.3838447630405426,0.4015747904777527
n672,n659,136.0,0.5,64,3,0.5896490216255188,101.75544739240745,-0.00260162353515625,-0.04678688198328018,0.34645670652389526
n671,n658,136.0,0.3330078125,72,1,0.5896490216255188,101.75544739240745,0.00260162353515625,-0.18340745568275452,0.4488188922405243
n673,n660,136.3330078125,0.333984375,69,1,0.5925621390342712,101.25520354335337,0.0,-0.2034592479467392,0.3937007784843445
n674,n661,136.5,0.5,52,3,0.5926077961921692,101.2474023891231,0.0,-0.08595097064971924,0.4015747904777527
n675,n662,136.6669921875,0.3330078125,64,1,0.5896260738372803,101.75940763528423,0.0,-0.23646268248558044,0.3858267664909363
n677,n664,137.0,0.5,45,3,0.6240606904029846,96.14449511513895,-0.00572967529296875,-0.08709749579429626,0.3858267664909363
n676,n663,137.0,0.5,79,1,0.6240606904029846,96.14449511513895,0.00572967529296875,-0.22102424502372742,0.4960629940032959
n678,n665,137.3330078125,0.333984375,67,2,0.6175301671028137,97.16124522546684,0.0,-0.18638105690479279,0.4409448802471161
n680,n667,137.5,0.5,53,3,0.6237893104553223,96.18632284064667,-0.007289886474609375,-0.07627423107624054,0.4173228442668915
n679,n666,137.5,0.5,81,1,0.6237893104553223,96.18632284064667,0.007289886474609375,-0.12798921763896942,0.4724409580230713
n681,n668,137.6669921875,0.3330078125,68,2,0.6151866316795349,97.53137813835883,0.0,-0.22729721665382385,0.4488188922405243
n684,n670,138.0,0.5,60,3,0.5986073613166809,100.23264643459376,-0.0013910928973928094,-0.06328471004962921,0.4173228442668915
n683,n671,138.0,2.0,69,2,0.5986073613166809,100.23264643459376,-0.0013910928973928094,-0.03600207343697548,0.4015747904777527
n682,n669,138.0,2.0,77,1,0.5986073613166809,100.23264643459376,0.0027821857947856188,-0.10048336535692215,0.4803149700164795
n685,n672,138.5,0.5,57,3,0.5916748046875,101.4070559108727,0.0,-0.12739910185337067,0.4330708682537079
n686,n673,139.0,0.5,65,3,0.59375,101.05263157894737,0.0,-0.1832745373249054,0.4488188922405243
n687,n674,139.5,0.5,53,3,0.604156494140625,99.31201697226852,0.0,-0.13549064099788666,0.4645669162273407
n689,n676,140.0,0.5,45,3,0.6041717529296875,99.30950877636066,-0.008331298828125,-0.3985614776611328,0.4409448802471161
n688,n675,140.0,0.5,74,1,0.6041717529296875,99.30950877636066,0.008331298828125,-0.1138320341706276,0.4881889820098877
n691,n678,140.5,0.5,56,3,0.629150390625,95.36670547147847,-0.00521087646484375,-0.140335351228714,0.4645669162273407
n690,n677,140.5,0.25,89,1,0.629150390625,95.36670547147847,0.00521087646484375,-0.11942638456821442,0.5669291615486145
n692,n679,140.75,0.25,85,1,0.6104278564453125,98.29171353580803,0.0,-0.36189329624176025,0.5039370059967041
n694,n681,141.0,0.5,62,3,0.6144234538078308,97.65252225994259,-0.005725860595703125,-0.05953747779130936,0.4645669162273407
n693,n680,141.0,0.1669921875,88,1,0.6144234538078308,97.65252225994259,0.005725860595703125,-0.067459337413311,0.5669291615486145
n695,n682,141.1669921875,0.166015625,86,1,0.602343738079071,99.6108969130242,0.0,-0.2811596691608429,0.5118110179901123
n696,n683,141.3330078125,0.1669921875,81,1,0.5894782543182373,101.78492516130754,0.0,-0.20470158755779266,0.4960629940032959
n698,n685,141.5,0.5,59,3,0.5770056843757629,103.98511076179668,-0.013019561767578125,-0.28065797686576843,0.4330708682537079
n697,n684,141.5,0.1669921875,77,1,0.5770056843757629,103.98511076179668,0.013019561767578125,-0.039547402411699295,0.5354330539703369
n699,n686,141.6669921875,0.166015625,74,1,0.5772518515586853,103.94076664802209,0.0,-0.2381521314382553,0.4724409580230713
n700,n687,141.8330078125,0.1669921875,69,1,0.5614035129547119,106.8749992037192,0.0,-0.08246219903230667,0.4645669162273407
n702,n689,142.0,0.5,65,3,0.5676626563072205,105.69657759471824,-0.01041412353515625,-0.1358000487089157,0.4094488322734833
n701,n688,142.0,0.1669921875,70,1,0.5676626563072205,105.69657759471824,0.01041412353515625,-0.11553142964839935,0.5275590419769287
n703,n690,142.1669921875,0.166015625,71,1,0.5772518515586853,103.94076664802209,0.0,-0.21977348625659943,0.4803149700164795
n704,n691,142.3330078125,0.1669921875,72,1,0.5738760828971863,104.55218781220648,0.0,-0.03170120343565941,0.4881889820098877
n706,n693,142.5,0.5,53,3,0.5863487124443054,102.32818581604565,-0.0114593505859375,-0.3885285258293152,0.4409448802471161
n705,n692,142.5,0.1669921875,73,1,0.5863487124443054,102.32818581604565,0.0114593505859375,-0.2507930397987366,0.5511810779571533
n707,n694,142.6669921875,0.166015625,74,1,0.5835018157958984,102.82744350702627,0.0,-0.3102719485759735,0.5039370059967041
n708,n695,142.8330078125,0.1669921875,75,1,0.5926230549812317,101.24479548285578,0.0,-0.12698622047901154,0.5118110179901123
n711,n698,143.0,0.5,45,3,0.5958353877067566,100.69895349943415,-0.0020802814979106188,-0.11002776771783829,0.5039370059967041
n709,n697,143.0,0.75,74,1,0.5958353877067566,100.69895349943415,-0.0010426839580759406,-0.31857407093048096,0.4881889820098877
n710,n696,143.0,0.75,77,1,0.5958353877067566,100.69895349943415,0.0031229655724018812,-0.21345734596252441,0.5748031735420227
n712,n699,143.5,0.5,52,3,0.587493896484375,102.12872058594358,0.0,-0.3846488893032074,0.5196850299835205
n713,n701,143.75,0.25,74,1,0.5777791142463684,103.84591363822759,-0.00937652587890625,-0.22066283226013184,0.4881889820098877
n714,n700,143.75,0.25,77,1,0.5777791142463684,103.84591363822759,0.00937652587890625,-0.41504088044166565,0.5511810779571533
n717,n703,144.0,0.5,60,3,0.5694478154182434,105.36522992178254,-0.0013910928973928094,-0.1520117223262787,0.4960629940032959
n715,n704,144.0,2.0,72,1,0.5694478154182434,105.36522992178254,-0.0013910928973928094,-0.03653448820114136,0.4881889820098877
n716,n702,144.0,2.0,76,1,0.5694478154182434,105.36522992178254,0.0027821857947856188,-0.31973910331726074,0.5590550899505615
n718,n705,144.5,0.5,57,3,0.5625,106.66666666666667,0.0,-0.15795236825942993,0.5118110179901123
n719,n706,145.0,0.5,64,3,0.5625,106.66666666666667,0.0,-0.12261933088302612,0.5196850299835205
n720,n707,145.5,0.5,52,3,0.5697860717773438,105.30267932461203,0.0,-0.15874485671520233,0.5275590419769287
n722,n709,146.0,0.5,41,3,0.5843734741210938,102.67406488674196,-0.002605438232421875,-0.24310992658138275,0.4960629940032959
n721,n708,146.0,0.5,81,1,0.5843734741210938,102.67406488674196,0.002605438232421875,-0.24310992658138275,0.6062992215156555
n724,n711,146.5,0.5,57,3,0.5729141235351562,104.72773760536934,-0.0031280517578125,-0.04258553311228752,0.4803149700164795
n723,n710,146.5,0.5,80,1,0.5729141235351562,104.72773760536934,0.0031280517578125,-0.17254409193992615,0.5984252095222473
n726,n713,147.0,0.5,60,3,0.5661771297454834,105.97390259647563,-0.003124237060546875,-0.1320197433233261,0.4881889820098877
n725,n712,147.0,0.3330078125,83,1,0.5661771297454834,105.97390259647563,0.003124237060546875,-0.39131951332092285,0.5826771855354309
n727,n714,147.3330078125,0.333984375,81,1,0.5551900863647461,108.07109397947983,0.0,-0.21840892732143402,0.5196850299835205
n728,n715,147.5,0.5,57,3,0.5551443696022034,108.07999375548717,0.0,-0.3783453702926636,0.5196850299835205
n729,n716,147.6669921875,0.3330078125,76,1,0.5442861318588257,110.23613589986252,0.0,-0.11203873157501221,0.5039370059967041
n731,n718,148.0,0.5,65,3,0.5411473512649536,110.87553114645686,-0.0031280517578125,-0.175493985414505,0.4566929042339325
n730,n717,148.0,0.3330078125,72,1,0.5411473512649536,110.87553114645686,0.0031280517578125,-0.08588376641273499,0.5196850299835205
n732,n719,148.3330078125,0.333984375,69,1,0.542717456817627,110.55476334191735,0.0,-0.2932693064212799,0.4803149700164795
n733,n720,148.5,0.5,53,3,0.5489309430122375,109.30336641391045,0.0,-0.03596257045865059,0.4803149700164795
n734,n721,148.6669921875,0.3330078125,64,1,0.5432322025299072,110.45000594694447,0.0,-0.30060818791389465,0.4645669162273407
n737,n724,149.0,0.5,38,3,0.5736083984375,104.60097893168759,-0.00659942626953125,-0.16251417994499207,0.4960629940032959
n735,n723,149.0,1.0,72,1,0.5736083984375,104.60097893168759,-0.00034332275390625,-0.20114684104919434,0.4881889820098877
n736,n722,149.0,1.0,76,1,0.5736083984375,104.60097893168759,0.0069427490234375,-0.10784921050071716,0.5196850299835205
n738,n725,149.5,0.5,45,3,0.5708363652229309,105.10893078188522,0.0,-0.13803783059120178,0.4881889820098877
n741,n727,150.0,0.5,57,3,0.5624949336051941,106.66762741389064,2.543131586207892e-06,-0.20028556883335114,0.4409448802471161
n739,n728,150.0,2.0,71,1,0.5624949336051941,106.66762741389064,-0.014584858901798725,-0.23759879171848297,0.4330708682537079
n740,n726,150.0,2.0,74,1,0.5624949336051941,106.66762741389064,0.014582316391170025,-0.1956886351108551,0.5196850299835205
n742,n729,150.5,0.5,53,3,0.5625,106.66666666666667,0.0,-0.3973354697227478,0.4566929042339325
n743,n730,151.0,0.5,62,3,0.5729217529296875,104.72634298346073,0.0,-0.0643816664814949,0.4488188922405243
n744,n731,151.5,0.5,50,3,0.5916671752929688,101.40836352851672,0.0,-0.3948608934879303,0.4488188922405243
n746,n733,152.0,0.5,40,3,0.5974500775337219,100.42680092649819,-0.008335113525390625,-0.0923183262348175,0.4015747904777527
n745,n732,152.0,0.3330078125,71,1,0.5974500775337219,100.42680092649819,0.008335113525390625,-0.07756265997886658,0.4724409580230713
n747,n734,152.3330078125,0.333984375,64,1,0.5863487124443054,102.32818581604565,0.0,-0.054727982729673386,0.4094488322734833
n748,n735,152.5,0.5,52,3,0.5863487124443054,102.32818581604565,0.0,-0.3488187789916992,0.4015747904777527
n749,n736,152.6669921875,0.3330078125,65,1,0.5818250775337219,103.12377777584273,0.0,-0.25377368927001953,0.4015747904777527
n751,n738,153.0,0.5,59,3,0.5791778564453125,103.59512079458334,-0.009372711181640625,-0.27976518869400024,0.36220473051071167
n750,n737,153.0,0.25,66,1,0.5791778564453125,103.59512079458334,0.009372711181640625,-0.18823163211345673,0.4330708682537079
n752,n739,153.25,0.25,67,1,0.58123779296875,103.22797437782212,0.0,-0.2786009907722473,0.3937007784843445
n754,n741,153.5,0.5,56,3,0.581268310546875,103.22255473302883,-0.0078125,-0.3962463140487671,0.36220473051071167
n753,n740,153.5,0.25,68,1,0.581268310546875,103.22255473302883,0.0078125,-0.0367039293050766,0.4173228442668915
n755,n742,153.75,0.25,69,1,0.5874786376953125,102.13137321108543,0.0,-0.09510473906993866,0.3937007784843445
n757,n744,154.0,0.5,68,3,0.5964801907539368,100.59009658671386,-0.012500762939453125,-0.278793603181839,0.35433071851730347
n756,n743,154.0,0.0908203125,70,1,0.5964801907539368,100.59009658671386,0.012500762939453125,0.4693295657634735,0.4409448802471161
n758,n745,154.0908203125,0.0908203125,71,1,0.5963541865348816,100.61135035980924,0.0,0.46963435411453247,0.4015747904777527
n759,n746,154.181640625,0.0908203125,72,1,0.5964381694793701,100.59718353098344,0.0,0.46943116188049316,0.4015747904777527
n760,n747,154.2724609375,0.0908203125,73,1,0.6078628897666931,98.70646984721982,0.0,0.4420577585697174,0.4094488322734833
n761,n748,154.36328125,0.0908203125,74,1,0.6079469323158264,98.69282467047667,0.0,0.4418584108352661,0.4094488322734833
n762,n749,154.4541015625,0.091796875,75,1,0.6126994490623474,97.92729549834226,0.0,0.4151940941810608,0.4173228442668915
n763,n750,154.5,0.5,59,3,0.6126994490623474,97.92729549834226,0.0,-0.03523518145084381,0.4173228442668915
n764,n751,154.5458984375,0.0908203125,76,1,0.6193716526031494,96.87237016390199,0.0,0.4149984121322632,0.4173228442668915
n765,n752,154.63671875,0.0908203125,77,1,0.6193716526031494,96.87237016390199,0.0,0.4149984121322632,0.4251968562602997
n766,n753,154.7275390625,0.0908203125,78,1,0.6307963728904724,95.11785827978758,0.0,0.38862937688827515,0.4251968562602997
n767,n754,154.818359375,0.0908203125,79,1,0.6308803558349609,95.10519616764874,0.0,0.38843727111816406,0.4330708682537079
n768,n755,154.9091796875,0.0908203125,80,1,0.6269600987434387,95.69987008782975,0.0,0.39743006229400635,0.4330708682537079
n770,n758,155.0,0.5,45,3,0.6340281367301941,94.63302418948096,-0.010762532241642475,-0.16736020147800446,0.4251968562602997
n771,n757,155.0,0.0,69,1,0.6340281367301941,94.63302418948096,-0.0013860067119821906,0.0,0.4094488322734833
n769,n756,155.0,3.0,81,1,0.6340281367301941,94.63302418948096,0.012148539535701275,-0.32370761036872864,0.4645669162273407
n772,n759,155.5,0.5,52,3,0.625,96.0,0.0,-0.3584539294242859,0.4330708682537079
n773,n760,156.0,0.5,60,3,0.60833740234375,98.62947727500753,0.0,-0.3318532407283783,0.4251968562602997
n774,n761,156.5,0.5,57,3,0.5979156494140625,100.34860278167666,0.0,-0.15367715060710907,0.4251968562602997
n775,n762,157.0,0.5,64,3,0.5979156494140625,100.34860278167666,0.0,-0.07744164019823074,0.4409448802471161
n776,n763,157.5,0.5,52,3,0.607635498046875,98.74340816634022,0.0,-0.41338154673576355,0.4566929042339325
n779,n765,158.0,0.5,36,3,0.5986175537109375,100.23093981800108,-0.0013885498046875,-0.08978148549795151,0.4330708682537079
n777,n766,158.0,3.0,64,1,0.5986175537109375,100.23093981800108,-0.0097198486328125,-0.4117095470428467,0.4409448802471161
n778,n764,158.0,3.0,76,1,0.5986175537109375,100.23093981800108,0.0111083984375,-0.10500084608793259,0.4960629940032959
n780,n767,158.5,0.5,43,3,0.5895843505859375,101.7666088666891,0.0,-0.28047454357147217,0.4645669162273407
n781,n768,159.0,0.5,52,3,0.572906494140625,104.7291322644223,0.0,-0.38901668787002563,0.4645669162273407
n782,n769,159.5,0.5,48,3,0.5645904541015625,106.27172238588146,0.0,-0.29426464438438416,0.4724409580230713
n783,n770,160.0,0.5,60,3,0.5625,106.66666666666667,0.0,-0.17594878375530243,0.4803149700164795
n784,n771,160.5,0.5,52,3,0.5694427490234375,105.36616736782872,0.0,-0.07214543968439102,0.5039370059967041
n787,n774,161.0,0.5,36,3,0.5722198486328125,104.85480387189675,-0.00485992431640625,-0.09590750187635422,0.5118110179901123
n785,n773,161.0,3.0,63,1,0.5722198486328125,104.85480387189675,-0.00069427490234375,-0.1175883412361145,0.4881889820098877
n786,n772,161.0,3.0,75,1,0.5722198486328125,104.85480387189675,0.00555419921875,-0.21481937170028687,0.5354330539703369
n788,n775,161.5,0.5,42,3,0.5604248046875,107.06164234371596,0.0,-0.11148134618997574,0.5118110179901123
n789,n776,162.0,0.5,51,3,0.54791259765625,109.50651665367049,0.0,-0.35942813754081726,0.5039370059967041
n790,n777,162.5,0.5,48,3,0.54583740234375,109.92284468299228,0.0,-0.28524094820022583,0.5039370059967041
n791,n778,163.0,0.5,60,3,0.5458221435546875,109.92591764278326,0.0,-0.26520904898643494,0.5039370059967041
n792,n779,163.5,0.5,51,3,0.543060302734375,110.48496768755268,0.0,-0.03172147274017334,0.4960629940032959
n795,n782,164.0,0.5,36,3,0.563201904296875,106.53373069628827,-0.0013885498046875,-0.2841988205909729,0.4803149700164795
n793,n781,164.0,1.0,62,1,0.563201904296875,106.53373069628827,-0.0003509521484375,-0.1717241108417511,0.4803149700164795
n794,n780,164.0,1.0,74,1,0.563201904296875,106.53373069628827,0.001739501953125,-0.05624684691429138,0.5433070659637451
n796,n783,164.5,0.5,43,3,0.5666605830192566,105.88348969026674,0.0,-0.2608988285064697,0.4881889820098877
n799,n786,165.0,0.5,50,3,0.570831298828125,105.10986367281475,-0.008333842270076275,-0.2906720042228699,0.4488188922405243
n797,n785,165.0,0.5,69,1,0.570831298828125,105.10986367281475,-0.0020853679161518812,-0.021211344748735428,0.4803149700164795
n798,n784,165.0,0.5,81,1,0.570831298828125,105.10986367281475,0.010419209487736225,-0.35655999183654785,0.5275590419769287
n802,n788,165.5,0.5,47,3,0.5694478154182434,105.36522992178254,-0.0010401407489553094,-0.24277718365192413,0.4645669162273407
n800,n789,165.5,0.5,67,1,0.5694478154182434,105.36522992178254,-0.0031229655724018812,-0.38028067350387573,0.4251968562602997
n801,n787,165.5,0.5,79,1,0.5694478154182434,105.36522992178254,0.0041631064377725124,-0.33297500014305115,0.5039370059967041
n805,n791,166.0,0.5,55,3,0.5722198486328125,104.85480387189675,-0.00069427490234375,-0.19464144110679626,0.4094488322734833
n803,n792,166.0,0.75,62,1,0.5722198486328125,104.85480387189675,-0.00069427490234375,-0.07916422933340073,0.4330708682537079
n804,n790,166.0,0.75,74,1,0.5722198486328125,104.85480387189675,0.0013885498046875,-0.15901751816272736,0.4803149700164795
n806,n793,166.5,0.5,50,3,0.5979156494140625,100.34860278167666,0.0,-0.2049024999141693,0.4409448802471161
n807,n795,166.75,0.25,63,1,0.6048634648323059,99.1959400567111,-0.010936737060546875,-0.1154828667640686,0.3779527544975281
n808,n794,166.75,0.25,75,1,0.6048634648323059,99.1959400567111,0.010936737060546875,-0.1154828667640686,0.4960629940032959
n811,n797,167.0,0.5,36,3,0.6173604130744934,97.18796140684864,-0.0055567421950399876,-0.26270824670791626,0.4409448802471161
n809,n798,167.0,1.0,65,1,0.6173604130744934,97.18796140684864,-0.0065943398512899876,-0.36872515082359314,0.4094488322734833
n810,n796,167.0,1.0,77,1,0.6173604130744934,97.18796140684864,0.012151082046329975,-0.21389608085155487,0.4803149700164795
n812,n799,167.5,0.5,43,3,0.6145833134651184,97.62712180015181,0.0,-0.3907899558544159,0.4251968562602997
n815,n801,168.0,0.5,52,3,0.6041666865348816,99.31034156173372,-0.0031255085486918688,-0.19691550731658936,0.3858267664909363
n813,n802,168.0,2.0,64,1,0.6041666865348816,99.31034156173372,-0.0031255085486918688,-0.300325870513916,0.3700787425041199
n814,n800,168.0,2.0,76,1,0.6041666865348816,99.31034156173372,0.0062510170973837376,-0.2069293111562729,0.4645669162273407
n816,n803,168.5,0.5,48,3,0.602081298828125,99.65431598155,0.0,-0.23828281462192535,0.4015747904777527
n817,n804,169.0,1.0,35,3,0.6052093505859375,99.13924816579684,0.0,-0.1489737331867218,0.4015747904777527
n820,n806,170.0,0.5,33,3,0.62396240234375,96.15964002738922,-0.00104522705078125,-0.14960600435733795,0.3937007784843445
n818,n807,170.0,0.5,72,1,0.62396240234375,96.15964002738922,-0.00208282470703125,-0.026749227195978165,0.3937007784843445
n819,n805,170.0,0.5,76,1,0.62396240234375,96.15964002738922,0.0031280517578125,-0.1657257378101349,0.4803149700164795
n822,n809,170.5,0.5,52,3,0.6333236694335938,94.73828769681127,-0.00156402587890625,-0.10835420340299606,0.4251968562602997
n821,n808,170.5,0.5,84,1,0.6333236694335938,94.73828769681127,0.00156402587890625,-0.08299858123064041,0.4803149700164795
n824,n811,171.0,0.5,60,3,0.6135406494140625,97.79303141087816,-0.006771087646484375,-0.32560446858406067,0.4173228442668915
n823,n810,171.0,0.5,83,1,0.6135406494140625,97.79303141087816,0.006771087646484375,-0.047303322702646255,0.4803149700164795
n826,n813,171.5,0.5,57,3,0.5979232788085938,100.34732235137997,-0.001041412353515625,-0.14255501329898834,0.4015747904777527
n825,n812,171.5,0.5,80,1,0.5979232788085938,100.34732235137997,0.001041412353515625,-0.22828488051891327,0.4881889820098877
n828,n815,172.0,0.5,64,3,0.6031265258789062,99.48161360100185,-0.00521087646484375,-0.4092388153076172,0.4251968562602997
n827,n814,172.0,0.5,83,1,0.6031265258789062,99.48161360100185,0.00521087646484375,-0.3319331705570221,0.5118110179901123
n830,n817,172.5,0.5,60,3,0.6062469482421875,98.96957036067555,-0.000522613525390625,-0.3775131404399872,0.4409448802471161
n829,n816,172.5,0.5,81,1,0.6062469482421875,98.96957036067555,0.000522613525390625,-0.15144503116607666,0.5196850299835205
n832,n819,173.0,0.5,45,3,0.6052854657173157,99.12678132605548,-0.013019561767578125,-0.11111591756343842,0.4566929042339325
n831,n818,173.0,0.5,79,1,0.6052854657173157,99.12678132605548,0.013019561767578125,-0.2817113995552063,0.5275590419769287
n833,n820,173.3330078125,0.333984375,67,2,0.5925849676132202,101.25130281597349,0.0,-0.04627514258027077,0.4960629940032959
n835,n822,173.5,0.5,53,3,0.5988441109657288,100.1930200219231,-0.009372711181640625,-0.2783997356891632,0.4488188922405243
n834,n821,173.5,0.5,81,1,0.5988441109657288,100.1930200219231,0.009372711181640625,-0.10644713789224625,0.5590550899505615
n836,n823,173.6669921875,0.3330078125,68,2,0.5911992788314819,101.48862176995765,0.0,-0.31430748105049133,0.5039370059967041
n839,n826,174.0,0.5,60,3,0.5708363652229309,105.10893078188522,-0.010416666977107525,-0.042757339775562286,0.4645669162273407
n838,n825,174.0,2.0,69,2,0.5708363652229309,105.10893078188522,-0.0041681923903524876,-0.09241525828838348,0.4645669162273407
n837,n824,174.0,2.0,77,1,0.5708363652229309,105.10893078188522,0.014584858901798725,-0.3752323091030121,0.5433070659637451
n840,n827,174.5,0.5,57,3,0.5583343505859375,107.46249077642044,0.0,-0.3866117000579834,0.4960629940032959
n841,n828,175.0,0.5,65,3,0.5604095458984375,107.06455741007977,0.0,-0.14070671796798706,0.5039370059967041
n842,n829,175.5,0.5,53,3,0.56805419921875,105.62372407865048,0.0,-0.1961733102798462,0.5196850299835205
n845,n831,176.0,1.0,40,3,0.55694580078125,107.73041095890412,-0.00555419921875,-0.018105288967490196,0.4803149700164795
n843,n832,176.0,0.5,68,1,0.55694580078125,107.73041095890412,-0.00659942626953125,-0.19213467836380005,0.4881889820098877
n844,n830,176.0,0.5,71,1,0.55694580078125,107.73041095890412,0.01215362548828125,-0.1737561672925949,0.5433070659637451
n846,n833,176.5,0.25,88,1,0.57501220703125,104.34561086933446,0.0,-0.1312752217054367,0.5433070659637451
n847,n834,176.75,0.25,87,1,0.5697860717773438,105.30267932461203,0.0,-0.3674624264240265,0.5354330539703369
n849,n836,177.0,4.0,52,3,0.5703267455101013,105.20285165012889,-0.0002613067626953125,-0.14400999248027802,0.5275590419769287
n850,n837,177.0,2.0,56,3,0.5703267455101013,105.20285165012889,-0.0002613067626953125,-0.022609714418649673,0.5118110179901123
n851,n838,177.0,2.0,62,3,0.5703267455101013,105.20285165012889,-0.0012989044189453125,-0.2341138869524002,0.5118110179901123
n848,n835,177.0,0.1337890625,86,1,0.5703267455101013,105.20285165012889,0.0018215179443359375,-0.02485824190080166,0.5748031735420227
n852,n839,177.1337890625,0.1328125,85,1,0.5646829009056091,106.25432415923187,0.0,5.876193245057948e-05,0.5275590419769287
n853,n840,177.2666015625,0.1337890625,84,1,0.5683736205101013,105.56436441605344,0.0,-0.019909149035811424,0.5196850299835205
n854,n841,177.400390625,0.1328125,83,1,0.5568704009056091,107.74499758368401,0.0,0.02015809528529644,0.5118110179901123
n855,n842,177.533203125,0.1337890625,82,1,0.5683736205101013,105.56436441605344,0.0,-0.019909149035811424,0.5039370059967041
n856,n843,177.6669921875,0.1328125,81,1,0.5568704009056091,107.74499758368401,0.0,0.02015809528529644,0.5039370059967041
n857,n844,177.7998046875,0.1337890625,80,1,0.5605611205101013,107.03560736677741,0.0,5.876193245057948e-05,0.4960629940032959
n858,n845,177.93359375,0.1328125,79,1,0.5646829009056091,106.25432415923187,0.0,5.876193245057948e-05,0.4881889820098877
n859,n846,178.06640625,0.1337890625,78,1,0.5606181621551514,107.02471673294625,0.0,-8.799510396784171e-05,0.4881889820098877
n860,n847,178.2001953125,0.1328125,77,1,0.5646829009056091,106.25432415923187,0.0,5.876193245057948e-05,0.4803149700164795
n861,n848,178.3330078125,0.1337890625,76,1,0.5606181621551514,107.02471673294625,0.0,-8.799510396784171e-05,0.4803149700164795
n862,n849,178.466796875,0.1328125,75,1,0.5725528597831726,104.79381767951027,0.0,-0.019909149035811424,0.4724409580230713
n863,n850,178.599609375,0.1337890625,74,1,0.5761290788650513,104.14332864120891,0.0,-0.03946166858077049,0.4724409580230713
n864,n851,178.7333984375,0.1328125,73,1,0.5725528597831726,104.79381767951027,0.0,-0.019909149035811424,0.4645669162273407
n865,n852,178.8662109375,0.1337890625,72,1,0.5761290788650513,104.14332864120891,0.0,-0.03946166858077049,0.4566929042339325
n866,n853,179.0,0.142578125,71,1,0.577215313911438,103.94734608376275,0.0,-0.07507797330617905,0.4566929042339325
n868,n854,179.142578125,0.1435546875,74,1,0.5804634094238281,103.36568856175862,0.0,-0.15191498398780823,0.4566929042339325
n869,n855,179.2861328125,0.142578125,77,1,0.5917701125144958,101.39072374752664,0.0,-0.1698988527059555,0.4645669162273407
n870,n856,179.4287109375,0.142578125,80,1,0.5918236374855042,101.38155389487905,0.0,-0.17002929747104645,0.4645669162273407
n871,n857,179.5712890625,0.142578125,83,1,0.5990475416183472,100.15899545786962,0.0,-0.14800411462783813,0.4645669162273407
n872,n858,179.7138671875,0.1435546875,77,1,0.5877976417541504,102.07594542391058,0.0,-0.11113566905260086,0.4409448802471161
n873,n859,179.857421875,0.142578125,74,1,0.584439218044281,102.66251501872004,0.0,-0.15191498398780823,0.4330708682537079
n874,n860,180.0,0.2001953125,71,1,0.5723704099655151,104.82722194464063,0.0,-0.2735971212387085,0.4173228442668915
n875,n861,180.2001953125,0.2001953125,68,1,0.5775533318519592,103.88651002602032,0.0,-0.3681321144104004,0.4015747904777527
n876,n862,180.400390625,0.19921875,65,1,0.5751761794090271,104.31586381349771,0.0,-0.32196009159088135,0.3937007784843445
n877,n863,180.599609375,0.2001953125,62,1,0.5827362537384033,102.96253170295229,0.0,-0.33155229687690735,0.3858267664909363
n878,n864,180.7998046875,0.2001953125,59,1,0.6504192352294922,92.2481943185917,0.0,-0.5063807964324951,0.3779527544975281
n880,n865,181.0,0.3330078125,45,3,0.5380315184593201,111.51763036450537,0.0,-1.6438249076600187e-05,0.33070865273475647
n881,n866,181.3330078125,0.333984375,52,3,0.5863487124443054,102.32818581604565,0.0,-0.12830916047096252,0.36220473051071167
n882,n867,181.6669921875,0.3330078125,57,3,0.5849523544311523,102.57245662058767,0.0,-0.3180908262729645,0.35433071851730347
n883,n868,182.0,0.3330078125,64,3,0.6005773544311523,99.90386676638862,0.0,-0.35612180829048157,0.36220473051071167
n884,n869,182.3330078125,0.333984375,57,3,0.5863715410232544,102.324201981727,0.0,-0.3549576997756958,0.3385826647281647
n885,n870,182.6669921875,0.3330078125,52,3,0.5943227410316467,100.95524848308824,0.0,-0.3314323425292969,0.3385826647281647
n886,n871,183.0,0.3330078125,48,3,0.5786977410316467,103.68106827760856,0.0,-0.2646139860153198,0.31496062874794006
n887,n872,183.3330078125,0.333984375,52,3,0.6050575375556946,99.1641228739789,0.0,-0.1241539791226387,0.33070865273475647
n888,n873,183.6669921875,0.3330078125,40,3,0.5891220569610596,101.84646677380465,0.0,-0.4074099659919739,0.29921260476112366
n891,n875,184.0,0.3330078125,45,3,0.683994710445404,87.71997660761026,-0.002777099609375,-0.3463108539581299,0.36220473051071167
n889,n876,184.0,1.0,64,1,0.683994710445404,87.71997660761026,-0.002777099609375,-0.12054288387298584,0.3779527544975281
n890,n874,184.0,1.0,76,1,0.683994710445404,87.71997660761026,0.00555419921875,-0.29285842180252075,0.4488188922405243
n892,n877,184.3330078125,0.333984375,52,3,0.683045506477356,87.84187792909387,0.0,-0.0953165739774704,0.3937007784843445
n893,n878,184.6669921875,0.3330078125,57,3,0.683994710445404,87.71997660761026,0.0,-0.21798664331436157,0.3937007784843445
n896,n881,185.0,0.3330078125,64,3,0.689218282699585,87.05514857352192,-0.00347137451171875,-0.03535860404372215,0.3779527544975281
n894,n880,185.0,0.5,69,1,0.689218282699585,87.05514857352192,-0.00243377685546875,-0.19999843835830688,0.3700787425041199
n895,n879,185.0,0.5,81,1,0.689218282699585,87.05514857352192,0.0059051513671875,-0.2354971468448639,0.4488188922405243
n897,n882,185.3330078125,0.333984375,57,3,0.6892818212509155,87.04712376007741,0.0,-0.32847729325294495,0.4015747904777527
n898,n884,185.5,0.5,67,1,0.6892818212509155,87.04712376007741,-0.00989532470703125,-0.28259357810020447,0.36220473051071167
n899,n883,185.5,0.5,79,1,0.6892818212509155,87.04712376007741,0.00989532470703125,-0.13165168464183807,0.4251968562602997
n900,n885,185.6669921875,0.3330078125,52,3,0.6881644129753113,87.18846669299154,0.0,-0.24996228516101837,0.3937007784843445
n903,n888,186.0,0.3330078125,48,3,0.7006964683532715,85.62908864234447,-0.0041656494140625,-0.15632842481136322,0.3779527544975281
n901,n887,186.0,1.0,69,1,0.7006964683532715,85.62908864234447,-0.0031280517578125,-0.2930898666381836,0.3779527544975281
n902,n886,186.0,1.0,81,1,0.7006964683532715,85.62908864234447,0.007293701171875,-0.1916283369064331,0.4566929042339325
n904,n889,186.3330078125,0.333984375,52,3,0.7142269611358643,84.0069099387953,0.0,-0.1881459802389145,0.4094488322734833
n905,n890,186.6669921875,0.3330078125,40,3,0.7277843952178955,82.44199847406217,0.0,-0.40266990661621094,0.4173228442668915
n908,n892,187.0,0.3330078125,52,3,0.7330156564712524,81.85364046498111,-0.0024312336463481188,-0.03954441472887993,0.3937007784843445
n906,n893,187.0,0.5,67,1,0.7330156564712524,81.85364046498111,-0.010762532241642475,-0.21563243865966797,0.4015747904777527
n907,n891,187.0,0.5,79,1,0.7330156564712524,81.85364046498111,0.013193766586482525,-0.1323770135641098,0.4645669162273407
n909,n894,187.3330078125,0.333984375,57,3,0.7298063039779663,82.2135951319646,0.0,-0.12886163592338562,0.4173228442668915
n910,n895,187.5,0.5,67,1,0.7298519611358643,82.20845211763542,0.0,-0.22374770045280457,0.3858267664909363
n911,n896,187.5,0.5,81,1,0.7298519611358643,82.20845211763542,0.0,-0.05596157908439636,0.4645669162273407
n912,n897,187.6669921875,0.666015625,64,3,0.7335158586502075,81.79782249072308,0.0,-0.03736820071935654,0.4251968562602997
n913,n899,188.0,1.0,67,1,0.7116362452507019,84.31273758247465,-0.004688262939453125,-0.16343706846237183,0.3700787425041199
n914,n898,188.0,1.0,76,1,0.7116362452507019,84.31273758247465,0.004688262939453125,-0.3180704712867737,0.4488188922405243
n916,n900,188.3330078125,0.333984375,57,3,0.7079907059669495,84.74687519810597,0.0,-0.3427295982837677,0.4094488322734833
n917,n901,188.6669921875,0.3330078125,52,3,0.7069510817527771,84.8715017894013,0.0,-0.08549118041992188,0.4094488322734833
n918,n902,189.0,0.3330078125,48,3,0.6474981904029846,92.66435163727283,0.0,-0.16208511590957642,0.3385826647281647
n919,n903,189.3330078125,0.333984375,52,3,0.664336621761322,90.31565931278189,0.0,-0.09810487180948257,0.36220473051071167
n920,n904,189.6669921875,0.3330078125,45,3,0.6607919931411743,90.80013169466682,0.0,-0.1378241628408432,0.34645670652389526
n924,n906,190.0,0.3330078125,45,3,0.7436938881874084,80.67835564204636,-0.0028667449951171875,-0.23508787155151367,0.4330708682537079
n921,n908,190.0,1.0,64,1,0.7436938881874084,80.67835564204636,-0.0059871673583984375,-0.1690586358308792,0.4330708682537079
n922,n907,190.0,1.0,72,1,0.7436938881874084,80.67835564204636,-0.0049495697021484375,-0.03465651720762253,0.4409448802471161
n923,n905,190.0,1.0,76,1,0.7436938881874084,80.67835564204636,0.013803482055664062,-0.059711162000894547,0.4881889820098877
n925,n909,190.3330078125,0.333984375,48,3,0.7423017024993896,80.82966777251778,0.0,-0.31739187240600586,0.4488188922405243
n926,n910,190.6669921875,0.3330078125,55,3,0.7343119978904724,81.70913749518962,0.0,-0.2025582194328308,0.4488188922405243
n930,n914,191.0,0.3330078125,60,3,0.738997220993042,81.1911036950502,-0.0044307708740234375,-0.15623889863491058,0.4566929042339325
n927,n913,191.0,0.5,69,1,0.738997220993042,81.1911036950502,-0.0023403167724609375,-0.09115298837423325,0.4566929042339325
n928,n912,191.0,0.5,72,1,0.738997220993042,81.1911036950502,-0.0002574920654296875,-0.14410194754600525,0.4173228442668915
n929,n911,191.0,0.5,81,1,0.738997220993042,81.1911036950502,0.0070285797119140625,-0.3106600046157837,0.5196850299835205
n931,n915,191.3330078125,0.333984375,55,3,0.7277656197547913,82.4441253768157,0.0,-0.24423706531524658,0.4645669162273407
n932,n917,191.5,0.5,67,1,0.7256792187690735,82.6811605571046,-0.00034840902662836015,-0.24462208151817322,0.4409448802471161
n933,n918,191.5,0.5,72,1,0.7256792187690735,82.6811605571046,-0.0065968832932412624,-0.24462208151817322,0.4251968562602997
n934,n916,191.5,0.5,79,1,0.7256792187690735,82.6811605571046,0.0069452919997274876,-0.08235073834657669,0.5118110179901123
n935,n919,191.6669921875,0.3330078125,52,3,0.7256976366043091,82.67906215149404,0.0,-0.37414318323135376,0.4645669162273407
n939,n921,192.0,0.3330078125,55,3,0.7351024150848389,81.62127993155259,-0.0020809173583984375,-0.03733191639184952,0.4724409580230713
n936,n922,192.0,1.0,69,1,0.7351024150848389,81.62127993155259,-0.0031261444091796875,-0.11639396846294403,0.4724409580230713
n937,n923,192.0,1.0,72,1,0.7351024150848389,81.62127993155259,-0.0031261444091796875,-0.09004266560077667,0.4724409580230713
n938,n920,192.0,1.0,81,1,0.7351024150848389,81.62127993155259,0.008333206176757812,-0.22689352929592133,0.4960629940032959
n940,n924,192.3330078125,0.333984375,52,3,0.7423017024993896,80.82966777251778,0.0,-0.1200336292386055,0.4881889820098877
n941,n925,192.6669921875,0.3330078125,43,3,0.7546336650848389,79.50877727308199,0.0,-0.15281569957733154,0.5039370059967041
n945,n927,193.0,0.3330078125,52,3,0.7530872225761414,79.67204621365576,-0.0018215179443359375,-0.01658957451581955,0.4960629940032959
n942,n929,193.0,0.5,67,1,0.7530872225761414,79.67204621365576,-0.0049495697021484375,-0.1623890995979309,0.4881889820098877
n943,n928,193.0,0.5,72,1,0.7530872225761414,79.67204621365576,-0.0028667449951171875,-0.19399860501289368,0.4960629940032959
n944,n926,193.0,0.5,79,1,0.7530872225761414,79.67204621365576,0.009637832641601562,-0.24511393904685974,0.5354330539703369
n946,n930,193.3330078125,0.333984375,55,3,0.7485227584838867,80.1578834042781,0.0,-0.10596133023500443,0.5039370059967041
n947,n933,193.5,0.5,67,1,0.7422941327095032,80.83049205978435,-0.0041681923903524876,-0.30202773213386536,0.4724409580230713
n948,n932,193.5,0.5,72,1,0.7422941327095032,80.83049205978435,-0.0020853679161518812,-0.04232512414455414,0.5118110179901123
n949,n931,193.5,0.5,81,1,0.7422941327095032,80.83049205978435,0.0062535605393350124,-0.25295180082321167,0.5511810779571533
n950,n934,193.6669921875,0.666015625,64,3,0.7434399724006653,80.70591066855354,0.0,-0.37710681557655334,0.5118110179901123
n951,n936,194.0,1.0,67,1,0.7173600792884827,83.64000413782617,-0.0013910928973928094,-0.18686869740486145,0.4881889820098877
n952,n937,194.0,1.0,72,1,0.7173600792884827,83.64000413782617,-0.0045115151442587376,-0.3217514753341675,0.4566929042339325
n953,n935,194.0,1.0,76,1,0.7173600792884827,83.64000413782617,0.0059026083908975124,-0.11932096630334854,0.5354330539703369
n955,n938,194.3330078125,0.333984375,55,3,0.7111202478408813,84.37391591952739,0.0,-0.13942156732082367,0.4960629940032959
n956,n939,194.6669921875,0.666015625,52,3,0.7069395780563354,84.8728828635743,0.0,-0.18718217313289642,0.4960629940032959
n958,n940,195.3330078125,0.333984375,52,3,0.6549707651138306,91.60714217461646,0.0,-0.2385120689868927,0.4330708682537079
n959,n941,195.6669921875,0.3330078125,43,3,0.6370738744735718,94.18060040459095,0.0,-0.20244550704956055,0.4094488322734833
n962,n943,196.0,0.3330078125,41,3,0.7048662304878235,85.12253446795887,-0.00347137451171875,-0.04115276411175728,0.4960629940032959
n960,n944,196.0,1.0,65,1,0.7048662304878235,85.12253446795887,-0.00347137451171875,-0.1449241191148758,0.4960629940032959
n961,n942,196.0,1.0,69,1,0.7048662304878235,85.12253446795887,0.0069427490234375,-0.3771723508834839,0.5354330539703369
n963,n945,196.3330078125,0.333984375,48,3,0.6986247897148132,85.88301028437984,0.0,-0.24509043991565704,0.5118110179901123
n964,n946,196.6669921875,0.3330078125,53,3,0.6881720423698425,87.18750008119969,0.0,-0.3719688057899475,0.5118110179901123
n967,n948,197.0,0.3330078125,60,3,0.6787863373756409,88.3930578685115,-0.0072911581955850124,-0.026838384568691254,0.5039370059967041
n965,n949,197.0,0.5,64,1,0.6787863373756409,88.3930578685115,-0.0072911581955850124,-0.3995527923107147,0.5039370059967041
n966,n947,197.0,0.5,72,1,0.6787863373756409,88.3930578685115,0.014582316391170025,-0.20836876332759857,0.5433070659637451
n968,n950,197.3330078125,0.333984375,53,3,0.6736796498298645,89.06310293795099,0.0,-0.32024943828582764,0.5118110179901123
n969,n952,197.5,0.5,62,1,0.6674661636352539,89.8921971912689,-0.014583587646484375,-0.3406636714935303,0.4881889820098877
n970,n951,197.5,0.5,71,1,0.6674661636352539,89.8921971912689,0.014583587646484375,-0.21513283252716064,0.5354330539703369
n971,n953,197.6669921875,0.3330078125,48,3,0.6615881323814392,90.69086500089598,0.0,-0.2650921940803528,0.5118110179901123
n972,n955,198.0,1.0,60,1,0.6584494113922119,91.1231735679393,-0.00572967529296875,-0.13160757720470428,0.4881889820098877
n973,n954,198.0,1.0,69,1,0.6584494113922119,91.1231735679393,0.00572967529296875,-0.046647291630506516,0.5354330539703369
n974,n956,198.3330078125,0.333984375,48,3,0.6612070798873901,90.7431299891988,0.0,-0.26848548650741577,0.5196850299835205
n975,n957,198.6669921875,0.3330078125,41,3,0.665230929851532,90.19424279233523,0.0,-0.1932869255542755,0.5275590419769287
n978,n960,199.0,0.3330078125,41,3,0.6548066139221191,91.63010685035053,-0.0045166015625,-0.06580321490764618,0.4881889820098877
n976,n959,199.0,0.5,62,1,0.6548066139221191,91.63010685035053,-0.0013885498046875,-0.3476641774177551,0.4960629940032959
n977,n958,199.0,0.5,65,1,0.6548066139221191,91.63010685035053,0.0059051513671875,-0.359393447637558,0.5748031735420227
n979,n961,199.3330078125,0.333984375,50,3,0.648734450340271,92.48776593955985,0.0,-0.10053025931119919,0.5196850299835205
n980,n963,199.5,0.5,62,1,0.648734450340271,92.48776593955985,-0.010417938232421875,-0.11266553401947021,0.5118110179901123
n981,n962,199.5,0.5,70,1,0.648734450340271,92.48776593955985,0.010417938232421875,-0.39994752407073975,0.5590550899505615
n982,n964,199.6669921875,0.3330078125,53,3,0.6464672088623047,92.81213211972798,0.0,-0.3161281645298004,0.5275590419769287
n985,n966,200.0,0.3330078125,62,3,0.6360428929328918,94.33326064431087,-0.0013885498046875,-0.24144978821277618,0.5275590419769287
n983,n967,200.0,0.5,64,1,0.6360428929328918,94.33326064431087,-0.00347137451171875,-0.05932973325252533,0.5118110179901123
n984,n965,200.0,0.5,72,1,0.6360428929328918,94.33326064431087,0.00485992431640625,-0.0446331650018692,0.5590550899505615
n986,n968,200.3330078125,0.333984375,53,3,0.6206368803977966,96.67488654806182,0.0,-0.13671855628490448,0.5275590419769287
n987,n970,200.5,0.5,65,1,0.6268960237503052,95.70965156400194,-0.014064788818359375,-0.30245134234428406,0.4724409580230713
n988,n969,200.5,0.5,74,1,0.6268960237503052,95.70965156400194,0.014064788818359375,-0.36900246143341064,0.5905511975288391
n989,n971,200.6669921875,0.3330078125,46,3,0.6193640232086182,96.87356344847046,0.0,-0.13752487301826477,0.5354330539703369
n992,n973,201.0,0.3330078125,53,3,0.6224798560142517,96.3886612880631,-0.00521087646484375,-0.36049318313598633,0.5275590419769287
n990,n974,201.0,0.5,67,1,0.6224798560142517,96.3886612880631,-0.008331298828125,-0.10924740880727768,0.5118110179901123
n991,n972,201.0,0.5,76,1,0.6224798560142517,96.3886612880631,0.01354217529296875,-0.20062173902988434,0.5905511975288391
n993,n975,201.3330078125,0.333984375,50,3,0.6268960237503052,95.70965156400194,0.0,-0.2247764766216278,0.5511810779571533
n994,n977,201.5,0.5,69,1,0.6268960237503052,95.70965156400194,-0.000522613525390625,-0.2965506613254547,0.5354330539703369
n995,n976,201.5,0.5,77,1,0.6268960237503052,95.70965156400194,0.000522613525390625,-0.01886959746479988,0.5826771855354309
n996,n978,201.6669921875,0.3330078125,41,3,0.6277034282684326,95.58654182519687,0.0,-0.048760708421468735,0.5590550899505615
n1000,n980,202.0,0.3330078125,39,3,0.6235337257385254,96.22574934328506,-0.00555419921875,-0.21279332041740417,0.5511810779571533
n997,n981,202.0,0.5,63,1,0.6235337257385254,96.22574934328506,-0.00659942626953125,-0.06555868685245514,0.5196850299835205
n999,n979,202.0,0.5,75,1,0.6235337257385254,96.22574934328506,0.01215362548828125,-0.1273980289697647,0.6062992215156555
n1001,n982,202.3330078125,0.333984375,48,3,0.6112710237503052,98.15613315331805,0.0,-0.05238470807671547,0.5433070659637451
n1002,n984,202.5,0.5,60,1,0.5988441109657288,100.1930200219231,-0.005207061767578125,-0.18414941430091858,0.5039370059967041
n1003,n983,202.5,0.5,72,1,0.5988441109657288,100.1930200219231,0.005207061767578125,-1.9972178936004639,0.5590550899505615
n1004,n985,202.6669921875,0.3330078125,51,3,0.5912069082260132,101.48731208171628,0.0,-0.04655379056930542,0.5275590419769287
n1007,n986,203.0,0.3330078125,60,3,0.5818135738372803,103.12581675308353,0.0,-0.3792760372161865,0.4724409580230713
n1005,n987,203.0,0.5,62,1,0.5818135738372803,103.12581675308353,0.0,-0.2246527075767517,0.5196850299835205
n1006,n988,203.0,0.5,74,1,0.5818135738372803,103.12581675308353,0.0,-0.29262951016426086,0.5748031735420227
n1008,n989,203.3330078125,0.333984375,51,3,0.5707465410232544,105.12547284549443,0.0,-0.08940049260854721,0.5118110179901123
n1009,n991,203.5,0.5,63,1,0.5645330548286438,106.28252763376658,-0.008853912353515625,-0.07639607787132263,0.4803149700164795
n1010,n990,203.5,0.5,75,1,0.5645330548286438,106.28252763376658,0.008853912353515625,-0.3072335124015808,0.5511810779571533
n1011,n992,203.6669921875,0.3330078125,48,3,0.5672195553779602,105.77914571372578,0.0,-0.302825391292572,0.5118110179901123
n1014,n995,204.0,0.3330078125,51,3,0.5682734847068787,105.58296597447023,-0.01215362548828125,-0.417712926864624,0.5039370059967041
n1012,n994,204.0,0.5,65,1,0.5682734847068787,105.58296597447023,-0.002777099609375,-0.07473957538604736,0.5039370059967041
n1013,n993,204.0,0.5,77,1,0.5682734847068787,105.58296597447023,0.01493072509765625,-0.1846572458744049,0.5511810779571533
n1015,n996,204.3330078125,0.333984375,39,3,0.5645102262496948,106.28682565878042,0.0,-0.14226274192333221,0.5196850299835205
n1016,n998,204.5,0.5,67,1,0.5707693696022034,105.12126823101401,-0.00989532470703125,-0.2398894727230072,0.4803149700164795
n1017,n997,204.5,0.5,79,1,0.5707693696022034,105.12126823101401,0.00989532470703125,-0.3296860456466675,0.5748031735420227
n1018,n999,204.6669921875,0.3330078125,36,3,0.5732049345970154,104.67460480287431,0.0,-0.3278169333934784,0.5275590419769287
n1022,n1002,205.0,0.3330078125,38,3,0.5747743248939514,104.38879643949002,-0.0039043426513671875,-0.15526385605335236,0.5196850299835205
n1019,n1003,205.0,0.5,68,1,0.5747743248939514,104.38879643949002,-0.0039043426513671875,-0.10233359783887863,0.5275590419769287
n1020,n1001,205.0,0.5,77,1,0.5747743248939514,104.38879643949002,-0.0018215179443359375,-0.23144115507602692,0.5196850299835205
n1021,n1000,205.0,0.5,80,1,0.5747743248939514,104.38879643949002,0.009630203247070312,-0.04726226627826691,0.5511810779571533
n1023,n1004,205.3330078125,0.333984375,48,3,0.5645559430122375,106.27821873571068,0.0,-0.04049985855817795,0.5196850299835205
n1024,n1006,205.5,0.5,64,1,0.5520376563072205,108.68823768538128,-0.00572967529296875,-0.1979801505804062,0.4645669162273407
n1025,n1005,205.5,0.5,76,1,0.5520376563072205,108.68823768538128,0.00572967529296875,-0.3773037791252136,0.5354330539703369
n1026,n1007,205.6669921875,0.3330078125,53,3,0.5466229915618896,109.76486705866394,0.0,-0.127208411693573,0.4960629940032959
n1029,n1009,206.0,0.3330078125,56,3,0.5388104915618896,111.35640626832188,-0.0002593994140625,-0.3515527546405792,0.4724409580230713
n1030,n1010,206.0,0.3330078125,60,3,0.5388104915618896,111.35640626832188,-0.0002593994140625,-0.24845921993255615,0.4803149700164795
n1027,n1011,206.0,0.5,65,1,0.5388104915618896,111.35640626832188,-0.00130462646484375,-0.3494044542312622,0.4803149700164795
n1028,n1008,206.0,0.5,77,1,0.5388104915618896,111.35640626832188,0.00182342529296875,-0.2732734680175781,0.5039370059967041
n1031,n1012,206.3330078125,0.333984375,53,3,0.5302220582962036,113.16013557188064,0.0,-0.3325960636138916,0.4724409580230713
n1032,n1014,206.5,0.5,67,1,0.5364354848861694,111.84942400432716,-0.008335113525390625,-0.2941216826438904,0.4566929042339325
n1033,n1013,206.5,0.5,79,1,0.5364354848861694,111.84942400432716,0.008335113525390625,-0.18818822503089905,0.5039370059967041
n1034,n1015,206.6669921875,0.666015625,48,3,0.5349042415618896,112.16960969463142,0.0,-0.4010627865791321,0.4724409580230713
n1035,n1017,207.0,0.5,68,1,0.5380200743675232,111.5200024284109,-0.011455535888671875,-0.16713246703147888,0.4409448802471161
n1036,n1016,207.0,0.5,80,1,0.5380200743675232,111.5200024284109,0.011455535888671875,-0.12387922406196594,0.5118110179901123
n1038,n1018,207.3330078125,0.1669921875,41,3,0.5510020852088928,108.89250986637036,0.0,-0.29494768381118774,0.4803149700164795
n1041,n1020,207.5,0.5,38,3,0.5555598139762878,107.99917216935509,-0.0017369588604196906,-0.03653683140873909,0.4645669162273407
n1039,n1021,207.5,0.5,70,1,0.5555598139762878,107.99917216935509,-0.0017369588604196906,-0.019985748454928398,0.4803149700164795
n1040,n1019,207.5,0.5,82,1,0.5555598139762878,107.99917216935509,0.0034739177208393812,-0.21970093250274658,0.5039370059967041
n1045,n1023,208.0,0.3330078125,37,3,0.5693159103393555,105.38964204291331,3.814697265625e-06,-0.12411551922559738,0.4881889820098877
n1042,n1024,208.0,0.5,71,1,0.5693159103393555,105.38964204291331,-0.001041412353515625,-0.11119828373193741,0.4724409580230713
n1043,n1025,208.0,0.5,77,1,0.5693159103393555,105.38964204291331,-0.002086639404296875,-0.022729579359292984,0.4803149700164795
n1044,n1022,208.0,0.5,83,1,0.5693159103393555,105.38964204291331,0.003124237060546875,-0.2549881041049957,0.5118110179901123
n1046,n1026,208.3330078125,0.333984375,44,3,0.5645102262496948,106.28682565878042,0.0,-0.3705317974090576,0.4803149700164795
n1047,n1028,208.5,0.5,72,1,0.5707693696022034,105.12126823101401,-0.00156402587890625,-0.36994996666908264,0.4724409580230713
n1048,n1030,208.5,0.5,77,1,0.5707693696022034,105.12126823101401,-0.0078125,-0.10918580740690231,0.4645669162273407
n1049,n1029,208.5,0.5,80,1,0.5707693696022034,105.12126823101401,-0.00260162353515625,-0.19097982347011566,0.4724409580230713
n1050,n1027,208.5,0.5,84,1,0.5707693696022034,105.12126823101401,0.0119781494140625,-0.2649804353713989,0.5039370059967041
n1051,n1031,208.6669921875,0.3330078125,53,3,0.5649147629737854,106.21071342542392,0.0,-0.3985916078090668,0.4724409580230713
n1056,n1033,209.0,0.3330078125,56,3,0.5643007755279541,106.32627598972304,-0.0014617920387536287,-0.011238962411880493,0.4645669162273407
n1052,n1034,209.0,0.5,73,1,0.5643007755279541,106.32627598972304,-0.0024993896950036287,-0.21724063158035278,0.4566929042339325
n1053,n1035,209.0,0.5,77,1,0.5643007755279541,106.32627598972304,-0.0024993896950036287,-0.3467172086238861,0.4488188922405243
n1054,n1036,209.0,0.5,80,1,0.5643007755279541,106.32627598972304,-0.0024993896950036287,-0.03703266754746437,0.4409448802471161
n1055,n1032,209.0,0.5,85,1,0.5643007755279541,106.32627598972304,0.008959961123764515,-0.31324243545532227,0.5118110179901123
n1057,n1037,209.3330078125,0.333984375,60,3,0.5634899139404297,106.47927942565269,0.0,-0.3782637119293213,0.4566929042339325
n1058,n1040,209.5,0.5,76,1,0.5717897415161133,104.93367691576393,-0.0059000649489462376,-0.3455597162246704,0.4409448802471161
n1059,n1039,209.5,0.5,83,1,0.5717897415161133,104.93367691576393,-0.0027796428184956312,-0.3589802086353302,0.4409448802471161
n1060,n1038,209.5,0.5,88,1,0.5717897415161133,104.93367691576393,0.008679707534611225,-0.056053027510643005,0.5118110179901123
n1061,n1041,209.6669921875,0.3330078125,65,3,0.5716527700424194,104.95881966171126,0.0,-0.2753247916698456,0.4645669162273407
n1065,n1043,210.0,0.3330078125,68,3,0.5826039910316467,102.98590624783556,-0.001300811767578125,-0.39135903120040894,0.4488188922405243
n1062,n1044,210.0,0.5,77,1,0.5826039910316467,102.98590624783556,-0.005466461181640625,-0.09405510127544403,0.4330708682537079
n1063,n1045,210.0,0.5,80,1,0.5826039910316467,102.98590624783556,-0.007556915283203125,-0.2145887315273285,0.4566929042339325
n1064,n1042,210.0,0.5,89,1,0.5826039910316467,102.98590624783556,0.014324188232421875,-0.15593457221984863,0.5196850299835205
n1066,n1046,210.3330078125,0.333984375,72,3,0.5967653393745422,100.54203225489736,0.0,-0.21365657448768616,0.4645669162273407
n1067,n1048,210.5,0.5,79,1,0.6071363091468811,98.82459522855605,-0.0013885498046875,-0.03216489776968956,0.4645669162273407
n1068,n1049,210.5,0.5,83,1,0.6071363091468811,98.82459522855605,-0.0013885498046875,-0.05255666747689247,0.4645669162273407
n1069,n1047,210.5,0.5,91,1,0.6071363091468811,98.82459522855605,0.002777099609375,-0.12628713250160217,0.4960629940032959
n1070,n1050,210.6669921875,0.3330078125,77,3,0.6112216114997864,98.16406827103981,0.0,-0.2094065248966217,0.4724409580230713
n1075,n1055,211.0,0.3330078125,38,3,0.6212289333343506,96.58275199443665,-0.004794311709702015,-0.05628656968474388,0.4724409580230713
n1071,n1054,211.0,0.5,80,1,0.6212289333343506,96.58275199443665,-0.0037490844260901213,-0.12733030319213867,0.4724409580230713
n1072,n1052,211.0,0.5,84,1,0.6212289333343506,96.58275199443665,-0.0006210327264852822,-0.18666446208953857,0.4724409580230713
n1073,n1053,211.0,0.5,89,1,0.6212289333343506,96.58275199443665,-0.0016662597190588713,-0.20327922701835632,0.4645669162273407
n1074,n1051,211.0,0.5,92,1,0.6212289333343506,96.58275199443665,0.010830688290297985,-0.3621065318584442,0.5118110179901123
n1076,n1056,211.3330078125,0.333984375,45,3,0.6284608244895935,95.47134469157913,0.0,-0.025281177833676338,0.4724409580230713
n1077,n1059,211.5,0.5,81,1,0.6253312230110168,95.94915109323263,-0.0044269561767578125,-0.19616003334522247,0.4566929042339325
n1078,n1058,211.5,0.5,84,1,0.6253312230110168,95.94915109323263,-0.0012989044189453125,-0.1158408671617508,0.4488188922405243
n1079,n1060,211.5,0.5,89,1,0.6253312230110168,95.94915109323263,-0.0044269561767578125,-0.2695811092853546,0.4724409580230713
n1080,n1057,211.5,0.5,93,1,0.6253312230110168,95.94915109323263,0.010152816772460938,-0.3347652852535248,0.5196850299835205
n1081,n1061,211.6669921875,0.3330078125,53,3,0.624833881855011,96.02552253067904,0.0,-0.11068172752857208,0.4645669162273407
n1085,n1063,212.0,0.3330078125,60,3,0.626403272151947,95.78494025721783,-0.0002613067626953125,-0.20273862779140472,0.4645669162273407
n1082,n1064,212.0,0.5,84,1,0.626403272151947,95.78494025721783,-0.0023441314697265625,-0.34331098198890686,0.4566929042339325
n1083,n1065,212.0,0.5,89,1,0.626403272151947,95.78494025721783,-0.0065097808837890625,-0.2208269238471985,0.4645669162273407
n1084,n1062,212.0,0.5,96,1,0.626403272151947,95.78494025721783,0.009115219116210938,-0.1605919599533081,0.4960629940032959
n1086,n1066,212.3330078125,0.333984375,62,3,0.6284493803977966,95.4730832291077,0.0,-0.12323012948036194,0.4645669162273407
n1087,n1068,212.5,0.5,83,1,0.6253426671028137,95.94739517451684,-0.003383636474609375,-0.20724156498908997,0.4330708682537079
n1088,n1069,212.5,0.5,86,1,0.6253426671028137,95.94739517451684,-0.003383636474609375,-0.2580658495426178,0.4566929042339325
n1089,n1070,212.5,0.5,89,1,0.6253426671028137,95.94739517451684,-0.006511688232421875,-0.15279382467269897,0.4330708682537079
n1090,n1067,212.5,0.5,95,1,0.6253426671028137,95.94739517451684,0.013278961181640625,-0.11066839098930359,0.5039370059967041
n1091,n1071,212.6669921875,0.3330078125,65,3,0.6281112432479858,95.52448016968752,0.0,-0.4016830623149872,0.4566929042339325
n1096,n1075,213.0,0.3330078125,67,3,0.6324963569641113,94.86220646074722,-0.0012527465587481856,-0.24179507791996002,0.4488188922405243
n1092,n1073,213.0,1.0,81,1,0.6324963569641113,94.86220646074722,-0.0002075195370707661,-0.04389580339193344,0.4330708682537079
n1093,n1076,213.0,1.0,86,1,0.6324963569641113,94.86220646074722,-0.0012527465587481856,-0.11673665046691895,0.4409448802471161
n1094,n1074,213.0,1.0,89,1,0.6324963569641113,94.86220646074722,-0.0002075195370707661,-0.4099692404270172,0.4488188922405243
n1095,n1072,213.0,1.0,93,1,0.6324963569641113,94.86220646074722,0.0029205321334302425,-0.1961711198091507,0.4881889820098877
n1097,n1077,213.3330078125,0.333984375,69,3,0.6424981951713562,93.385476334292,0.0,-0.32895535230636597,0.4566929042339325
n1098,n1078,213.6669921875,0.3330078125,65,3,0.6575101017951965,91.25335084005904,0.0,-0.30621254444122314,0.4645669162273407
n1103,n1082,214.0,0.3330078125,64,3,0.6593887209892273,90.99336717495999,-0.00395965576171875,-0.11980684846639633,0.4409448802471161
n1099,n1080,214.0,0.5,79,1,0.6593887209892273,90.99336717495999,-0.0018768310546875,-0.38127920031547546,0.4566929042339325
n1100,n1081,214.0,0.5,84,1,0.6593887209892273,90.99336717495999,-0.0029144287109375,-0.10152066498994827,0.4488188922405243
n1101,n1083,214.0,0.5,88,1,0.6593887209892273,90.99336717495999,-0.00395965576171875,-0.34608981013298035,0.4488188922405243
n1102,n1079,214.0,0.5,91,1,0.6593887209892273,90.99336717495999,0.0127105712890625,-0.020689599215984344,0.4960629940032959
n1104,n1084,214.3330078125,0.333984375,62,3,0.6549707651138306,91.60714217461646,0.0,-0.33920609951019287,0.4566929042339325
n1105,n1087,214.5,0.5,77,1,0.6549707651138306,91.60714217461646,-0.0124969482421875,-0.29076847434043884,0.4409448802471161
n1106,n1086,214.5,0.5,84,1,0.6549707651138306,91.60714217461646,-0.0020904541015625,-0.4198760390281677,0.4251968562602997
n1107,n1085,214.5,0.5,89,1,0.6549707651138306,91.60714217461646,0.01458740234375,-0.2036357969045639,0.4724409580230713
n1108,n1088,214.6669921875,0.3330078125,60,3,0.6459516882896423,92.88620354699998,0.0,-0.20620094239711761,0.4409448802471161
n1112,n1091,215.0,0.3330078125,57,3,0.6334196329116821,94.7239347858449,-0.002605438232421875,-0.20232035219669342,0.4251968562602997
n1109,n1092,215.0,0.5,74,1,0.6334196329116821,94.7239347858449,-0.003643035888671875,-0.28812211751937866,0.4173228442668915
n1110,n1090,215.0,0.5,79,1,0.6334196329116821,94.7239347858449,-0.001567840576171875,-0.4089203178882599,0.4251968562602997
n1111,n1089,215.0,0.5,86,1,0.6334196329116821,94.7239347858449,0.007816314697265625,-0.39637506008148193,0.4488188922405243
n1113,n1093,215.3330078125,0.333984375,55,3,0.6300255656242371,95.23423059912064,0.0,-0.28318601846694946,0.4251968562602997
n1114,n1096,215.5,0.5,72,1,0.6238121390342712,96.18280287537607,-0.008331298828125,-0.1227862611413002,0.4094488322734833
n1115,n1095,215.5,0.5,77,1,0.6238121390342712,96.18280287537607,-0.0031280517578125,-0.3012615442276001,0.4094488322734833
n1116,n1094,215.5,0.5,84,1,0.6238121390342712,96.18280287537607,0.0114593505859375,-0.026401745155453682,0.4409448802471161
n1117,n1097,215.6669921875,0.3330078125,53,3,0.6249725222587585,96.0042207666181,0.0,-0.19117200374603271,0.4173228442668915
n1122,n1101,216.0,0.3330078125,55,3,0.6199871897697449,96.77619310534983,-0.0022979737259447575,-0.18788525462150574,0.4173228442668915
n1118,n1099,216.0,0.5,69,1,0.6199871897697449,96.77619310534983,-0.0002075195370707661,-0.22851625084877014,0.4173228442668915
n1119,n1102,216.0,0.5,72,1,0.6199871897697449,96.77619310534983,-0.0075012207962572575,-0.17280671000480652,0.4015747904777527
n1120,n1100,216.0,0.5,76,1,0.6199871897697449,96.77619310534983,-0.0012451171642169356,-0.0982598289847374,0.3937007784843445
n1121,n1098,216.0,0.5,81,1,0.6199871897697449,96.77619310534983,0.01125183142721653,-0.0573294572532177,0.4566929042339325
n1123,n1103,216.3330078125,0.333984375,53,3,0.6300027370452881,95.2376814764328,0.0,-0.1503784954547882,0.4251968562602997
n1124,n1105,216.5,0.5,67,1,0.6237435936927795,96.19337273635001,-3.814697265625e-06,-0.1017942726612091,0.3937007784843445
n1125,n1106,216.5,0.5,71,1,0.6237435936927795,96.19337273635001,-0.005207061767578125,-0.1869966685771942,0.4094488322734833
n1126,n1107,216.5,0.5,74,1,0.6237435936927795,96.19337273635001,-0.006244659423828125,-0.12262775748968124,0.4015747904777527
n1127,n1104,216.5,0.5,77,1,0.6237435936927795,96.19337273635001,0.011455535888671875,-0.3190250098705292,0.4566929042339325
n1128,n1108,216.6669921875,0.3330078125,43,3,0.6243768334388733,96.09581391663536,0.0,-0.35560527443885803,0.4173228442668915
n1133,n1110,217.0,0.3330078125,36,3,0.6206286549568176,96.67616781918441,-0.0004211425839457661,-0.3939160406589508,0.4173228442668915
n1129,n1113,217.0,1.5,64,1,0.6206286549568176,96.67616781918441,-0.0045867920853197575,-0.1294630467891693,0.4094488322734833
n1130,n1111,217.0,1.5,67,1,0.6206286549568176,96.67616781918441,-0.0024963379837572575,-0.1688442826271057,0.4015747904777527
n1131,n1112,217.0,1.5,72,1,0.6206286549568176,96.67616781918441,-0.0024963379837572575,-0.25676092505455017,0.4173228442668915
n1132,n1109,217.0,1.5,76,1,0.6206286549568176,96.67616781918441,0.01000061072409153,-0.3690270483493805,0.4566929042339325
n1134,n1114,217.3330078125,0.333984375,43,3,0.6175073385238647,97.16483717169814,0.0,-0.1616656631231308,0.4251968562602997
n1135,n1115,217.6669921875,0.3330078125,48,3,0.6068548560142517,98.87042907437973,0.0,-0.2162376195192337,0.4173228442668915
n1136,n1116,218.0,0.3330078125,60,3,0.5943456888198853,100.95135058375568,0.0,-0.11868153512477875,0.4173228442668915
n1137,n1117,218.3330078125,0.333984375,62,3,0.5801352262496948,103.42416265233913,0.0,-0.16416484117507935,0.4251968562602997
n1138,n1118,218.5,0.5,84,1,0.5987755656242371,100.2044897029969,0.0,-0.24216532707214355,0.4488188922405243
n1139,n1119,218.6669921875,0.3330078125,64,3,0.5995387434959412,100.07693522880093,0.0,-0.082597516477108,0.4488188922405243
n1141,n1122,219.0,1.0,56,3,0.5736287236213684,104.59727264216258,-0.010767619125545025,-0.10507974028587341,0.3858267664909363
n1142,n1121,219.0,1.0,65,3,0.5736287236213684,104.59727264216258,-0.00034586587571538985,-0.15671254694461823,0.4094488322734833
n1140,n1120,219.0,0.5,72,1,0.5736287236213684,104.59727264216258,0.011113484390079975,-0.2408936321735382,0.4803149700164795
n1143,n1123,219.5,0.5,74,1,0.5838470458984375,102.76664140292188,0.0,-0.3756655156612396,0.4488188922405243
n1147,n1125,220.0,0.3330078125,36,3,0.5904279947280884,101.621197734081,-0.00078582763671875,-0.13408680260181427,0.4566929042339325
n1144,n1126,220.0,1.3330078125,64,1,0.5904279947280884,101.621197734081,-0.00598907470703125,-0.08567535877227783,0.4645669162273407
n1145,n1127,220.0,1.0,67,1,0.5904279947280884,101.621197734081,-0.00702667236328125,-0.18382756412029266,0.4566929042339325
n1146,n1124,220.0,1.3330078125,76,1,0.5904279947280884,101.621197734081,0.01380157470703125,-0.051633842289447784,0.5039370059967041
n1148,n1128,220.3330078125,0.333984375,43,3,0.5863487124443054,102.32818581604565,0.0,-0.1795344352722168,0.4803149700164795
n1149,n1129,220.6669921875,0.3330078125,48,3,0.5755590200424194,104.24647674808037,0.0,-0.2106712907552719,0.4803149700164795
n1152,n1130,221.0,0.5,60,3,0.5661656856536865,105.976044681558,0.0,-0.17329740524291992,0.4803149700164795
n1153,n1131,221.3330078125,0.333984375,79,1,0.5614035129547119,106.8749992037192,0.0,-0.11681367456912994,0.4881889820098877
n1154,n1132,221.5,0.5,64,3,0.5614035129547119,106.8749992037192,0.0,-0.05719231441617012,0.4960629940032959
n1155,n1133,221.6669921875,0.3330078125,81,1,0.563049852848053,106.56250009924406,0.0,-0.24392560124397278,0.5039370059967041
n1157,n1134,222.0,1.0,56,3,0.54791259765625,109.50651665367049,0.0,-0.3559136986732483,0.4566929042339325
n1158,n1135,222.0,1.0,65,3,0.54791259765625,109.50651665367049,0.0,-0.07312404364347458,0.4724409580230713
n1156,n1136,222.0,0.5,72,1,0.54791259765625,109.50651665367049,0.0,-0.39505210518836975,0.5196850299835205
n1159,n1137,222.5,0.5,74,1,0.55938720703125,107.26022913256956,0.0,-0.1439971923828125,0.5039370059967041
n1161,n1139,223.0,0.3330078125,36,3,0.5646077990531921,106.26845768091728,-0.0099029541015625,-0.09496001154184341,0.4803149700164795
n1160,n1138,223.0,1.5,75,1,0.5646077990531921,106.26845768091728,0.0099029541015625,-0.13969695568084717,0.5511810779571533
n1162,n1140,223.3330078125,0.333984375,43,3,0.5614035129547119,106.8749992037192,0.0,-0.07400062680244446,0.5196850299835205
n1163,n1141,223.6669921875,0.3330078125,48,3,0.5536565184593201,108.37043907107635,0.0,-0.06670226901769638,0.5118110179901123
n1164,n1142,224.0,0.3330078125,60,3,0.5443090200424194,110.23150047251475,0.0,-0.08546435087919235,0.5039370059967041
n1165,n1143,224.3330078125,0.333984375,62,3,0.542671799659729,110.56406475814985,0.0,-0.25307032465934753,0.5039370059967041
n1166,n1144,224.5,0.5,79,1,0.5488852262496948,109.31247031361205,0.0,-0.18348607420921326,0.5118110179901123
n1167,n1145,224.6669921875,0.3330078125,63,3,0.547424852848053,109.60408481244825,0.0,-0.3323103189468384,0.5118110179901123
n1169,n1147,225.0,0.3330078125,56,3,0.5411473512649536,110.87553114645686,-0.00103759765625,-0.37932947278022766,0.4724409580230713
n1170,n1148,225.0,0.3330078125,65,3,0.5411473512649536,110.87553114645686,-0.0020904541015625,-0.2349395602941513,0.4724409580230713
n1168,n1146,225.0,0.5,72,1,0.5411473512649536,110.87553114645686,0.0031280517578125,-0.18178024888038635,0.5196850299835205
n1171,n1149,225.3330078125,0.333984375,53,3,0.5551900863647461,108.07109397947983,0.0,-0.40970754623413086,0.4881889820098877
n1172,n1150,225.5,0.5,74,1,0.5614035129547119,106.8749992037192,0.0,-0.22225157916545868,0.4960629940032959
n1173,n1151,225.6669921875,0.3330078125,44,3,0.5646077990531921,106.26845768091728,0.0,-0.24791191518306732,0.4960629940032959
n1175,n1153,226.0,0.3330078125,36,3,0.5771169066429138,103.96507069775464,-0.00677490234375,-0.06802244484424591,0.4409448802471161
n1174,n1152,226.0,1.5,75,1,0.5771169066429138,103.96507069775464,0.00677490234375,-0.3904496431350708,0.5433070659637451
n1176,n1154,226.3330078125,0.333984375,43,3,0.5801352262496948,103.42416265233913,0.0,-0.19935423135757446,0.4881889820098877
n1177,n1155,226.6669921875,0.3330078125,48,3,0.5755590200424194,104.24647674808037,0.0,-0.24742993712425232,0.4724409580230713
n1178,n1156,227.0,0.3330078125,60,3,0.5755590200424194,104.24647674808037,0.0,-0.3436451554298401,0.4566929042339325
n1179,n1157,227.3330078125,0.333984375,62,3,0.5801352262496948,103.42416265233913,0.0,-0.19935423135757446,0.4409448802471161
n1180,n1158,227.5,0.5,79,1,0.5863487124443054,102.32818581604565,0.0,-0.08687285333871841,0.4488188922405243
n1181,n1159,227.6669921875,0.3330078125,63,3,0.5912145376205444,101.48600242727696,0.0,-0.24938923120498657,0.4488188922405243
n1183,n1162,228.0,0.3330078125,56,3,0.5943151116371155,100.95654447473576,-0.009373982436954975,-0.40994712710380554,0.4015747904777527
n1184,n1161,228.0,0.3330078125,65,3,0.5943151116371155,100.95654447473576,-0.0052083334885537624,-0.11860737949609756,0.4173228442668915
n1182,n1160,228.0,0.6669921875,77,1,0.5943151116371155,100.95654447473576,0.014582316391170025,-0.10840802639722824,0.4881889820098877
n1185,n1163,228.3330078125,0.333984375,53,3,0.6066109538078308,98.91018225662883,0.0,-0.2548583447933197,0.4330708682537079
n1187,n1165,228.6669921875,0.3330078125,44,3,0.59068763256073,101.57652995017,-0.00156402587890625,-0.02182704396545887,0.3700787425041199
n1186,n1164,228.6669921875,0.3330078125,64,1,0.59068763256073,101.57652995017,0.00156402587890625,-0.09338023513555527,0.4173228442668915
n1190,n1167,229.0,0.3330078125,45,3,0.6214412450790405,96.54975506553103,-0.0006917317514307797,-0.24189098179340363,0.4015747904777527
n1188,n1168,229.0,1.0,64,1,0.6214412450790405,96.54975506553103,-0.0006917317514307797,-0.14109571278095245,0.3937007784843445
n1189,n1166,229.0,1.0,76,1,0.6214412450790405,96.54975506553103,0.0013834635028615594,-0.05065539479255676,0.4724409580230713
n1191,n1169,229.3330078125,0.333984375,52,3,0.6237664222717285,96.18985225508415,0.0,-0.11243954300880432,0.4094488322734833
n1192,n1170,229.6669921875,0.3330078125,57,3,0.6152095794677734,97.52774014329695,0.0,-0.33426618576049805,0.4015747904777527
n1195,n1173,230.0,0.3330078125,64,3,0.6204026341438293,96.71138821452854,-0.012842814438045025,-0.10823327302932739,0.4015747904777527
n1193,n1172,230.0,0.5,69,1,0.6204026341438293,96.71138821452854,-0.0024363200645893812,-0.25816529989242554,0.3700787425041199
n1194,n1171,230.0,0.5,81,1,0.6204026341438293,96.71138821452854,0.015279133804142475,-0.19026130437850952,0.4409448802471161
n1196,n1174,230.3330078125,0.333984375,57,3,0.6144005656242371,97.6561600965315,0.0,-0.15438903868198395,0.4015747904777527
n1197,n1176,230.5,0.5,67,1,0.6144005656242371,97.6561600965315,-0.000518798828125,-0.029216427356004715,0.35433071851730347
n1198,n1175,230.5,0.5,79,1,0.6144005656242371,97.6561600965315,0.000518798828125,-0.029216427356004715,0.4330708682537079
n1199,n1177,230.6669921875,0.666015625,52,3,0.609993577003479,98.36169143738017,0.0,-0.10355871915817261,0.3937007784843445
n1200,n1179,231.0,1.0,69,1,0.6224569082260132,96.39221479764522,-0.00624847412109375,-0.14612092077732086,0.34645670652389526
n1201,n1178,231.0,1.0,81,1,0.6224569082260132,96.39221479764522,0.00624847412109375,-0.4059528410434723,0.4566929042339325
n1203,n1180,231.3330078125,0.333984375,52,3,0.6269188523292542,95.70616639948857,0.0,-0.403166264295578,0.4015747904777527
n1204,n1181,231.6669921875,0.3330078125,45,3,0.6381353735923767,94.02393674281149,0.0,-0.1646583378314972,0.4094488322734833
n1207,n1183,232.0,0.3330078125,52,3,0.6381201148033142,94.02618505215686,-0.0010426839580759406,-0.31486642360687256,0.3858267664909363
n1205,n1184,232.0,0.5,67,1,0.6381201148033142,94.02618505215686,-0.012502034194767475,-0.20350804924964905,0.4015747904777527
n1206,n1182,232.0,0.5,79,1,0.6381201148033142,94.02618505215686,0.013544718734920025,-0.07888136804103851,0.4409448802471161
n1208,n1185,232.3330078125,0.333984375,57,3,0.6299799084663391,95.24113260384382,0.0,-0.058207958936691284,0.4094488322734833
n1209,n1187,232.5,0.5,67,1,0.6362847089767456,94.29740987566751,-0.01041412353515625,-0.3298224210739136,0.3937007784843445
n1210,n1186,232.5,0.5,81,1,0.6362847089767456,94.29740987566751,0.01041412353515625,-0.3477443754673004,0.4409448802471161
n1211,n1188,232.6669921875,0.666015625,64,3,0.6271765232086182,95.66684622224317,0.0,-0.22539716958999634,0.4173228442668915
n1212,n1190,233.0,1.0,67,1,0.6083898544311523,98.62097397416383,-0.01406097412109375,-0.25922125577926636,0.34645670652389526
n1213,n1189,233.0,1.0,76,1,0.6083898544311523,98.62097397416383,0.01406097412109375,-0.11314298212528229,0.4566929042339325
n1215,n1191,233.3330078125,0.333984375,57,3,0.6050804257392883,99.16037182444283,0.0,-0.19906248152256012,0.4015747904777527
n1216,n1192,233.6669921875,0.666015625,52,3,0.6005773544311523,99.90386676638862,0.0,-0.40006518363952637,0.4094488322734833
n1218,n1193,234.3330078125,0.333984375,52,3,0.5551900863647461,108.07109397947983,0.0,-0.2469780594110489,0.35433071851730347
n1219,n1194,234.6669921875,0.3330078125,45,3,0.5497502684593201,109.14046512091849,0.0,-0.24791346490383148,0.34645670652389526
n1223,n1196,235.0,0.3330078125,43,3,0.6169927716255188,97.24587184696671,-0.001300811767578125,-0.15623842179775238,0.4488188922405243
n1220,n1198,235.0,1.0,64,1,0.6169927716255188,97.24587184696671,-0.003391265869140625,-0.38049328327178955,0.4409448802471161
n1221,n1197,235.0,1.0,67,1,0.6169927716255188,97.24587184696671,-0.001300811767578125,-0.10692820698022842,0.4251968562602997
n1222,n1195,235.0,1.0,76,1,0.6169927716255188,97.24587184696671,0.005992889404296875,-0.10169163346290588,0.4881889820098877
n1224,n1199,235.3330078125,0.333984375,48,3,0.6113395690917969,98.1451275747384,0.0,-0.1969364434480667,0.4488188922405243
n1225,n1200,235.6669921875,0.3330078125,55,3,0.6013448238372803,99.77636394561465,0.0,-0.05540156736969948,0.4566929042339325
n1229,n1202,236.0,0.3330078125,60,3,0.5998098254203796,100.03170581266939,-0.000782012939453125,-0.059533700346946716,0.4645669162273407
n1226,n1204,236.0,0.5,69,1,0.5998098254203796,100.03170581266939,-0.002872467041015625,-0.10877182334661484,0.4566929042339325
n1227,n1203,236.0,0.5,72,1,0.5998098254203796,100.03170581266939,-0.001819610595703125,-0.280724436044693,0.4488188922405243
n1228,n1201,236.0,0.5,81,1,0.5998098254203796,100.03170581266939,0.005474090576171875,-0.39468058943748474,0.5039370059967041
n1230,n1205,236.3330078125,0.333984375,55,3,0.594694197177887,100.89219011170643,0.0,-0.30817651748657227,0.4724409580230713
n1231,n1207,236.5,0.5,67,1,0.5842165946960449,102.70163590819718,-0.0017344156512990594,-0.21857647597789764,0.4330708682537079
n1232,n1208,236.5,0.5,71,1,0.5842165946960449,102.70163590819718,-0.0017344156512990594,-0.3305659890174866,0.4566929042339325
n1233,n1206,236.5,0.5,79,1,0.5842165946960449,102.70163590819718,0.0034688313025981188,-0.29857590794563293,0.5196850299835205
n1234,n1209,236.6669921875,0.666015625,48,3,0.5870448350906372,102.20684420251523,0.0,-0.1174328625202179,0.4724409580230713
n1235,n1211,237.0,1.0,69,1,0.5891373157501221,101.8438289273948,-0.0024312336463481188,-0.3170180320739746,0.4803149700164795
n1236,n1212,237.0,1.0,72,1,0.5891373157501221,101.8438289273948,-0.0055592856369912624,-0.08828404545783997,0.4488188922405243
n1237,n1210,237.0,1.0,81,1,0.5891373157501221,101.8438289273948,0.007990519516170025,-0.15488189458847046,0.5354330539703369
n1239,n1213,237.3330078125,0.333984375,48,3,0.5957145690917969,100.7193765488624,0.0,-0.1511715054512024,0.5039370059967041
n1240,n1214,237.6669921875,0.3330078125,43,3,0.6013448238372803,99.77636394561465,0.0,-0.25586608052253723,0.5118110179901123
n1244,n1217,238.0,0.3330078125,52,3,0.5966939926147461,100.55405407565222,-0.001819610595703125,-0.19187743961811066,0.5039370059967041
n1241,n1218,238.0,0.5,67,1,0.5966939926147461,100.55405407565222,-0.001819610595703125,-0.22531579434871674,0.5118110179901123
n1242,n1216,238.0,0.5,72,1,0.5966939926147461,100.55405407565222,-0.000782012939453125,-0.31020477414131165,0.5118110179901123
n1243,n1215,238.0,0.5,79,1,0.5966939926147461,100.55405407565222,0.004421234130859375,-0.048211582005023956,0.5354330539703369
n1245,n1219,238.3330078125,0.333984375,55,3,0.5926077961921692,101.2474023891231,0.0,-0.15204021334648132,0.5196850299835205
n1246,n1221,238.5,0.5,67,1,0.5863029956817627,102.33616481906428,-0.00208282470703125,-0.012487591244280338,0.4645669162273407
n1247,n1220,238.5,0.5,81,1,0.5863029956817627,102.33616481906428,0.00208282470703125,-0.15932907164096832,0.5826771855354309
n1248,n1222,238.6669921875,0.666015625,64,3,0.5859909653663635,102.39065710251658,0.0,-0.08594448864459991,0.5196850299835205
n1249,n1225,239.0,1.0,67,1,0.5651270747184753,106.17081128149754,-0.0038197834510356188,-0.16467459499835968,0.4724409580230713
n1250,n1224,239.0,1.0,72,1,0.5651270747184753,106.17081128149754,-0.0006917317514307797,-0.04736420512199402,0.4803149700164795
n1251,n1223,239.0,1.0,76,1,0.5651270747184753,106.17081128149754,0.0045115151442587376,-0.12064182013273239,0.5511810779571533
n1253,n1226,239.3330078125,0.333984375,55,3,0.5551900863647461,108.07109397947983,0.0,-0.3058716952800751,0.5039370059967041
n1254,n1227,239.6669921875,0.666015625,52,3,0.5552144646644592,108.06634880498055,0.0,-0.19551116228103638,0.5039370059967041
n1256,n1228,240.3330078125,0.333984375,52,3,0.5115131735801697,117.2990317728272,0.0,-0.08146200329065323,0.4330708682537079
n1257,n1229,240.6669921875,0.3330078125,43,3,0.5025659799575806,119.38730911524164,0.0,-0.14799430966377258,0.4094488322734833
n1260,n1231,241.0,0.3330078125,41,3,0.5672195553779602,105.77914571372578,-0.00555419921875,-0.22637338936328888,0.4803149700164795
n1258,n1232,241.0,1.0,64,1,0.5672195553779602,105.77914571372578,-0.00555419921875,-0.10302791744470596,0.5196850299835205
n1259,n1230,241.0,1.0,76,1,0.5672195553779602,105.77914571372578,0.0111083984375,-0.2031734734773636,0.5826771855354309
n1261,n1233,241.3330078125,0.333984375,48,3,0.5614035129547119,106.8749992037192,0.0,-0.11681367456912994,0.5196850299835205
n1262,n1234,241.6669921875,0.3330078125,53,3,0.5536870956420898,108.36445435019627,0.0,-0.09262184798717499,0.5118110179901123
n1265,n1237,242.0,0.3330078125,60,3,0.5567876100540161,107.76101859410839,-0.0052083334885537624,-0.1719367951154709,0.5039370059967041
n1263,n1236,242.0,0.5,69,1,0.5567876100540161,107.76101859410839,-0.0020802814979106188,-0.25473475456237793,0.5039370059967041
n1264,n1235,242.0,0.5,81,1,0.5567876100540161,107.76101859410839,0.0072886147536337376,-0.37558913230895996,0.5590550899505615
n1266,n1238,242.3330078125,0.333984375,53,3,0.5614035129547119,106.8749992037192,0.0,-0.1972324103116989,0.5196850299835205
n1267,n1240,242.5,0.5,67,1,0.5551900863647461,108.07109397947983,-0.007293701171875,-0.0190252885222435,0.4803149700164795
n1268,n1239,242.5,0.5,79,1,0.5551900863647461,108.07109397947983,0.007293701171875,-0.13908101618289948,0.5354330539703369
n1269,n1241,242.6669921875,0.3330078125,48,3,0.555237352848053,108.06189405708028,0.0,-0.29178592562675476,0.5039370059967041
n1270,n1243,243.0,2.0,74,1,0.5520756840705872,108.68075108399184,-0.00989532470703125,-0.16718551516532898,0.4645669162273407
n1271,n1242,243.0,2.0,77,1,0.5520756840705872,108.68075108399184,0.00989532470703125,-0.32872942090034485,0.5196850299835205
n1272,n1244,243.3330078125,0.333984375,48,3,0.5645102262496948,106.28682565878042,0.0,-0.2709960639476776,0.4881889820098877
n1273,n1245,243.6669921875,0.3330078125,41,3,0.5724431872367859,104.81389478949559,0.0,-0.2303207665681839,0.4881889820098877
n1276,n1246,244.0,0.3330078125,45,3,0.5818365216255188,103.12174944325196,0.0,-0.21727612614631653,0.4881889820098877
n1277,n1247,244.3330078125,0.333984375,52,3,0.5863487124443054,102.32818581604565,0.0,-0.404826819896698,0.4803149700164795
n1278,n1248,244.6669921875,0.3330078125,62,3,0.581805944442749,103.1271690726153,0.0,-0.33945614099502563,0.4645669162273407
n1281,n1250,245.0,0.3330078125,64,3,0.5787054300308228,103.67969071381326,-0.0010477701434865594,-0.20050261914730072,0.4330708682537079
n1279,n1251,245.0,1.0,68,1,0.5787054300308228,103.67969071381326,-0.0031229655724018812,-0.12626971304416656,0.4330708682537079
n1280,n1249,245.0,1.0,76,1,0.5787054300308228,103.67969071381326,0.0041707358323037624,-0.051702409982681274,0.4803149700164795
n1282,n1252,245.3330078125,0.333984375,56,3,0.5769827961921692,103.98923572067211,0.0,-0.35143423080444336,0.4409448802471161
n1283,n1253,245.6669921875,0.666015625,47,3,0.5849752426147461,102.56844329310341,0.0,-0.18941402435302734,0.4330708682537079
n1284,n1255,246.0,0.3330078125,65,1,0.5890839099884033,101.85306198769061,-0.00208282470703125,-0.27166134119033813,0.4015747904777527
n1285,n1254,246.0,0.3330078125,74,1,0.5890839099884033,101.85306198769061,0.00208282470703125,-0.09763186424970627,0.4409448802471161
n1289,n1258,246.3330078125,0.333984375,52,3,0.5977857112884521,100.37041512865459,-0.007985432632267475,-0.07464876770973206,0.3937007784843445
n1287,n1257,246.3330078125,0.333984375,64,1,0.5977857112884521,100.37041512865459,-0.0006917317514307797,-0.33451589941978455,0.4094488322734833
n1288,n1256,246.3330078125,0.333984375,72,1,0.5977857112884521,100.37041512865459,0.008677165023982525,-0.22489137947559357,0.4488188922405243
n1292,n1261,246.6669921875,0.3330078125,44,3,0.6078934669494629,98.70150488882962,-0.007293701171875,-0.3262845575809479,0.3937007784843445
n1290,n1260,246.6669921875,0.3330078125,62,1,0.6078934669494629,98.70150488882962,-0.0041656494140625,-0.2536807358264923,0.4094488322734833
n1291,n1259,246.6669921875,0.3330078125,71,1,0.6078934669494629,98.70150488882962,0.0114593505859375,-0.3170067369937897,0.4409448802471161
n1295,n1264,247.0,0.3330078125,45,3,0.618325412273407,97.03628349900264,-0.0006917317514307797,-0.40778815746307373,0.4094488322734833
n1293,n1262,247.0,1.0,64,1,0.618325412273407,97.03628349900264,0.00034586587571538985,-0.12586592137813568,0.4015747904777527
n1294,n1263,247.0,1.0,72,1,0.618325412273407,97.03628349900264,0.00034586587571538985,-0.4124288260936737,0.4488188922405243
n1296,n1265,247.3330078125,0.333984375,52,3,0.6175529956817627,97.15765354479664,0.0,-0.06713549792766571,0.4094488322734833
n1297,n1266,247.6669921875,0.3330078125,57,3,0.6110092997550964,98.1981780376323,0.0,-0.14217916131019592,0.4015747904777527
n1298,n1269,248.0,0.5,62,1,0.6026545763015747,99.55951943186666,-0.0027821857947856188,-0.26340439915657043,0.3779527544975281
n1300,n1268,248.0,0.3330078125,64,3,0.6026545763015747,99.55951943186666,-0.0017293294658884406,-0.180530846118927,0.3779527544975281
n1299,n1267,248.0,0.5,71,1,0.6026545763015747,99.55951943186666,0.0045115151442587376,-0.15948554873466492,0.4330708682537079
n1301,n1270,248.3330078125,0.333984375,57,3,0.5957145690917969,100.7193765488624,0.0,-0.28281551599502563,0.3937007784843445
n1302,n1272,248.5,0.5,64,1,0.5957145690917969,100.7193765488624,-0.00260162353515625,-0.05629583075642586,0.36220473051071167
n1303,n1271,248.5,0.5,72,1,0.5957145690917969,100.7193765488624,0.00260162353515625,-0.10430123656988144,0.4251968562602997
n1304,n1273,248.6669921875,0.666015625,52,3,0.5974615216255188,100.4248772988049,0.0,-0.14280791580677032,0.3937007784843445
n1305,n1275,249.0,1.5,60,1,0.5880681872367859,102.02898456712636,-0.0114593505859375,-0.11857812106609344,0.33070865273475647
n1306,n1274,249.0,1.5,69,1,0.5880681872367859,102.02898456712636,0.0114593505859375,-0.07485678791999817,0.4488188922405243
n1308,n1276,249.3330078125,0.333984375,52,3,0.5957145690917969,100.7193765488624,0.0,-0.27365538477897644,0.4015747904777527
n1309,n1277,249.6669921875,0.3330078125,45,3,0.5943456888198853,100.95135058375568,0.0,-0.0700468048453331,0.4094488322734833
n1312,n1278,250.0,0.3330078125,45,3,0.594299852848053,100.95913655785549,0.0,-0.2843793034553528,0.4173228442668915
n1313,n1279,250.3330078125,0.333984375,52,3,0.5801352262496948,103.42416265233913,0.0,-0.12135179340839386,0.4173228442668915
n1314,n1280,250.5,1.0,62,1,0.5614035129547119,106.8749992037192,0.0,-0.29592347145080566,0.4015747904777527
n1315,n1281,250.6669921875,0.3330078125,57,3,0.5536565184593201,108.37043907107635,0.0,-0.1100296601653099,0.4015747904777527
n1316,n1282,251.0,0.3330078125,59,3,0.5380315184593201,111.51763036450537,0.0,-0.19746243953704834,0.4015747904777527
n1317,n1283,251.3330078125,0.333984375,56,3,0.5240314602851868,114.49694254491321,0.0,-0.18301498889923096,0.4094488322734833
n1318,n1284,251.5,0.5,64,1,0.5177266001701355,115.89128312179204,0.0,-0.34982264041900635,0.4173228442668915
n1319,n1285,251.6669921875,0.666015625,47,3,0.5192448496818542,115.55242201586114,0.0,-0.057592883706092834,0.4251968562602997
n1320,n1286,252.0,2.0,65,1,0.5130131840705872,116.95605856348597,0.0,-0.28396251797676086,0.4409448802471161
n1322,n1287,252.3330078125,0.333984375,52,3,0.5115131735801697,117.2990317728272,0.0,-0.09079986065626144,0.4566929042339325
n1323,n1288,252.6669921875,0.3330078125,44,3,0.5098515152931213,117.68132132647501,0.0,-0.30427348613739014,0.4645669162273407
n1325,n1289,253.0,0.3330078125,45,3,0.5036198496818542,119.13748045853055,0.0,-0.03630493953824043,0.4803149700164795
n1326,n1290,253.3330078125,0.333984375,50,3,0.4958881437778473,120.99502832009506,0.0,-0.27940675616264343,0.4881889820098877
n1327,n1291,253.6669921875,0.666015625,57,3,0.48171737790107727,124.55436061167231,0.0,-0.2555500864982605,0.4881889820098877
n1328,n1292,254.0,0.5,64,1,0.4692082107067108,127.87500011909287,0.0,-0.17856617271900177,0.4803149700164795
n1330,n1293,254.3330078125,0.333984375,53,3,0.45540934801101685,131.74960123688223,0.0,-0.09194688498973846,0.4803149700164795
n1331,n1294,254.5,1.0,62,1,0.45531797409057617,131.77604095212862,0.0,-0.14248034358024597,0.4803149700164795
n1332,n1295,254.6669921875,0.3330078125,48,3,0.4535832107067108,132.28002841312463,0.0,-0.15758980810642242,0.4803149700164795
n1333,n1296,255.0,0.3330078125,50,3,0.4535832107067108,132.28002841312463,0.0,-0.22576139867305756,0.4881889820098877
n1334,n1297,255.3330078125,0.333984375,53,3,0.4615314304828644,130.0019804441632,0.0,-0.17582087218761444,0.4960629940032959
n1335,n1298,255.5,1.0,60,1,0.45540934801101685,131.74960123688223,0.0,-0.24464941024780273,0.4881889820098877
n1336,n1299,255.6669921875,0.3330078125,45,3,0.46609237790107727,128.7298459378246,0.0,-0.38631635904312134,0.4960629940032959
n1338,n1300,256.0,0.3330078125,33,3,0.47232404351234436,127.03143281426426,0.0,-0.09881612658500671,0.4960629940032959
n1339,n1301,256.3330078125,0.333984375,45,3,0.47404971718788147,126.56900283777625,0.0,-0.009448629803955555,0.4881889820098877
n1340,n1302,256.5,1.5,58,1,0.47404971718788147,126.56900283777625,0.0,-0.03992392122745514,0.4803149700164795
n1341,n1303,256.6669921875,0.3330078125,50,3,0.4754857122898102,126.18675692915414,0.0,-0.329129159450531,0.4724409580230713
n1343,n1304,257.0,0.3330078125,53,3,0.48171737790107727,124.55436061167231,0.0,-0.38413432240486145,0.4566929042339325
n1344,n1305,257.3330078125,0.333984375,50,3,0.4958881437778473,120.99502832009506,0.0,-0.2253669649362564,0.4488188922405243
n1345,n1306,257.6669921875,0.666015625,46,3,0.5130131840705872,116.95605856348597,0.0,-0.08146200329065323,0.4409448802471161
n1346,n1307,258.0,0.5,62,1,0.5443090200424194,110.23150047251475,0.0,-0.08102115988731384,0.4409448802471161
n1348,n1308,258.3330078125,0.333984375,53,3,0.5738304257392883,104.56050656899141,0.0,-0.15711721777915955,0.4251968562602997
n1349,n1309,258.5,1.5,60,1,0.5925621390342712,101.25520354335337,0.0,-0.15192891657352448,0.4173228442668915
n1350,n1310,258.6669921875,0.3330078125,45,3,0.6068548560142517,98.87042907437973,0.0,-0.2249024659395218,0.4094488322734833
n1352,n1311,259.0,0.3330078125,33,3,0.6412665247917175,93.56484032826744,0.0,-0.21190889179706573,0.3937007784843445
n1353,n1312,259.3330078125,0.333984375,40,3,0.6736568212509155,89.06612106827005,0.0,-0.3285641074180603,0.3700787425041199
n1354,n1313,259.6669921875,0.3330078125,45,3,0.7225989699363708,83.0336085384724,0.0,-0.18644967675209045,0.34645670652389526
n1356,n1314,260.0,0.3330078125,48,3,0.703812301158905,85.25000188431396,0.0,-0.058893729001283646,0.28346458077430725
n1357,n1315,260.3330078125,0.333984375,52,3,0.7579038739204407,79.16571225534912,0.0,-0.04218682274222374,0.29133859276771545
n1358,n1316,260.6669921875,0.3330078125,57,3,0.7976539731025696,75.22058690013527,0.0,-0.23280224204063416,0.27559053897857666
n1359,n1317,261.0,0.3330078125,60,3,0.850806474685669,70.52132510177128,0.0,-0.08742132782936096,0.25984251499176025
n1360,n1318,261.3330078125,0.333984375,64,3,0.9200931787490845,65.21078667442485,0.0,-0.02468588575720787,0.25196850299835205
n1361,n1319,261.6669921875,0.3330078125,69,3,0.9936919808387756,60.3808837718042,0.0,-0.12651380896568298,0.24409449100494385
n1362,n1322,262.0,3.0,60,3,2.2935190200805664,26.160672518814486,-0.0045115151442587376,-0.13674692809581757,0.20472441613674164
n1363,n1321,262.0,3.0,64,3,2.2935190200805664,26.160672518814486,-0.0034739177208393812,-0.0007285848259925842,0.21259842813014984
n1364,n1320,262.0,3.0,69,3,2.2935190200805664,26.160672518814486,0.007985432632267475,-0.11482250690460205,0.25196850299835205
