score_id,performance_id,onset_beat,duration_beat,pitch,voice,beat_period,tempo_bpm,timing,articulation_log,velocity_norm
n1,n0,0.0,3.0,57,3,0.8338541388511658,71.95503050769095,0.009895823895931244,-0.25602269172668457,0.24409449100494385
n2,n2,0.0,3.0,60,3,0.8338541388511658,71.95503050769095,-0.0010416582226753235,-0.26357513666152954,0.25984251499176025
n3,n3,0.0,3.0,64,3,0.8338541388511658,71.95503050769095,-0.012499995529651642,-0.271529883146286,0.29921260476112366
n0,n1,0.0,1.0,76,1,0.8338541388511658,71.95503050769095,0.0036458298563957214,2.233484983444214,0.5905511975288391
n4,n4,1.0,0.5,81,1,0.6395833492279053,93.81107258722578,0.0,1.9679255485534668,0.4881889820098877
n5,n5,1.5,0.5,79,1,0.7406251430511475,81.01264258031868,0.0,1.3304249048233032,0.5039370059967041
n6,n6,2.0,1.0,81,1,0.5403645634651184,111.03614866090885,0.0,0.05390702933073044,0.4645669162273407
n8,n10,3.0,3.0,55,3,0.47239553928375244,127.01220695473158,-0.004427015781402588,0.3836829960346222,0.33070865273475647
n9,n8,3.0,3.0,60,3,0.47239553928375244,127.01220695473158,0.0007812380790710449,0.3877411484718323,0.30708661675453186
n10,n9,3.0,3.0,64,3,0.47239553928375244,127.01220695473158,0.0007812380790710449,0.3877411484718323,0.36220473051071167
n7,n7,3.0,0.5,79,1,0.47239553928375244,127.01220695473158,0.002864539623260498,0.004764922894537449,0.4960629940032959
n11,n12,3.5,0.5,81,1,0.6541666984558105,91.71974076582109,0.0,2.3057568073272705,0.5039370059967041
n12,n13,4.0,1.0,76,1,0.5651042461395264,106.17510027554415,0.0,1.1908986568450928,0.5118110179901123
n13,n15,5.0,1.0,76,1,0.7088541984558105,84.64364058321982,0.0,0.24954450130462646,0.4015747904777527
n15,n17,6.0,3.0,53,3,0.6461806297302246,92.85329401633338,0.0005209445953369141,0.02268962189555168,0.29133859276771545
n16,n16,6.0,3.0,60,3,0.6461806297302246,92.85329401633338,0.0031249523162841797,0.04088941588997841,0.28346458077430725
n17,n19,6.0,3.0,64,3,0.6461806297302246,92.85329401633338,-0.0005209445953369141,0.4832654893398285,0.33070865273475647
n14,n20,6.0,1.5,74,1,0.6461806297302246,92.85329401633338,-0.0031249523162841797,0.7380503416061401,0.4015747904777527
n18,n21,7.5,0.5,76,1,0.6958332061767578,86.22756066740311,0.0,0.9550324082374573,0.4645669162273407
n19,n22,8.0,0.5,79,1,0.59375,101.05263157894737,0.0,0.15124361217021942,0.4881889820098877
n20,n23,8.5,0.5,74,1,0.7276039123535156,82.46244829267525,0.0,-0.03660476580262184,0.5433070659637451
n22,n24,9.0,0.5,52,3,0.6302084922790527,95.2065875580622,0.006510257720947266,0.22477476298809052,0.36220473051071167
n21,n26,9.0,0.5,76,1,0.6302084922790527,95.2065875580622,-0.006510257720947266,0.17283624410629272,0.5354330539703369
n24,n28,9.5,0.5,60,3,0.7307291030883789,82.10977193383145,-0.0002605915069580078,0.41760608553886414,0.3779527544975281
n23,n27,9.5,0.5,69,1,0.7307291030883789,82.10977193383145,0.0002605915069580078,0.11365686357021332,0.5354330539703369
n26,n31,10.0,2.0,59,3,0.5977863073348999,100.37031505036798,-0.0010416507720947266,0.022759655490517616,0.31496062874794006
n25,n30,10.0,2.0,68,1,0.5977863073348999,100.37031505036798,0.0010416507720947266,0.02523224428296089,0.4645669162273407
n28,n33,12.0,0.5,53,3,1.009897232055664,59.41198578975102,-0.00026035308837890625,2.0932700634002686,0.3385826647281647
n27,n32,12.0,1.0,81,1,1.009897232055664,59.41198578975102,0.00026035308837890625,1.0936188697814941,0.5669291615486145
n29,n35,12.5,0.5,57,3,0.8276033401489258,72.4984990867764,0.0,1.9954546689987183,0.28346458077430725
n31,n36,13.0,2.0,64,3,0.602604866027832,99.56773232765238,0.0007815361022949219,0.037536926567554474,0.33070865273475647
n30,n37,13.0,0.5,84,1,0.602604866027832,99.56773232765238,-0.0007815361022949219,2.0357134342193604,0.5196850299835205
n32,n38,13.5,0.5,83,1,0.7052078247070312,85.08130213235533,0.0,1.406757116317749,0.5748031735420227
n33,n39,14.0,1.0,81,1,0.5638022422790527,106.42029332388346,0.0,0.1570582538843155,0.5748031735420227
n35,n41,15.0,0.5,50,3,0.7874994277954102,76.19053155120235,-0.0018229484558105469,2.5423574447631836,0.4566929042339325
n34,n40,15.0,0.5,86,1,0.7874994277954102,76.19053155120235,0.0018229484558105469,2.5446486473083496,0.6299212574958801
n37,n43,15.5,0.5,57,3,0.9286460876464844,64.61018982168018,0.002864837646484375,2.036353588104248,0.4409448802471161
n36,n44,15.5,0.5,84,1,0.9286460876464844,64.61018982168018,-0.002864837646484375,2.0320074558258057,0.5511810779571533
n39,n46,16.0,1.0,64,3,0.6513018608093262,92.12318221452999,0.001041412353515625,1.1432087421417236,0.4960629940032959
n38,n47,16.0,1.0,83,1,0.6513018608093262,92.12318221452999,-0.001041412353515625,1.1411179304122925,0.4881889820098877
n41,n48,17.0,1.0,65,3,0.7648434638977051,78.44742464586815,0.0007815361022949219,0.041160885244607925,0.4173228442668915
n40,n49,17.0,1.0,81,1,0.7648434638977051,78.44742464586815,-0.0007815361022949219,0.23141705989837646,0.4173228442668915
n43,n51,18.0,0.5,52,3,0.9791679382324219,61.27651616975024,0.0,2.519015312194824,0.36220473051071167
n42,n52,18.0,1.5,79,1,0.9791679382324219,61.27651616975024,0.0,0.9340528845787048,0.5433070659637451
n44,n54,18.5,0.5,59,3,1.1218738555908203,53.48194870661442,0.0,2.04613995552063,0.33070865273475647
n45,n55,19.0,2.0,67,3,0.6916675567626953,86.74687631848177,0.0,0.34391966462135315,0.4645669162273407
n46,n56,19.5,0.5,76,1,0.9729156494140625,61.67030002666207,0.0,1.535201907157898,0.4173228442668915
n47,n57,20.0,0.5,79,1,0.8239593505859375,72.8191262801163,0.0,1.1644411087036133,0.5984252095222473
n48,n58,20.5,0.5,81,1,0.9833335876464844,61.01693337212686,0.0,0.05693580210208893,0.5511810779571533
n50,n59,21.0,3.0,45,4,1.5395832061767578,38.97158643929211,0.0031251907348632812,0.3807125687599182,0.34645670652389526
n49,n60,21.0,3.0,81,1,1.5395832061767578,38.97158643929211,-0.0031251907348632812,0.3792124092578888,0.5275590419769287
n52,n61,21.5,0.5,59,3,1.8385429382324219,32.63453833593035,0.0,2.5111758708953857,0.35433071851730347
n51,n62,21.5,0.5,74,2,1.8385429382324219,32.63453833593035,0.0,2.5111758708953857,0.5118110179901123
n53,n63,22.0,2.0,73,2,2.1497392654418945,27.910361486404057,0.0,0.007321858778595924,0.4645669162273407
n55,n64,24.0,1.0,76,1,1.242706298828125,48.281721961641416,0.0,-0.9903555512428284,0.6220472455024719
n56,n65,24.5,0.25,72,2,1.0125045776367188,59.2589913420892,0.0,1.1559984683990479,0.6220472455024719
n57,n66,24.75,0.25,71,2,1.2010383605957031,49.95677238006003,0.0,0.3306643068790436,0.6220472455024719
n59,n68,25.0,0.25,69,2,1.1114616394042969,53.982969697593724,-0.0007810592651367188,-0.07066413760185242,0.5511810779571533
n58,n67,25.0,1.5,81,1,1.1114616394042969,53.982969697593724,0.0007810592651367188,-1.1100083589553833,0.5826771855354309
n60,n69,25.25,0.25,68,2,0.9979171752929688,60.12523031521648,0.0,-0.052133575081825256,0.5118110179901123
n61,n71,25.5,0.25,69,2,0.9937515258789062,60.37726578274589,0.0,0.12174299359321594,0.4409448802471161
n62,n72,25.75,0.25,71,2,1.0812454223632812,55.49156441176678,0.0,-0.06829990446567535,0.6535432934761047
n64,n73,26.0,0.25,57,3,0.9614601135253906,62.40508488698267,0.0015621185302734375,-0.001566556515172124,0.5433070659637451
n63,n74,26.0,0.25,72,2,0.9614601135253906,62.40508488698267,-0.0015621185302734375,-0.13594399392604828,0.6220472455024719
n66,n75,26.25,0.25,59,3,1.0586814880371094,56.674269530532165,0.0018224716186523438,-1.8192341327667236,0.5196850299835205
n65,n76,26.25,0.25,74,2,1.0586814880371094,56.674269530532165,-0.0018224716186523438,-1.8192341327667236,0.5511810779571533
n69,n77,26.5,0.25,60,3,1.0111083984375,59.34081854400579,0.00295257568359375,0.3322003185749054,0.4566929042339325
n68,n79,26.5,0.5,76,2,1.0111083984375,59.34081854400579,-0.005382537841796875,-1.0899382829666138,0.5905511975288391
n67,n78,26.5,0.5,81,1,1.0111083984375,59.34081854400579,0.002429962158203125,0.11883095651865005,0.5196850299835205
n70,n80,26.75,0.25,62,3,0.9989585876464844,60.06254988143017,0.0,-0.12731026113033295,0.4803149700164795
n72,n81,27.0,1.25,64,3,0.8864631652832031,67.6847074416583,0.00026035308837890625,0.09669959545135498,0.5511810779571533
n71,n82,27.0,0.5,79,1,0.8864631652832031,67.6847074416583,-0.00026035308837890625,-1.1109713315963745,0.5196850299835205
n73,n83,27.25,0.25,72,2,1.1083297729492188,54.13551224951986,0.0,-0.06943589448928833,0.5354330539703369
n75,n85,27.5,0.25,71,2,1.0333328247070312,58.06454470950451,-0.004688262939453125,-0.11814521998167038,0.5354330539703369
n74,n84,27.5,0.5,81,1,1.0333328247070312,58.06454470950451,0.004688262939453125,-0.17776255309581757,0.6062992215156555
n76,n87,27.75,0.25,69,2,1.1020851135253906,54.442256104947994,0.0,-0.05277280509471893,0.4251968562602997
n78,n90,28.0,1.25,67,2,1.0291633605957031,58.29978242255985,-0.005208015441894531,-0.2653680145740509,0.36220473051071167
n77,n89,28.0,2.0,76,1,1.0291633605957031,58.29978242255985,0.005208015441894531,-3.053544759750366,0.5039370059967041
n80,n91,28.25,0.25,63,3,1.0354156494140625,57.9477430478801,0.0,0.02303900755941868,0.4645669162273407
n81,n93,28.5,0.25,64,3,0.9229202270507812,65.01103588522679,0.0,0.006493040826171637,0.5433070659637451
n82,n94,28.75,0.25,65,3,1.0770797729492188,55.70618027271117,0.0,-0.1748119443655014,0.5275590419769287
n84,n95,29.0,0.5,64,3,0.92083740234375,65.15808311791609,0.0,-1.2067084312438965,0.4724409580230713
n85,n96,29.25,0.25,72,2,1.0854148864746094,55.27840160261479,0.0,-0.25364774465560913,0.4566929042339325
n87,n98,29.5,0.5,55,3,0.9500007629394531,63.157844015146345,-0.0010423660278320312,0.10668805241584778,0.30708661675453186
n86,n97,29.5,0.25,71,2,0.9500007629394531,63.157844015146345,0.0010423660278320312,-0.1746797412633896,0.34645670652389526
n88,n99,29.75,0.25,72,2,1.1187515258789062,53.631211767834856,0.0,-0.03260663151741028,0.4409448802471161
n91,n100,30.0,0.5,53,3,0.9104156494140625,65.90396379787146,0.001041412353515625,-1.1567779779434204,0.3937007784843445
n89,n102,30.0,1.5,74,1,0.9104156494140625,65.90396379787146,-0.001041412353515625,-2.775249719619751,0.4724409580230713
n92,n103,30.25,0.25,72,2,1.0906257629394531,55.01428816268569,0.0,-0.10130941867828369,0.4488188922405243
n94,n105,30.5,0.25,65,3,1.0572929382324219,56.74870022333428,-0.0013017654418945312,-0.3042711913585663,0.34645670652389526
n93,n104,30.5,1.75,71,2,1.0572929382324219,56.74870022333428,0.0013017654418945312,-0.7833933234214783,0.4251968562602997
n95,n106,30.75,0.25,64,3,0.9958343505859375,60.25098447818825,0.0,-1.159401297569275,0.4488188922405243
n97,n107,31.0,0.25,62,3,0.9208297729492188,65.15862297526824,0.0,-1.6179718971252441,0.4488188922405243
n98,n108,31.25,0.25,60,3,0.9781227111816406,61.34199657578322,0.0,-0.045255206525325775,0.4645669162273407
n100,n109,31.5,0.25,59,3,1.0072975158691406,59.56532112384826,0.0007810592651367188,-0.29899489879608154,0.3700787425041199
n99,n110,31.5,0.5,76,1,1.0072975158691406,59.56532112384826,-0.0007810592651367188,-0.669452965259552,0.4566929042339325
n101,n111,31.75,0.25,60,3,1.0718727111816406,55.97679591437265,0.0,-0.38497239351272583,0.4094488322734833
n104,n112,32.0,0.5,62,3,0.9864540100097656,60.82392021439095,0.0007810592651367188,-1.1833107471466064,0.3385826647281647
n102,n113,32.0,1.0,79,1,0.9864540100097656,60.82392021439095,-0.0007810592651367188,-1.0622555017471313,0.4409448802471161
n105,n114,32.25,0.25,69,2,0.96875,61.935483870967744,0.0,-0.09621531516313553,0.4724409580230713
n107,n116,32.5,0.5,53,3,0.8479232788085938,70.76111895914126,-0.0005207061767578125,-1.1220017671585083,0.4566929042339325
n106,n115,32.5,0.25,71,2,0.8479232788085938,70.76111895914126,0.0005207061767578125,-0.11430732905864716,0.5511810779571533
n108,n118,32.75,0.25,72,2,1.0489540100097656,57.19983853194994,0.0,-0.15566305816173553,0.4645669162273407
n110,n119,33.0,0.25,71,2,0.9468727111816406,63.36648980529134,0.0007810592651367188,-0.20974744856357574,0.4330708682537079
n109,n120,33.0,1.25,76,1,0.9468727111816406,63.36648980529134,-0.0007810592651367188,-1.995242953300476,0.4881889820098877
n111,n121,33.25,0.25,69,2,0.8614616394042969,69.64906764912965,0.0,0.046343229711055756,0.4251968562602997
n113,n123,33.5,0.25,52,3,0.9927101135253906,60.440605150000195,-0.005990028381347656,-1.3649535179138184,0.4409448802471161
n112,n122,33.5,2.5,68,2,0.9927101135253906,60.440605150000195,0.005990028381347656,-1.9042463302612305,0.4881889820098877
n114,n125,33.75,0.25,50,3,1.070831298828125,56.031234859927615,0.0,-0.11687853932380676,0.3937007784843445
n117,n126,34.0,0.5,52,3,0.9499969482421875,63.15809762443984,0.0,-1.025530457496643,0.4803149700164795
n118,n129,34.25,0.25,75,1,0.03333282470703125,1800.027466239414,0.0,4.483837604522705,0.3858267664909363
n120,n127,34.5,0.25,64,3,1.896881103515625,31.630870215744004,0.2427082061767578,-0.8938818573951721,0.3937007784843445
n119,n131,34.5,0.25,76,1,1.896881103515625,31.630870215744004,-0.2427082061767578,-1.0135362148284912,0.3779527544975281
n122,n132,34.75,0.25,62,3,0.9036445617675781,66.39778795618128,0.0013027191162109375,-1.5907928943634033,0.5196850299835205
n121,n133,34.75,0.25,78,1,0.9036445617675781,66.39778795618128,-0.0013027191162109375,-0.09893982112407684,0.5590550899505615
n124,n130,35.0,0.25,64,3,0.9036445617675781,66.39778795618128,0.47252559661865234,-1.3856785297393799,0.5039370059967041
n123,n135,35.0,0.25,80,1,0.9036445617675781,66.39778795618128,-0.010807991027832031,-0.08829253166913986,0.5433070659637451
n126,n136,35.25,0.25,62,3,0.9489593505859375,63.22715505458989,0.000522613525390625,-0.07308556884527206,0.5590550899505615
n125,n137,35.25,0.25,81,1,0.9489593505859375,63.22715505458989,-0.000522613525390625,-0.06643719971179962,0.5590550899505615
n128,n138,35.5,0.25,60,3,0.95208740234375,63.01942432207193,0.0075531005859375,-1.128697395324707,0.4173228442668915
n127,n139,35.5,0.25,83,1,0.95208740234375,63.01942432207193,-0.0075531005859375,-0.022275330498814583,0.5748031735420227
n130,n141,35.75,0.25,59,3,1.0454763174057007,57.390109179026766,-0.00182342529296875,-0.15087196230888367,0.4488188922405243
n129,n140,35.75,0.25,80,1,1.0454763174057007,57.390109179026766,0.00182342529296875,-0.013948803767561913,0.5669291615486145
n133,n143,36.0,0.25,57,3,0.9576365351676941,62.65425116585934,0.0012143453350290656,-0.1969822198152542,0.4330708682537079
n132,n144,36.0,0.5,72,2,0.9576365351676941,62.65425116585934,-0.0050341286696493626,-0.06308092176914215,0.4803149700164795
n131,n142,36.0,0.75,81,1,0.9576365351676941,62.65425116585934,0.0038197834510356188,-1.5839130878448486,0.6062992215156555
n134,n145,36.25,0.25,60,3,0.942718505859375,63.645722054967464,0.0,-0.2368270307779312,0.5354330539703369
n136,n147,36.5,0.25,59,3,0.9211781620979309,65.13398001462976,-0.004947662353515625,-0.435295969247818,0.4488188922405243
n135,n146,36.5,0.25,74,2,0.9211781620979309,65.13398001462976,0.004947662353515625,-0.02689155377447605,0.5669291615486145
n139,n148,36.75,0.25,60,3,0.9725748896598816,61.69190736662197,0.0055554709397256374,-0.09198471903800964,0.3779527544975281
n138,n150,36.75,0.75,72,2,0.9725748896598816,61.69190736662197,-0.0064226784743368626,-1.7687397003173828,0.4960629940032959
n137,n149,36.75,0.25,76,1,0.9725748896598816,61.69190736662197,0.0008672078256495297,0.2855130732059479,0.5511810779571533
n142,n152,37.0,0.25,62,3,0.9343719482421875,64.21425655262513,-0.002864837646484375,-0.17596423625946045,0.4251968562602997
n140,n151,37.0,2.0,77,1,0.9343719482421875,64.21425655262513,0.002864837646484375,-2.0064430236816406,0.6456692814826965
n143,n153,37.25,0.25,60,3,0.9010391235351562,66.5897833210557,0.0,-0.08412686735391617,0.4094488322734833
n146,n156,37.75,0.25,60,3,1.0333328247070312,58.06454470950451,0.0,-1.6143455505371094,0.4488188922405243
n148,n157,38.0,0.75,62,3,0.8656272888183594,69.3138961479647,0.0031261444091796875,-1.698708415031433,0.4251968562602997
n147,n158,38.0,0.25,71,2,0.8656272888183594,69.3138961479647,-0.0031261444091796875,-1.0693519115447998,0.6456692814826965
n149,n155,38.25,0.25,69,2,0.8656272888183594,69.3138961479647,0.6914072036743164,1.1685702800750732,0.5433070659637451
n150,n161,38.5,0.25,67,2,0.929168701171875,64.57384964035866,0.0,-0.1606581062078476,0.4251968562602997
n151,n162,38.75,0.25,65,2,0.9343757629394531,64.21399439048587,0.0,-0.04741416499018669,0.4960629940032959
n155,n154,39.0,0.25,59,3,0.9343757629394531,64.21399439048587,1.3768243789672852,-0.3332318961620331,0.4251968562602997
n154,n134,39.0,1.0,64,2,0.9343757629394531,64.21399439048587,3.7476587295532227,-2.1294851303100586,0.5669291615486145
n158,n170,39.75,0.25,71,1,1.3253453969955444,45.27121770371358,0.0,-0.8786306381225586,0.6614173054695129
n161,n159,40.0,0.5,69,2,1.3253453969955444,45.27121770371358,1.686026930809021,-1.8538272380828857,0.26771652698516846
n167,n160,41.0,0.25,69,2,1.3253453969955444,45.27121770371358,2.828037977218628,-0.6337788105010986,0.023622047156095505
n169,n189,41.25,0.25,67,2,0.07708358764648438,778.3758103627456,0.0,1.960466980934143,0.3700787425041199
n170,n165,41.5,0.25,65,2,0.07708358764648438,778.3758103627456,2.4999990463256836,1.960466980934143,0.4803149700164795
n172,n164,41.75,0.25,48,3,0.07708358764648438,778.3758103627456,2.726041793823242,3.5554134845733643,0.34645670652389526
n171,n163,41.75,0.25,64,2,0.07708358764648438,778.3758103627456,2.731771469116211,1.960466980934143,0.5590550899505615
n175,n168,42.0,0.75,50,3,0.07708358764648438,778.3758103627456,2.51406192779541,2.9198248386383057,0.4173228442668915
n174,n167,42.0,0.25,62,2,0.07708358764648438,778.3758103627456,2.524998664855957,3.6265921592712402,0.5118110179901123
n173,n166,42.0,0.5,77,1,0.07708358764648438,778.3758103627456,2.5270814895629883,1.0666662454605103,0.6377952694892883
n176,n169,42.25,0.25,60,2,0.07708358764648438,778.3758103627456,2.3291664123535156,3.5914418697357178,0.4566929042339325
n178,n171,42.5,0.25,62,2,0.07708358764648438,778.3758103627456,2.0765600204467773,1.960466980934143,0.4724409580230713
n177,n177,42.5,0.5,71,1,0.07708358764648438,778.3758103627456,1.3989591598510742,1.3062416315078735,0.5590550899505615
n180,n172,42.75,0.25,45,3,0.07708358764648438,778.3758103627456,1.9020824432373047,3.578444480895996,0.4488188922405243
n179,n173,42.75,0.25,64,2,0.07708358764648438,778.3758103627456,1.896352767944336,3.697432518005371,0.5590550899505615
n183,n176,43.0,1.0,50,3,0.07708358764648438,778.3758103627456,1.6390619277954102,2.4217188358306885,0.3779527544975281
n182,n175,43.0,1.5,65,2,0.07708358764648438,778.3758103627456,1.6515626907348633,1.8815363645553589,0.5039370059967041
n181,n174,43.0,0.25,72,1,0.07708358764648438,778.3758103627456,1.6593751907348633,3.0048608779907227,0.5275590419769287
n184,n180,43.25,0.25,71,1,0.07708358764648438,778.3758103627456,1.0119781494140625,3.4307868480682373,0.6220472455024719
n185,n178,43.5,0.25,69,1,0.07708358764648438,778.3758103627456,1.2473936080932617,3.452319860458374,0.5196850299835205
n186,n184,43.75,0.25,71,1,0.07708358764648438,778.3758103627456,0.6041660308837891,3.5554134845733643,0.5826771855354309
n189,n183,44.0,0.75,62,3,0.07708358764648438,778.3758103627456,0.8536462783813477,3.1857190132141113,0.6299212574958801
n187,n182,44.0,0.25,72,1,0.07708358764648438,778.3758103627456,0.8562479019165039,2.5184624195098877,0.6220472455024719
n190,n192,44.25,0.25,71,1,0.2781257629394531,215.7297452989343,0.0,0.10922516882419586,0.4645669162273407
n192,n185,44.5,0.5,69,2,0.2781257629394531,215.7297452989343,0.4919252395629883,0.06858307868242264,0.3937007784843445
n191,n186,44.5,0.25,72,1,0.2781257629394531,215.7297452989343,0.4846353530883789,1.22470223903656,0.5669291615486145
n194,n181,44.75,0.25,60,3,0.2781257629394531,215.7297452989343,1.0151042938232422,0.10922516882419586,0.4881889820098877
n193,n188,44.75,0.25,74,1,0.2781257629394531,215.7297452989343,0.37760353088378906,1.7562837600708008,0.5748031735420227
n196,n190,45.0,0.25,59,3,0.2781257629394531,215.7297452989343,0.22473812103271484,1.700851321220398,0.4094488322734833
n195,n191,45.0,0.75,76,1,0.2781257629394531,215.7297452989343,0.2143239974975586,0.04782458767294884,0.5354330539703369
n197,n193,45.25,0.25,62,3,0.3661460876464844,163.86901847202108,0.0,1.042464017868042,0.29921260476112366
n198,n187,45.5,0.25,60,3,0.3661460876464844,163.86901847202108,0.6170568466186523,1.3141075372695923,0.4251968562602997
n200,n195,45.75,0.25,59,3,1.0572891235351562,56.74890497254314,-0.0013027191162109375,-0.17027688026428223,0.34645670652389526
n199,n194,45.75,0.25,68,1,1.0572891235351562,56.74890497254314,0.0013027191162109375,-0.29726260900497437,0.4566929042339325
n202,n196,46.0,0.25,60,3,0.835418701171875,71.82027397260273,0.000522613525390625,-0.39007413387298584,0.4173228442668915
n201,n197,46.0,2.25,69,1,0.835418701171875,71.82027397260273,-0.000522613525390625,-0.13307666778564453,0.4881889820098877
n203,n198,46.25,0.25,59,3,0.8458251953125,70.93664309424159,0.0,-0.21823883056640625,0.33070865273475647
n204,n199,46.5,0.25,57,3,0.91876220703125,65.30525476649173,0.0,0.10712966322898865,0.4566929042339325
n205,n201,46.75,0.25,55,3,0.9104156494140625,65.90396379787146,0.0,0.013146969489753246,0.4724409580230713
n206,n202,47.0,0.25,53,3,0.8479156494140625,70.76175565513145,0.0,-1.2594923973083496,0.3937007784843445
n207,n203,47.25,0.25,52,3,0.854156494140625,70.24473900460896,0.0,-0.2200312614440918,0.3385826647281647
n208,n204,47.5,0.25,50,3,0.7916717529296875,75.78898675866854,0.0,-0.1227816641330719,0.3700787425041199
n209,n205,47.75,0.25,48,3,0.9666748046875,62.06844298522541,0.0,-1.6880680322647095,0.4094488322734833
n211,n206,48.0,0.5,47,3,1.008331298828125,59.504252292606154,0.0,-0.06243481487035751,0.3937007784843445
n212,n207,48.25,0.25,68,1,0.992706298828125,60.44083740662178,0.0,0.02848312444984913,0.25196850299835205
n214,n208,48.5,0.5,56,3,0.9593658447265625,62.54131344138183,0.0002593994140625,-1.7385191917419434,0.32283464074134827
n213,n209,48.5,0.25,69,1,0.9593658447265625,62.54131344138183,-0.0002593994140625,-0.1570456326007843,0.3937007784843445
n215,n210,48.75,0.25,71,1,1.0562591552734375,56.80424136486428,0.0,0.18156366050243378,0.33070865273475647
n217,n211,49.0,0.5,57,3,0.9499969482421875,63.15809762443984,0.004688262939453125,-0.2898535430431366,0.3700787425041199
n216,n212,49.0,0.25,72,1,0.9499969482421875,63.15809762443984,-0.004688262939453125,0.006318384315818548,0.3937007784843445
n218,n213,49.25,0.25,71,1,0.84271240234375,71.19866734265227,0.0,0.18548716604709625,0.4015747904777527
n220,n214,49.5,0.5,48,3,0.867706298828125,69.1478211936834,0.000782012939453125,-1.5884270668029785,0.3385826647281647
n219,n215,49.5,0.25,72,1,0.867706298828125,69.1478211936834,-0.000782012939453125,-0.18646948039531708,0.3700787425041199
n221,n216,49.75,0.25,74,1,0.92291259765625,65.0115733086436,0.0,-0.1654476523399353,0.3700787425041199
n223,n218,50.0,0.5,53,3,0.82916259765625,72.36216415163784,-0.002605438232421875,-1.0145657062530518,0.30708661675453186
n222,n217,50.0,0.25,72,1,0.82916259765625,72.36216415163784,0.002605438232421875,-0.1487775593996048,0.34645670652389526
n224,n219,50.25,0.25,71,1,0.942718505859375,63.645722054967464,0.0,-0.3420093357563019,0.31496062874794006
n226,n221,50.5,0.5,50,3,0.8031158447265625,74.70902285638287,-0.00182342529296875,-0.6866887807846069,0.19685038924217224
n225,n220,50.5,0.25,69,1,0.8031158447265625,74.70902285638287,0.00182342529296875,-0.1148371547460556,0.21259842813014984
n227,n222,50.75,0.25,67,1,1.1822967529296875,50.74868035569092,0.0,-0.18848082423210144,0.22047244012355804
n229,n224,51.0,1.0,52,3,1.0822906494140625,55.437973184452055,-0.0080718994140625,-2.2168476581573486,0.17322835326194763
n228,n223,51.0,0.25,64,1,1.0822906494140625,55.437973184452055,0.0080718994140625,-0.10808916389942169,0.24409449100494385
n230,n226,51.25,0.25,71,1,0.9895782470703125,60.6318905833192,0.0,-0.11698918789625168,0.19685038924217224
n231,n227,51.5,0.25,68,1,0.8229217529296875,72.91094175891416,0.0,0.9535982012748718,0.30708661675453186
n232,n228,51.75,0.25,64,1,0.7083282470703125,84.70649059692812,0.0,0.12200084328651428,0.27559053897857666
n233,n229,52.0,0.25,64,1,0.710418701171875,84.45723613557283,0.0,-0.4024047553539276,0.28346458077430725
n234,n230,52.25,0.25,72,1,0.81146240234375,73.94057916509966,0.0,-0.12167096883058548,0.29921260476112366
n236,n232,52.5,0.5,57,3,0.8718719482421875,68.81744517754949,-0.01015472412109375,-0.934291660785675,0.25984251499176025
n235,n231,52.5,0.25,69,1,0.8718719482421875,68.81744517754949,0.01015472412109375,-0.28281405568122864,0.29921260476112366
n237,n233,52.75,0.25,64,1,0.9562530517578125,62.74489779635864,0.0,-0.07748335599899292,0.24409449100494385
n239,n235,53.0,0.75,56,3,0.8729095458984375,68.73564423934134,-0.0078125,-0.04782966896891594,0.29133859276771545
n238,n234,53.0,0.25,64,1,0.8729095458984375,68.73564423934134,0.0078125,1.5722936391830444,0.24409449100494385
n240,n236,53.25,0.25,74,1,0.7895965576171875,75.98817322743348,0.0,1.0992577075958252,0.25984251499176025
n241,n237,53.5,0.25,71,1,0.9031219482421875,66.43621065436666,0.0,-0.0016600871458649635,0.31496062874794006
n243,n240,53.75,0.25,62,3,0.9531173706054688,62.951323572966615,-0.000782012939453125,-0.190157949924469,0.31496062874794006
n242,n238,53.75,0.25,65,1,0.9531173706054688,62.951323572966615,0.000782012939453125,-1.6676913499832153,0.25984251499176025
n245,n242,54.0,1.0,60,3,0.6458320617675781,92.90340872174411,-0.0005207061767578125,0.6538764834403992,0.36220473051071167
n244,n241,54.0,0.25,64,1,0.6458320617675781,92.90340872174411,0.0005207061767578125,2.6553547382354736,0.3385826647281647
n246,n239,54.25,0.25,71,1,0.6458320617675781,92.90340872174411,0.3999967575073242,0.5280094146728516,0.29133859276771545
n247,n244,54.5,0.25,68,1,0.847930908203125,70.7604822746086,0.0,1.7104692459106445,0.31496062874794006
n248,n245,54.75,0.25,64,1,0.89373779296875,67.13378406064331,0.0,1.1084954738616943,0.33070865273475647
n249,n246,55.0,0.25,64,1,0.647918701171875,92.6042108237954,0.0,0.6734209656715393,0.33070865273475647
n250,n247,55.25,0.25,72,1,0.633331298828125,94.73714643665976,0.0,-0.1818336844444275,0.4251968562602997
n251,n249,55.5,0.25,69,1,0.60833740234375,98.62947727500753,0.0,1.5482580661773682,0.4015747904777527
n253,n250,55.75,0.25,64,1,1.118743896484375,53.63157751166153,0.0,0.06565593183040619,0.31496062874794006
n254,n253,56.0,0.25,64,1,0.8104248046875,74.03524627202891,0.0,1.5035762786865234,0.3937007784843445
n256,n254,56.25,0.25,74,1,0.8312530517578125,72.18018613359766,0.0,0.8395299911499023,0.3779527544975281
n257,n243,56.5,0.25,71,1,0.8312530517578125,72.18018613359766,1.7364578247070312,2.0018014907836914,0.31496062874794006
n258,n256,56.75,0.25,65,1,0.6270828247070312,95.68114072974585,0.0,3.3123111724853516,0.34645670652389526
n262,n255,57.25,0.25,71,1,0.6270828247070312,95.68114072974585,0.538543701171875,0.20932503044605255,0.3858267664909363
n264,n259,57.75,0.25,64,1,2.2479095458984375,26.69146545930939,0.0,0.7270417809486389,0.33070865273475647
n265,n266,58.0,0.25,64,1,13.5291748046875,4.4348602827728705,0.0,-3.1993260383605957,0.6377952694892883
n266,n279,58.25,0.25,72,1,0.026514919474720955,2262.8769458343395,0.0,6.769991874694824,0.5196850299835205
n269,n268,58.75,0.25,64,1,0.026514919474720955,2262.8769458343395,3.238778591156006,4.995497226715088,0.7086614370346069
n271,n252,59.0,0.5,47,3,0.026514919474720955,2262.8769458343395,5.209991455078125,5.6532158851623535,0.4488188922405243
n270,n270,59.0,0.25,64,1,0.026514919474720955,2262.8769458343395,3.0823862552642822,8.318135261535645,0.6692913174629211
n275,n264,59.75,0.25,65,1,0.026514919474720955,2262.8769458343395,3.5892527103424072,6.335785865783691,0.5196850299835205
n278,n274,60.0,2.0,40,3,0.026514919474720955,2262.8769458343395,2.177130699157715,3.6074485778808594,0.23622047901153564
n279,n269,60.0,2.0,56,3,0.026514919474720955,2262.8769458343395,3.1099424362182617,2.140732765197754,0.3858267664909363
n276,n286,60.0,2.0,59,1,0.026514919474720955,2262.8769458343395,-0.7015122771263123,1.1245770454406738,0.4960629940032959
n281,n276,63.0,0.25,57,3,0.026514919474720955,2262.8769458343395,0.3832395672798157,7.208978652954102,0.5748031735420227
n280,n275,63.0,1.0,76,1,0.026514919474720955,2262.8769458343395,0.39417630434036255,5.224978923797607,0.7716535329818726
n282,n277,63.25,0.25,64,3,0.026514919474720955,2262.8769458343395,0.2679925262928009,7.017536640167236,0.4960629940032959
n283,n278,63.5,0.25,60,3,0.026514919474720955,2262.8769458343395,0.15639235079288483,6.803866863250732,0.5905511975288391
n284,n280,63.75,0.25,64,3,0.46770477294921875,128.2860545160922,0.0,2.304482936859131,0.4960629940032959
n286,n282,64.0,0.25,57,3,0.37812042236328125,158.67960694901234,-0.017969131469726562,2.227510690689087,0.4724409580230713
n285,n281,64.0,1.0,81,1,0.37812042236328125,158.67960694901234,0.017969131469726562,0.3401127755641937,0.787401556968689
n287,n283,64.25,0.25,64,3,0.4645843505859375,129.14769928071732,0.0,1.6564778089523315,0.5275590419769287
n288,n284,64.5,0.25,60,3,0.7270965576171875,82.5199890873224,0.0,0.45978114008903503,0.4960629940032959
n289,n285,64.75,0.25,64,3,0.9249954223632812,64.8651858694666,0.0,-1.3431975841522217,0.5118110179901123
n291,n290,65.0,0.25,59,3,0.23228836059570312,258.2996403527499,-0.1374988555908203,2.2812697887420654,0.33070865273475647
n290,n287,65.0,0.75,81,1,0.23228836059570312,258.2996403527499,0.1374988555908203,1.6775532960891724,0.748031497001648
n292,n288,65.25,0.25,65,3,0.23228836059570312,258.2996403527499,0.07578182220458984,2.9133660793304443,0.4724409580230713
n293,n289,65.5,0.25,62,3,0.45729827880859375,131.2053921486845,0.0,1.4092540740966797,0.5511810779571533
n295,n292,65.75,0.25,65,3,0.5107600092887878,117.4720003696991,-0.0002613067626953125,0.5662177801132202,0.4645669162273407
n294,n291,65.75,0.25,79,1,0.5107600092887878,117.4720003696991,0.0002613067626953125,0.5701866149902344,0.4960629940032959
n298,n293,66.0,0.25,60,3,0.4965260922908783,120.83957103476929,0.0045153298415243626,0.11439531296491623,0.5275590419769287
n296,n294,66.0,0.25,76,1,0.4965260922908783,120.83957103476929,0.0013872782001271844,-0.726906955242157,0.6141732335090637
n297,n295,66.0,0.25,79,1,0.4965260922908783,120.83957103476929,-0.0059026083908975124,-0.026467250660061836,0.6299212574958801
n299,n296,66.25,0.25,77,1,0.5777791142463684,103.84591363822759,0.0,-0.9158082604408264,0.6692913174629211
n300,n297,66.25,0.25,81,1,0.5777791142463684,103.84591363822759,0.0,1.546297550201416,0.7086614370346069
n304,n299,66.5,0.25,64,3,0.4618021547794342,129.92576881469333,0.0017369588604196906,1.273851752281189,0.5433070659637451
n302,n300,66.5,0.5,72,1,0.4618021547794342,129.92576881469333,-0.0045153298415243626,0.24118560552597046,0.6299212574958801
n303,n298,66.5,0.5,76,1,0.4618021547794342,129.92576881469333,0.0027783710975199938,0.27922484278678894,0.5826771855354309
n305,n301,66.75,0.25,67,3,0.6555582880973816,91.52504222643151,0.0,-0.016915731132030487,0.4724409580230713
n308,n302,67.0,0.25,62,3,0.5131962895393372,116.91432931804337,0.0019098917255178094,0.14298953115940094,0.6377952694892883
n306,n304,67.0,0.25,74,1,0.5131962895393372,116.91432931804337,-0.0022557575721293688,-0.1631135493516922,0.6141732335090637
n307,n303,67.0,0.25,77,1,0.5131962895393372,116.91432931804337,0.00034586587571538985,0.1162225753068924,0.6692913174629211
n311,n307,67.25,0.25,69,3,0.49444326758384705,121.34860343674369,-0.0052089691162109375,-0.7208424210548401,0.5669291615486145
n309,n306,67.25,0.25,76,1,0.49444326758384705,121.34860343674369,0.0052089691162109375,0.12045985460281372,0.5433070659637451
n314,n308,67.5,0.25,65,3,0.4888865053653717,122.72787107338688,0.0006955464486964047,-0.704537034034729,0.6062992215156555
n312,n310,67.5,0.5,71,1,0.4888865053653717,122.72787107338688,-0.0008684794302098453,-0.07356220483779907,0.5826771855354309
n313,n309,67.5,0.5,74,1,0.4888865053653717,122.72787107338688,0.00017293293785769492,-1.704537034034729,0.5826771855354309
n315,n311,67.75,0.25,69,3,0.5104166865348816,117.55101583243328,0.0,0.06898660212755203,0.4488188922405243
n318,n314,68.0,0.25,64,3,0.5027821660041809,119.33597501447788,-0.0010426839580759406,-0.7054426670074463,0.6535432934761047
n316,n315,68.0,0.25,72,1,0.5027821660041809,119.33597501447788,-0.00833257008343935,-0.744970977306366,0.5748031735420227
n317,n312,68.0,0.25,76,1,0.5027821660041809,119.33597501447788,0.0093752546235919,-0.744970977306366,0.5984252095222473
n321,n318,68.25,0.25,71,3,0.5513916015625,108.81558556564092,-0.00295257568359375,-0.8781147599220276,0.5511810779571533
n319,n317,68.25,0.25,74,1,0.5513916015625,108.81558556564092,-0.0013885498046875,-0.8781147599220276,0.4960629940032959
n320,n316,68.25,0.25,77,1,0.5513916015625,108.81558556564092,0.00434112548828125,0.055248063057661057,0.5826771855354309
n322,n320,68.5,0.5,68,1,0.4472198486328125,134.16220273636085,0.0,-1.2540936470031738,0.5196850299835205
n325,n319,68.75,0.25,71,3,0.4472198486328125,134.16220273636085,0.13055419921875,-0.3972185552120209,0.5433070659637451
n328,n321,69.0,0.25,57,3,0.2011566162109375,298.275051202306,0.00850677490234375,1.1414278745651245,0.5433070659637451
n326,n323,69.0,1.0,72,1,0.2011566162109375,298.275051202306,-0.004512786865234375,0.9045701622962952,0.6062992215156555
n327,n322,69.0,1.0,76,1,0.2011566162109375,298.275051202306,-0.003993988037109375,0.24592207372188568,0.5905511975288391
n331,n324,69.75,0.25,69,3,1.4555612802505493,41.22121192291681,0.0,-2.278541088104248,0.4094488322734833
n334,n330,70.0,0.25,60,3,0.46805521845817566,128.19000330270106,0.00034586587571538985,-0.6218166351318359,0.5669291615486145
n332,n331,70.0,2.0,72,1,0.46805521845817566,128.19000330270106,-0.0012143453350290656,0.06794199347496033,0.6299212574958801
n333,n329,70.0,2.0,76,1,0.46805521845817566,128.19000330270106,0.0008684794302098453,-3.204310894012451,0.6220472455024719
n336,n326,70.5,0.25,64,3,0.46805521845817566,128.19000330270106,0.5052093267440796,-0.34403565526008606,0.4488188922405243
n337,n328,70.75,0.25,69,3,0.46805521845817566,128.19000330270106,0.48368099331855774,-0.6417161822319031,0.4330708682537079
n338,n325,71.0,0.25,57,3,0.46805521845817566,128.19000330270106,0.7418385744094849,-0.6417161822319031,0.3779527544975281
n339,n336,71.25,0.25,64,3,2.34375,25.6,0.0,-0.5601701140403748,0.4094488322734833
n340,n341,71.5,0.25,60,3,0.2972208559513092,201.8700868347853,0.0,3.634665012359619,0.4803149700164795
n341,n337,71.75,0.25,64,3,0.2972208559513092,201.8700868347853,0.4065958559513092,0.9520265460014343,0.32283464074134827
n342,n327,72.0,1.0,65,1,0.2972208559513092,201.8700868347853,1.4527753591537476,-1.9865728616714478,0.34645670652389526
n343,n334,72.0,1.0,69,1,0.2972208559513092,201.8700868347853,0.9918377995491028,1.1392711400985718,0.3937007784843445
n345,n344,72.25,0.25,60,3,0.2854156494140625,210.2197273456295,0.0,3.294290542602539,0.4094488322734833
n346,n335,72.5,0.25,57,3,0.2854156494140625,210.2197273456295,1.0135421752929688,2.894911527633667,0.3700787425041199
n347,n346,72.75,0.25,60,3,0.26770782470703125,224.12493943971046,0.0,3.0577733516693115,0.5118110179901123
n350,n338,73.0,0.25,53,3,0.26770782470703125,224.12493943971046,0.5992183685302734,0.4290064871311188,0.5275590419769287
n348,n339,73.0,1.0,69,1,0.26770782470703125,224.12493943971046,0.5971355438232422,-1.8356966972351074,0.6299212574958801
n349,n347,73.0,1.0,72,1,0.26770782470703125,224.12493943971046,0.06015586853027344,1.0401378870010376,0.6850393414497375
n351,n350,73.25,0.25,60,3,0.24896240234375,241.000245158127,0.0,2.766221284866333,0.5118110179901123
n352,n345,73.5,0.25,57,3,0.24896240234375,241.000245158127,0.3330726623535156,3.4795706272125244,0.4330708682537079
n353,n351,73.75,0.25,60,3,0.3784688413143158,158.53352627824495,0.0,1.659769892692566,0.3779527544975281
n356,n355,74.0,0.25,53,3,0.6632029414176941,90.47004506907214,-0.1611124724149704,-0.8549811840057373,0.4724409580230713
n354,n348,74.0,1.0,69,1,0.6632029414176941,90.47004506907214,0.33628591895103455,-0.29482218623161316,0.7165354490280151
n355,n357,74.0,1.0,72,1,0.6632029414176941,90.47004506907214,-0.17517344653606415,-1.6174453496932983,0.7007874250411987
n357,n356,74.25,0.25,60,3,0.26457977294921875,226.77470515297443,0.0,0.18125978112220764,0.5354330539703369
n358,n354,74.5,0.25,57,3,0.26457977294921875,226.77470515297443,0.18489646911621094,1.249739408493042,0.4251968562602997
n359,n360,74.75,0.25,60,3,1.4645792245864868,40.96739800261782,0.0,-1.9816434383392334,0.5354330539703369
n362,n363,75.0,0.25,50,3,0.6895870566368103,87.00859365404334,0.0005213419790379703,-0.03084518201649189,0.5433070659637451
n360,n364,75.0,0.25,67,1,0.6895870566368103,87.00859365404334,0.0005213419790379703,-1.2007701396942139,0.5590550899505615
n361,n365,75.0,0.25,71,1,0.6895870566368103,87.00859365404334,-0.0010426839580759406,-0.8161063194274902,0.6535432934761047
n365,n368,75.25,0.25,57,3,0.6895870566368103,87.00859365404334,0.024999406188726425,-0.5959081053733826,0.5669291615486145
n363,n358,75.25,0.25,69,1,0.6895870566368103,87.00859365404334,0.6609361171722412,1.1331305503845215,0.7007874250411987
n364,n366,75.25,0.25,72,1,0.6895870566368103,87.00859365404334,0.04531266912817955,-0.9869909286499023,0.6377952694892883
n368,n369,75.5,0.25,53,3,0.6895870566368103,87.00859365404334,0.08489693701267242,-0.288546085357666,0.5275590419769287
n366,n359,75.5,0.5,65,1,0.6895870566368103,87.00859365404334,0.8276032209396362,0.013009065762162209,0.4803149700164795
n367,n367,75.5,0.5,69,1,0.6895870566368103,87.00859365404334,0.2166680246591568,-0.4578057825565338,0.6692913174629211
n369,n371,75.75,0.25,57,3,1.377777099609375,43.54840853212838,0.0,-2.199308156967163,0.4881889820098877
n372,n388,76.0,0.25,52,3,0.0018513997783884406,32407.911408646312,-0.6779518127441406,7.340202331542969,0.4173228442668915
n370,n372,76.0,0.25,69,1,0.0018513997783884406,32407.911408646312,0.34027862548828125,7.340202331542969,0.6535432934761047
n371,n373,76.0,0.25,72,1,0.0018513997783884406,32407.911408646312,0.3376731872558594,7.340202331542969,0.6299212574958801
n373,n374,76.25,0.25,71,1,0.0018513997783884406,32407.911408646312,0.32615789771080017,7.340202331542969,0.4724409580230713
n374,n375,76.25,0.25,74,1,0.0018513997783884406,32407.911408646312,0.21053440868854523,8.284019470214844,0.6535432934761047
n378,n378,76.5,0.25,56,3,0.0018513997783884406,32407.911408646312,0.07089105993509293,7.732519626617432,0.5433070659637451
n376,n377,76.5,0.5,68,1,0.0018513997783884406,32407.911408646312,0.07401911169290543,6.747705936431885,0.5826771855354309
n377,n376,76.5,0.5,71,1,0.0018513997783884406,32407.911408646312,0.20735041797161102,7.464898109436035,0.6062992215156555
n379,n379,76.75,0.25,59,3,0.7201334834098816,83.31788672829914,0.0,-1.2633017301559448,0.4645669162273407
n382,n383,77.0,0.25,40,3,0.6131947636604309,97.84819368292294,-0.09704717248678207,-1.0313829183578491,0.36220473051071167
n380,n381,77.0,0.25,65,1,0.6131947636604309,97.84819368292294,0.03732554242014885,-1.0313829183578491,0.3858267664909363
n381,n380,77.0,0.25,69,1,0.6131947636604309,97.84819368292294,0.059721630066633224,-0.12984563410282135,0.4251968562602997
n385,n384,77.25,0.25,62,3,0.8708343505859375,68.89944104711675,0.026561737060546875,-1.53743577003479,0.4251968562602997
n383,n385,77.25,0.25,68,1,0.8708343505859375,68.89944104711675,-0.08333206176757812,-0.05630916729569435,0.5118110179901123
n384,n382,77.25,0.25,71,1,0.8708343505859375,68.89944104711675,0.05677032470703125,-1.53743577003479,0.5354330539703369
n388,n386,77.5,0.25,59,3,0.5979156494140625,100.34860278167666,0.13124847412109375,0.4644521176815033,0.4173228442668915
n387,n389,77.5,0.5,68,1,0.5979156494140625,100.34860278167666,-0.13124847412109375,-1.9949793815612793,0.6299212574958801
n389,n390,77.75,0.25,62,3,0.2024993896484375,296.2971893602592,0.0,0.5670449733734131,0.3700787425041199
n393,n387,78.0,1.0,57,3,0.2024993896484375,296.2971893602592,0.09281158447265625,2.220487117767334,0.4488188922405243
n390,n362,78.0,2.0,60,1,0.2024993896484375,296.2971893602592,1.7756233215332031,-1.4735970497131348,0.5433070659637451
n392,n391,78.0,2.0,69,1,0.2024993896484375,296.2971893602592,-0.0222930908203125,1.032837986946106,0.5275590419769287
n394,n392,79.0,1.0,45,3,0.5387512445449829,111.36865224445957,0.0,0.2673482894897461,0.29921260476112366
n395,n394,80.25,0.25,81,1,0.5333251953125,112.50171663996338,0.0,-0.218618243932724,0.31496062874794006
n396,n395,80.5,0.25,80,1,0.5166778564453125,116.12651723221406,0.0,0.19043070077896118,0.4094488322734833
n397,n396,80.75,0.25,81,1,0.5625,106.66666666666667,0.0,-0.3421059846878052,0.33070865273475647
n398,n397,81.0,0.25,83,1,0.4583282470703125,130.91054366281585,0.0,0.6322842240333557,0.4251968562602997
n399,n398,81.25,0.25,86,1,0.493743896484375,121.52048952345633,0.0,-0.4878460168838501,0.4409448802471161
n402,n400,81.5,0.5,56,3,0.48126220703125,124.6721623335447,-0.0078125,-1.6818605661392212,0.29921260476112366
n400,n399,81.5,0.25,80,1,0.48126220703125,124.6721623335447,0.0078125,-0.6818605661392212,0.3858267664909363
n403,n402,81.75,0.25,83,1,0.1583251953125,378.9668465690054,0.0,1.3887711763381958,0.4881889820098877
n405,n401,82.0,0.5,52,3,0.3246561586856842,184.81090961865593,0.15104293823242188,-1.1139500141143799,0.29133859276771545
n406,n404,82.0,0.5,56,3,0.3246561586856842,184.81090961865593,-0.07708358764648438,-1.1139500141143799,0.4409448802471161
n404,n403,82.0,0.25,76,1,0.3246561586856842,184.81090961865593,-0.0739593505859375,0.31603771448135376,0.5433070659637451
n409,n405,82.5,0.5,52,3,0.0756937637925148,792.6676782048626,0.08368047326803207,0.9867161512374878,0.3937007784843445
n410,n409,82.5,0.5,56,3,0.0756937637925148,792.6676782048626,-0.14861170947551727,0.9867161512374878,0.3779527544975281
n408,n406,82.5,0.25,71,1,0.0756937637925148,792.6676782048626,0.0649312362074852,1.9867161512374878,0.33070865273475647
n411,n407,82.75,0.25,80,1,1.4472198486328125,41.458801201961094,0.0,-1.767749309539795,0.4566929042339325
n415,n411,83.0,1.0,52,3,0.5387144088745117,111.37626729782981,0.0013885498046875,-2.844558000564575,0.33070865273475647
n416,n412,83.0,1.0,57,3,0.5387144088745117,111.37626729782981,0.000347137451171875,-1.916451096534729,0.3779527544975281
n414,n413,83.0,1.0,81,1,0.5387144088745117,111.37626729782981,-0.001735687255859375,-2.844558000564575,0.4724409580230713
n417,n393,84.0,1.0,45,3,0.5387144088745117,111.37626729782981,2.329165458679199,-0.35448724031448364,0.30708661675453186
n421,n408,85.0,0.25,71,1,0.5387144088745117,111.37626729782981,1.3215274810791016,-0.6307788491249084,0.4724409580230713
n426,n410,85.75,0.25,71,1,0.5387144088745117,111.37626729782981,1.484417200088501,1.18764066696167,0.4094488322734833
n435,n435,87.0,1.0,60,1,0.017053110525012016,3518.4196989749894,0.0,2.1666030883789062,0.4330708682537079
n440,n414,88.25,0.25,81,1,0.017053110525012016,3518.4196989749894,1.5989149808883667,5.059688091278076,0.5118110179901123
n441,n415,88.5,0.25,80,1,0.017053110525012016,3518.4196989749894,1.4849531650543213,4.136855602264404,0.4645669162273407
n442,n416,88.75,0.25,81,1,0.017053110525012016,3518.4196989749894,1.3683820962905884,4.754833221435547,0.36220473051071167
n443,n417,89.0,0.25,83,1,0.017053110525012016,3518.4196989749894,1.2424345016479492,4.195749282836914,0.5433070659637451
n444,n418,89.25,0.25,86,1,0.017053110525012016,3518.4196989749894,1.1498273611068726,6.057043075561523,0.4881889820098877
n446,n421,89.5,0.5,52,3,0.017053110525012016,3518.4196989749894,0.9895016551017761,3.8061344623565674,0.27559053897857666
n447,n420,89.5,0.5,56,3,0.017053110525012016,3518.4196989749894,1.004607915878296,3.9781579971313477,0.33070865273475647
n445,n419,89.5,0.25,80,1,0.017053110525012016,3518.4196989749894,1.0087735652923584,5.022212982177734,0.33070865273475647
n448,n423,89.75,0.25,83,1,0.017053110525012016,3518.4196989749894,0.8906460404396057,4.632266521453857,0.5354330539703369
n451,n425,90.0,0.5,56,3,0.017053110525012016,3518.4196989749894,0.7803234457969666,3.1368558406829834,0.4409448802471161
n449,n424,90.0,0.25,76,1,0.017053110525012016,3518.4196989749894,0.7808422446250916,4.136855602264404,0.5433070659637451
n452,n427,90.25,0.25,80,1,0.017053110525012016,3518.4196989749894,0.6569851040840149,4.490492820739746,0.4409448802471161
n454,n430,90.5,0.5,52,3,0.017053110525012016,3518.4196989749894,0.5383312106132507,3.1368558406829834,0.19685038924217224
n455,n429,90.5,0.5,56,3,0.017053110525012016,3518.4196989749894,0.5461437106132507,3.1567554473876953,0.4094488322734833
n453,n428,90.5,0.25,71,1,0.017053110525012016,3518.4196989749894,0.5466625094413757,4.55189323425293,0.4960629940032959
n456,n431,90.75,0.25,74,1,0.017053110525012016,3518.4196989749894,0.4259257912635803,4.136855602264404,0.3858267664909363
n457,n432,91.0,0.25,84,1,0.017053110525012016,3518.4196989749894,0.29581254720687866,5.6251420974731445,0.4251968562602997
n458,n433,91.25,0.25,88,1,0.017053110525012016,3518.4196989749894,0.2005961388349533,4.761346817016602,0.3937007784843445
n460,n436,91.5,0.5,57,3,0.1847127228975296,324.8287343654467,0.0746561661362648,-0.30032071471214294,0.34645670652389526
n461,n438,91.5,0.5,60,3,0.1847127228975296,324.8287343654467,-0.16024525463581085,-0.30032071471214294,0.4724409580230713
n459,n434,91.5,0.25,81,1,0.1847127228975296,324.8287343654467,0.08558908849954605,1.237113356590271,0.5196850299835205
n462,n437,91.75,0.25,84,1,0.807647705078125,74.28981673908936,0.0,-0.7849074602127075,0.3779527544975281
n464,n440,92.0,0.5,57,3,0.125701904296875,477.319737800437,0.08159637451171875,0.25495606660842896,0.4251968562602997
n465,n444,92.0,0.5,60,3,0.125701904296875,477.319737800437,-0.16840362548828125,0.25495606660842896,0.4094488322734833
n463,n439,92.0,0.25,76,1,0.125701904296875,477.319737800437,0.0868072509765625,1.2549560070037842,0.5118110179901123
n466,n441,92.25,0.25,81,1,2.07916259765625,28.857771906649052,0.0,-1.9460848569869995,0.4645669162273407
n468,n442,92.5,0.5,57,3,0.08507028967142105,705.2991147878589,0.397918701171875,0.8182352185249329,0.33070865273475647
n469,n462,92.5,0.5,60,3,0.08507028967142105,705.2991147878589,-0.7864608764648438,1.8674787282943726,0.7322834730148315
n467,n443,92.5,0.5,72,1,0.08507028967142105,705.2991147878589,0.38854217529296875,0.8182352185249329,0.5118110179901123
n470,n445,93.0,0.25,86,1,0.08507028967142105,705.2991147878589,0.19201786816120148,2.468489170074463,0.4960629940032959
n471,n446,93.25,0.25,89,1,0.08507028967142105,705.2991147878589,0.09348869323730469,2.3762307167053223,0.6141732335090637
n473,n449,93.5,0.5,59,3,0.4489593505859375,133.6423886075519,0.0006968180532567203,-1.5816222429275513,0.5275590419769287
n474,n450,93.5,0.5,62,3,0.4489593505859375,133.6423886075519,-0.0039952597580850124,-1.5816222429275513,0.4803149700164795
n472,n447,93.5,0.25,83,1,0.4489593505859375,133.6423886075519,0.0032984416466206312,0.9279327988624573,0.6220472455024719
n475,n448,93.75,0.25,86,1,0.4489593505859375,133.6423886075519,0.11397425085306168,0.5292234420776367,0.5275590419769287
n477,n452,94.0,0.5,59,3,0.4951375424861908,121.17845013069955,-0.00034840902662836015,-1.7228667736053467,0.4488188922405243
n478,n453,94.0,0.5,62,3,0.4951375424861908,121.17845013069955,-0.0013860067119821906,-1.7228667736053467,0.4173228442668915
n476,n451,94.0,0.25,79,1,0.4951375424861908,121.17845013069955,0.0017344156512990594,-0.016274837777018547,0.6062992215156555
n479,n454,94.25,0.25,83,1,0.42291259765625,141.87328618848318,0.0,0.10286233574151993,0.6062992215156555
n481,n457,94.5,0.5,59,3,0.5625,106.66666666666667,-0.0036468505859375,-0.4008585810661316,0.6456692814826965
n482,n455,94.5,0.5,62,3,0.5625,106.66666666666667,0.00677490234375,-1.9068905115127563,0.5275590419769287
n480,n456,94.5,0.25,74,1,0.5625,106.66666666666667,-0.0031280517578125,-0.20645083487033844,0.5984252095222473
n483,n459,94.75,0.25,79,1,0.732635498046875,81.89611363352356,0.0,-0.8507277965545654,0.5826771855354309
n485,n463,95.0,1.0,60,3,0.3295135498046875,182.08659411900902,-0.1553802490234375,-2.1353752613067627,0.5511810779571533
n486,n461,95.0,1.0,64,3,0.3295135498046875,182.08659411900902,0.07691192626953125,-1.2884920835494995,0.7559055089950562
n484,n460,95.0,0.25,88,1,0.3295135498046875,182.08659411900902,0.07846832275390625,-0.1353752315044403,0.6771653294563293
n488,n464,95.5,0.25,84,1,0.475006103515625,126.31416639897205,0.0,-0.5945038199424744,0.6535432934761047
n490,n465,96.0,0.25,81,1,0.48748779296875,123.08000500813823,0.0,-0.3704827129840851,0.6220472455024719
n491,n467,96.25,0.25,84,1,0.48541259765625,123.60618634477555,0.0,-0.18469391763210297,0.6220472455024719
n492,n468,96.5,0.25,76,1,0.412506103515625,145.4523932825331,0.0,-0.2806497812271118,0.6377952694892883
n493,n469,96.75,0.25,81,1,0.647918701171875,92.6042108237954,0.0,-1.110850214958191,0.5354330539703369
n495,n472,97.0,0.25,53,3,0.48541259765625,123.60618634477555,-0.000518798828125,-0.32501527667045593,0.5905511975288391
n494,n471,97.0,0.25,65,1,0.48541259765625,123.60618634477555,0.000518798828125,0.2443503737449646,0.6771653294563293
n496,n474,97.25,0.25,64,1,0.4572906494140625,131.20758116720611,0.0,0.016341963782906532,0.5905511975288391
n499,n477,97.5,0.25,50,3,0.4698028564453125,127.71314430478418,-0.004947662353515625,-0.36580684781074524,0.6062992215156555
n498,n475,97.5,0.25,62,1,0.4698028564453125,127.71314430478418,0.004947662353515625,-0.2245609313249588,0.6141732335090637
n501,n479,97.75,0.25,48,3,0.463531494140625,129.44104285996445,-0.0036468505859375,-0.04943704605102539,0.4409448802471161
n500,n478,97.75,0.25,60,1,0.463531494140625,129.44104285996445,0.0036468505859375,0.06655631959438324,0.6299212574958801
n503,n480,98.0,0.25,47,3,0.492706298828125,121.77640136265097,0.00182342529296875,-0.08479050546884537,0.6299212574958801
n502,n481,98.0,0.25,59,1,0.492706298828125,121.77640136265097,-0.00182342529296875,0.14773263037204742,0.6377952694892883
n505,n483,98.25,0.25,44,3,0.50103759765625,119.75149226458765,-0.000518798828125,-0.5789644718170166,0.5905511975288391
n504,n482,98.25,0.25,56,1,0.50103759765625,119.75149226458765,0.000518798828125,-0.7399563193321228,0.6299212574958801
n507,n485,98.5,0.25,44,3,0.4510498046875,133.02300405953991,-0.00963592529296875,0.009935124777257442,0.4960629940032959
n506,n484,98.5,0.25,56,1,0.4510498046875,133.02300405953991,0.00963592529296875,0.2529780864715576,0.5826771855354309
n509,n486,98.75,0.25,52,3,0.479156494140625,125.22004967836443,0.0046844482421875,-0.6755343675613403,0.6062992215156555
n508,n487,98.75,0.25,64,1,0.479156494140625,125.22004967836443,-0.0046844482421875,-0.6755343675613403,0.6929134130477905
n510,n488,99.0,0.25,64,1,0.4625244140625,129.72288202692002,0.0,-0.19457916915416718,0.6692913174629211
n512,n489,99.25,0.25,62,1,0.4541473388671875,132.1157141417196,0.0,-0.1534130871295929,0.6614173054695129
n514,n491,99.5,0.5,40,3,0.4020843505859375,149.2224204015028,-0.005207061767578125,-1.4225356578826904,0.6062992215156555
n513,n490,99.5,0.25,60,1,0.4020843505859375,149.2224204015028,0.005207061767578125,-0.23490867018699646,0.6299212574958801
n516,n492,99.75,0.25,59,1,0.456268310546875,131.50157180121732,0.0,0.296617329120636,0.5826771855354309
n517,n493,100.0,0.25,57,1,0.479156494140625,125.22004967836443,0.0,-0.0125694265589118,0.6062992215156555
n519,n495,100.25,0.25,55,1,0.4895782470703125,122.55446470313231,0.0,-0.02475295215845108,0.5748031735420227
n522,n497,100.5,0.5,45,3,0.4499969482421875,133.33423756400256,0.000522613525390625,-1.3454868793487549,0.5669291615486145
n520,n498,100.5,0.25,53,1,0.4499969482421875,133.33423756400256,-0.000522613525390625,-0.42396080493927,0.5669291615486145
n523,n502,100.75,0.25,50,1,0.53680419921875,111.77259806708356,0.0,-0.2084585428237915,0.5196850299835205
n525,n505,101.0,1.0,45,3,0.30487060546875,196.8048048048048,-0.00069427490234375,0.6222237348556519,0.5196850299835205
n526,n503,101.0,1.0,48,3,0.30487060546875,196.8048048048048,0.0013885498046875,0.5499919056892395,0.5511810779571533
n524,n506,101.0,0.25,52,1,0.30487060546875,196.8048048048048,-0.00069427490234375,0.8995976448059082,0.5669291615486145
n527,n508,101.25,0.25,57,1,0.745819091796875,80.44846352142068,0.0,1.154647707939148,0.5039370059967041
n528,n509,101.5,0.25,60,1,0.46563720703125,128.85568226504128,0.0,-0.04261765629053116,0.5039370059967041
n529,n504,101.75,0.25,64,1,0.46563720703125,128.85568226504128,0.379425048828125,1.0191984176635742,0.5354330539703369
n531,n511,102.0,0.5,44,3,0.47916412353515625,125.21805588727013,0.0,-1.3942712545394897,0.5511810779571533
n532,n512,102.0,0.5,47,3,0.47916412353515625,125.21805588727013,0.0,-0.21612580120563507,0.4488188922405243
n533,n510,102.25,0.25,64,1,0.47916412353515625,125.21805588727013,0.22031593322753906,-0.012592397630214691,0.4960629940032959
n535,n514,102.5,0.5,44,3,0.5378443598747253,111.55643616672897,0.006771087646484375,-1.8422261476516724,0.5275590419769287
n534,n515,102.5,0.25,56,1,0.5378443598747253,111.55643616672897,-0.006771087646484375,-0.45756229758262634,0.4094488322734833
n537,n513,102.75,0.25,64,1,0.5378443598747253,111.55643616672897,0.23706500232219696,-0.5942987203598022,0.4409448802471161
n539,n520,103.0,1.0,45,3,0.4059041440486908,147.8181508607673,-0.09149423986673355,-2.4361765384674072,0.4488188922405243
n540,n518,103.0,1.0,48,3,0.4059041440486908,147.8181508607673,0.04444630816578865,-0.44371017813682556,0.4251968562602997
n538,n517,103.0,0.25,52,1,0.4059041440486908,147.8181508607673,0.0470479317009449,0.18180105090141296,0.4251968562602997
n541,n519,103.25,0.25,57,1,0.4059041440486908,147.8181508607673,0.1250864714384079,0.8655736446380615,0.34645670652389526
n542,n521,103.5,0.25,60,1,0.4333292543888092,138.46284180519316,0.0,-0.530501127243042,0.3779527544975281
n543,n516,103.75,0.25,64,1,0.4333292543888092,138.46284180519316,0.4750010073184967,0.1069287583231926,0.4409448802471161
n545,n525,104.0,0.5,44,3,0.5010477900505066,119.7490562605852,0.0005238850717432797,-1.7399855852127075,0.4724409580230713
n546,n524,104.0,0.5,47,3,0.5010477900505066,119.7490562605852,0.0020802814979106188,-1.7399855852127075,0.4488188922405243
n544,n526,104.0,0.25,52,1,0.5010477900505066,119.7490562605852,-0.0026041667442768812,-0.7399855852127075,0.4803149700164795
n547,n523,104.25,0.25,64,1,0.5010477900505066,119.7490562605852,0.24036407470703125,-0.7399855852127075,0.4015747904777527
n549,n528,104.5,0.5,44,3,0.4683939516544342,128.09729884015678,0.0020853679161518812,-1.642759919166565,0.4960629940032959
n550,n529,104.5,0.5,47,3,0.4683939516544342,128.09729884015678,-0.0010426839580759406,-1.642759919166565,0.31496062874794006
n548,n530,104.5,0.25,56,1,0.4683939516544342,128.09729884015678,-0.0010426839580759406,-0.6427599191665649,0.4803149700164795
n551,n527,104.75,0.25,64,1,0.4683939516544342,128.09729884015678,0.25199636816978455,-0.06449215859174728,0.3937007784843445
n553,n534,105.0,1.0,40,3,0.4486083984375,133.74693877551022,-0.01944732666015625,0.4344561696052551,0.28346458077430725
n554,n532,105.0,1.0,48,3,0.4486083984375,133.74693877551022,0.01857757568359375,-2.5804941654205322,0.4330708682537079
n552,n533,105.0,0.25,52,1,0.4486083984375,133.74693877551022,0.0008697509765625,-0.5804940462112427,0.4409448802471161
n555,n535,105.25,0.25,57,1,0.570831298828125,105.10986367281475,0.0,-0.9281018972396851,0.4960629940032959
n556,n537,105.5,0.25,60,1,0.6972249150276184,86.05544452986636,0.0,-1.2166615724563599,0.4960629940032959
n557,n531,105.75,0.25,64,1,0.6972249150276184,86.05544452986636,0.5623219609260559,-0.6930996775627136,0.4960629940032959
n559,n541,106.0,0.5,47,3,0.7506968379020691,79.9257396203755,0.04965464398264885,-1.9696309566497803,0.3700787425041199
n560,n540,106.0,0.5,50,3,0.7506968379020691,79.9257396203755,0.0678812637925148,3.3938372135162354,0.3937007784843445
n558,n542,106.0,0.25,52,1,0.7506968379020691,79.9257396203755,-0.11753591150045395,0.4404977262020111,0.33070865273475647
n561,n538,106.25,0.25,64,1,0.7506968379020691,79.9257396203755,0.3940976560115814,4.443629264831543,0.4173228442668915
n562,n543,106.5,0.25,56,1,1.5545145273208618,38.59725910918787,0.0,0.2429148554801941,0.3937007784843445
n567,n522,107.0,2.0,45,3,0.1367475688457489,438.7646559748344,2.4048588275909424,-1.008571743965149,0.3779527544975281
n569,n547,107.0,2.0,52,3,0.1367475688457489,438.7646559748344,-2.74774432182312,2.5094521045684814,0.31496062874794006
n566,n544,107.0,2.0,57,1,0.1367475688457489,438.7646559748344,0.3428853452205658,3.4875741004943848,0.28346458077430725
n572,n536,110.0,0.5,45,3,5.024482727050781,11.941527767022134,1.9171905517578125,-5.0659403800964355,0.4330708682537079
n571,n545,110.0,0.5,76,2,5.024482727050781,11.941527767022134,-1.9171905517578125,-0.3452214002609253,0.5275590419769287
n574,n551,110.5,0.5,52,3,0.35884857177734375,167.20144573190177,-0.19244766235351562,2.7296407222747803,0.31496062874794006
n573,n546,110.5,0.5,74,2,0.35884857177734375,167.20144573190177,0.19244766235351562,3.1339046955108643,0.4645669162273407
n577,n548,111.0,0.5,60,3,0.6326446533203125,94.83997009237596,0.00156402587890625,1.9291915893554688,0.33070865273475647
n576,n549,111.0,0.5,72,2,0.6326446533203125,94.83997009237596,0.0,1.9273192882537842,0.4173228442668915
n575,n550,111.0,0.5,81,1,0.6326446533203125,94.83997009237596,-0.00156402587890625,1.925444483757019,0.4645669162273407
n580,n555,111.5,0.5,57,3,0.6074676513671875,98.7706915174198,-0.0008697509765625,1.5443973541259766,0.29133859276771545
n579,n554,111.5,0.5,71,2,0.6074676513671875,98.7706915174198,-0.00034332275390625,1.5452452898025513,0.4566929042339325
n578,n552,111.5,0.5,79,1,0.6074676513671875,98.7706915174198,0.00121307373046875,1.5477858781814575,0.4173228442668915
n582,n558,112.0,0.5,72,2,0.29531097412109375,203.17565298266464,-0.00390625,1.9717435836791992,0.4645669162273407
n581,n557,112.0,1.0,81,1,0.29531097412109375,203.17565298266464,0.00390625,1.2494072914123535,0.5275590419769287
n585,n556,112.5,0.5,52,3,0.8729171752929688,68.73504348206092,0.15156173706054688,0.42746448516845703,0.31496062874794006
n584,n559,112.5,0.5,69,2,0.8729171752929688,68.73504348206092,-0.15156173706054688,-0.6206948757171631,0.4173228442668915
n587,n560,113.0,0.5,45,3,0.9333267211914062,64.2861697170837,0.0,1.9723745584487915,0.25196850299835205
n586,n561,113.0,0.5,79,1,0.9333267211914062,64.2861697170837,0.0,1.9723745584487915,0.5511810779571533
n589,n564,113.5,0.5,53,3,0.3932342529296875,152.58080788483178,-0.15885543823242188,2.6164448261260986,0.32283464074134827
n588,n563,113.5,0.5,81,1,0.3932342529296875,152.58080788483178,0.15885543823242188,2.953869342803955,0.5748031735420227
n591,n566,114.0,0.5,60,3,0.5869827270507812,102.21765860379271,-0.008594512939453125,1.9819573163986206,0.30708661675453186
n590,n565,114.0,2.0,76,1,0.5869827270507812,102.21765860379271,0.008594512939453125,0.05955050513148308,0.5669291615486145
n592,n567,114.5,0.5,57,3,0.5427093505859375,110.55641465403323,0.0,1.6882442235946655,0.4645669162273407
n593,n568,115.0,0.5,65,3,0.5604095458984375,107.06455741007977,0.0,1.1059755086898804,0.29921260476112366
n594,n570,115.5,0.5,53,3,0.60833740234375,98.62947727500753,0.0,0.0862901508808136,0.25984251499176025
n596,n571,116.0,0.5,45,3,0.744781494140625,80.56054087277197,0.0041656494140625,3.4406187534332275,0.3937007784843445
n595,n572,116.0,1.0,74,1,0.744781494140625,80.56054087277197,-0.0041656494140625,2.4376423358917236,0.6062992215156555
n597,n573,116.5,0.5,56,3,0.66302490234375,90.49433858050263,0.0,3.467334270477295,0.4330708682537079
n599,n576,117.0,0.5,62,3,0.6031265258789062,99.48161360100185,-0.0080718994140625,3.4637253284454346,0.4251968562602997
n598,n575,117.0,0.5,64,1,0.6031265258789062,99.48161360100185,0.0080718994140625,3.4707095623016357,0.5826771855354309
n601,n578,117.5,0.5,59,3,0.6755142211914062,88.82122406568708,-0.007549285888671875,3.1633739471435547,0.4409448802471161
n600,n577,117.5,0.5,65,1,0.6755142211914062,88.82122406568708,0.007549285888671875,3.1705570220947266,0.5511810779571533
n602,n579,118.0,0.75,79,1,1.2010498046875,49.956296371582475,0.0,1.5814728736877441,0.5905511975288391
n604,n581,118.5,0.5,53,3,0.01251220703125,4795.317073170731,0.0,8.387685775756836,0.36220473051071167
n605,n582,118.75,0.25,77,1,0.821868896484375,73.00434443578033,0.0,3.348031997680664,0.5590550899505615
n607,n583,119.0,0.5,45,3,0.6046905517578125,99.22430543289005,0.00234222412109375,2.643401622772217,0.4409448802471161
n606,n584,119.0,3.0,76,1,0.6046905517578125,99.22430543289005,-0.00234222412109375,0.0879671573638916,0.6062992215156555
n608,n585,119.5,0.5,52,3,0.640625,93.65853658536585,0.0,2.3063619136810303,0.3779527544975281
n609,n586,120.0,0.5,60,3,0.557281494140625,107.66551667488089,0.0,2.1815896034240723,0.4409448802471161
n610,n587,120.5,0.5,57,3,0.568756103515625,105.49337339700595,0.0,1.7929236888885498,0.4094488322734833
n611,n588,121.0,0.5,64,3,0.6052093505859375,99.13924816579684,0.0,1.2120658159255981,0.4488188922405243
n612,n589,121.5,0.5,52,3,0.8005142211914062,74.9518227305218,0.0,-0.006573595572263002,0.3385826647281647
n614,n590,122.0,0.5,41,3,0.7890701293945312,76.03886874546772,0.002346038818359375,2.3726255893707275,0.34645670652389526
n613,n591,122.0,1.0,81,1,0.7890701293945312,76.03886874546772,-0.002346038818359375,1.3693119287490845,0.5748031735420227
n615,n592,122.5,0.5,53,3,0.649993896484375,92.3085590872811,0.0,2.3407766819000244,0.3937007784843445
n616,n594,123.0,0.5,81,1,0.6965281367301941,86.14153088153206,0.000518798828125,1.9243322610855103,0.6220472455024719
n617,n595,123.0,0.5,84,1,0.6965281367301941,86.14153088153206,-0.000518798828125,1.9231948852539062,0.6141732335090637
n621,n596,123.5,0.5,57,3,0.6414998173713684,93.53081384474598,0.0039952597580850124,3.2775869369506836,0.4409448802471161
n619,n598,123.5,0.5,79,1,0.6414998173713684,93.53081384474598,-0.0017344156512990594,1.5985485315322876,0.6614173054695129
n620,n599,123.5,0.5,83,1,0.6414998173713684,93.53081384474598,-0.0022608439903706312,1.5977747440338135,0.5984252095222473
n622,n601,124.0,0.75,77,1,0.4874928891658783,123.07871834328216,-0.00182342529296875,0.8312516808509827,0.6220472455024719
n623,n600,124.0,0.75,81,1,0.4874928891658783,123.07871834328216,0.00182342529296875,0.8393145203590393,0.6220472455024719
n625,n597,124.5,0.5,53,3,0.4874928891658783,123.07871834328216,0.5658823847770691,1.9992501735687256,0.33070865273475647
n626,n603,124.75,0.25,72,1,1.1875,50.526315789473685,-0.008594512939453125,0.4055146872997284,0.4409448802471161
n627,n602,124.75,0.25,76,1,1.1875,50.526315789473685,0.008594512939453125,-0.007613213267177343,0.6220472455024719
n630,n605,125.0,0.5,38,3,0.8109359741210938,73.9885785249927,-0.009113311767578125,-0.30992981791496277,0.25984251499176025
n629,n604,125.0,1.0,79,1,0.8109359741210938,73.9885785249927,0.009113311767578125,0.1174030750989914,0.6220472455024719
n631,n606,125.5,0.5,45,3,3.2180633544921875,18.644754124011968,0.0,-4.423158168792725,0.28346458077430725
n634,n628,126.0,0.5,57,3,0.07973098754882812,752.5305009329697,-2.6180572509765625,6.7600250244140625,0.29921260476112366
n632,n609,126.0,2.0,74,1,0.07973098754882812,752.5305009329697,1.3059005737304688,3.14909291267395,0.4015747904777527
n633,n607,126.0,2.0,77,1,0.07973098754882812,752.5305009329697,1.3121566772460938,3.2251369953155518,0.4881889820098877
n635,n610,126.5,0.5,53,3,0.07973098754882812,752.5305009329697,0.9744129180908203,4.709771633148193,0.35433071851730347
n636,n611,127.0,0.5,62,3,0.07973098754882812,752.5305009329697,0.6387596130371094,4.066005706787109,0.4094488322734833
n637,n612,127.5,0.5,50,3,0.07973098754882812,752.5305009329697,0.31508445739746094,2.931649684906006,0.29921260476112366
n639,n613,128.0,0.5,40,3,0.7687454223632812,78.04924524369548,0.00182342529296875,4.1409735679626465,0.24409449100494385
n638,n614,128.0,0.5,74,1,0.7687454223632812,78.04924524369548,-0.00182342529296875,4.14019775390625,0.5590550899505615
n641,n616,128.5,0.5,52,3,0.7843780517578125,76.4937262912168,-0.007030487060546875,4.025747776031494,0.33070865273475647
n640,n615,128.5,0.5,73,1,0.7843780517578125,76.4937262912168,0.007030487060546875,4.0289201736450195,0.5826771855354309
n643,n618,129.0,0.5,59,3,0.6500015258789062,92.30747561533857,-0.006511688232421875,4.205570697784424,0.33070865273475647
n642,n617,129.0,0.5,74,1,0.6500015258789062,92.30747561533857,0.006511688232421875,4.208700180053711,0.6062992215156555
n645,n620,129.5,0.5,56,3,0.8223876953125,72.95829004007719,-0.0080718994140625,3.785405158996582,0.34645670652389526
n644,n619,129.5,0.5,77,1,0.8223876953125,72.95829004007719,0.0080718994140625,3.7895076274871826,0.6220472455024719
n646,n622,130.0,0.5,76,1,0.8552093505859375,70.15826003175906,0.0,3.6225407123565674,0.5748031735420227
n648,n623,130.5,0.5,64,1,0.9471435546875,63.34836963526227,0.0,3.3530726432800293,0.6062992215156555
n652,n627,131.0,0.5,45,3,0.9278564453125,64.6651756347849,-0.0446624755859375,3.2193360328674316,0.32283464074134827
n653,n624,131.0,0.0,64,1,0.9278564453125,64.6651756347849,0.02356719970703125,0.0,0.4251968562602997
n650,n626,131.0,1.0,71,1,0.9278564453125,64.6651756347849,0.00377655029296875,2.2354190349578857,0.4015747904777527
n651,n625,131.0,1.0,74,1,0.9278564453125,64.6651756347849,0.0173187255859375,2.2398834228515625,0.5354330539703369
n654,n629,131.5,0.5,52,3,0.8024342656135559,74.77247990416124,0.0,3.2815968990325928,0.28346458077430725
n657,n631,132.0,0.5,60,3,0.6934000849723816,86.53013072876942,0.0053812661208212376,3.3379547595977783,0.33070865273475647
n655,n632,132.0,2.0,69,1,0.6934000849723816,86.53013072876942,-0.01805623434484005,1.3282772302627563,0.22834645211696625
n656,n630,132.0,2.0,72,1,0.6934000849723816,86.53013072876942,0.012674967758357525,1.3409522771835327,0.4724409580230713
n658,n633,132.5,0.5,57,3,0.7447967529296875,80.55889041404602,0.0,3.082101821899414,0.3779527544975281
n659,n634,133.0,0.5,64,3,2.6437530517578125,22.695009263481108,0.0,1.0731459856033325,0.4488188922405243
n660,n639,133.5,0.5,52,3,0.1102379709482193,544.2770715381096,0.0,4.726657390594482,0.33070865273475647
n662,n637,134.0,0.5,45,3,0.1102379709482193,544.2770715381096,0.5035595297813416,5.113226413726807,0.29133859276771545
n661,n636,134.0,0.3330078125,76,1,0.1102379709482193,544.2770715381096,0.5441860556602478,5.729996681213379,0.4566929042339325
n663,n638,134.3330078125,0.333984375,75,1,0.1102379709482193,544.2770715381096,0.18245866894721985,5.395722389221191,0.4251968562602997
n665,n640,134.6669921875,0.3330078125,76,1,0.7389914989471436,81.19173236158093,0.0,2.4349594116210938,0.5511810779571533
n667,n641,135.0,0.5,60,3,0.5309865474700928,112.99721299131299,0.004947662353515625,2.037029266357422,0.3937007784843445
n666,n642,135.0,0.3330078125,83,1,0.5309865474700928,112.99721299131299,-0.004947662353515625,2.610238790512085,0.5669291615486145
n668,n643,135.3330078125,0.333984375,81,1,5.16493034362793,11.616807199350347,0.0,-0.926135241985321,0.5984252095222473
n669,n649,135.5,0.5,57,3,0.0352427177131176,1702.4793742755985,0.0,8.111162185668945,0.3937007784843445
n670,n644,135.6669921875,0.3330078125,76,1,0.0352427177131176,1702.4793742755985,0.7064086198806763,5.989828109741211,0.5984252095222473
n672,n648,136.0,0.5,64,3,0.0352427177131176,1702.4793742755985,0.24834950268268585,3.9694888591766357,0.5826771855354309
n671,n646,136.0,0.3330078125,72,1,0.0352427177131176,1702.4793742755985,0.39626821875572205,5.17489767074585,0.3779527544975281
n673,n647,136.3330078125,0.333984375,69,1,0.0352427177131176,1702.4793742755985,0.4033198654651642,5.154633045196533,0.5275590419769287
n677,n650,137.0,0.5,45,3,1.9073268175125122,31.457639796755174,0.035675048828125,2.3479812145233154,0.36220473051071167
n676,n651,137.0,0.5,79,1,1.9073268175125122,31.457639796755174,-0.035675048828125,2.3266212940216064,0.5669291615486145
n678,n654,137.3330078125,0.333984375,67,2,0.01091922540217638,5494.895268673638,0.0,10.164145469665527,0.4645669162273407
n679,n653,137.5,0.5,81,1,0.01091922540217638,5494.895268673638,0.16640472412109375,9.637655258178711,0.6299212574958801
n681,n655,137.6669921875,0.3330078125,68,2,1.4326505661010742,41.88041481970627,0.0,3.1314399242401123,0.6299212574958801
n684,n656,138.0,0.5,60,3,1.0033842325210571,59.797630912782786,0.22291819751262665,2.9683926105499268,0.3858267664909363
n683,n658,138.0,2.0,69,2,1.0033842325210571,59.797630912782786,0.1906229704618454,0.956479012966156,0.4173228442668915
n682,n659,138.0,2.0,77,1,1.0033842325210571,59.797630912782786,-0.41354116797447205,0.7132590413093567,0.5748031735420227
n689,n660,140.0,0.5,45,3,1.2682342529296875,47.309871864284425,0.043750762939453125,1.4567842483520508,0.34645670652389526
n688,n661,140.0,0.5,74,1,1.2682342529296875,47.309871864284425,-0.043750762939453125,1.38237464427948,0.5039370059967041
n691,n662,140.5,0.5,56,3,1.0281219482421875,58.35883583905965,0.07161331176757812,1.1418862342834473,0.34645670652389526
n690,n663,140.5,0.25,89,1,1.0281219482421875,58.35883583905965,-0.07161331176757812,1.947157859802246,0.4881889820098877
n692,n664,140.75,0.25,85,1,2.5697784423828125,23.34831634137507,0.0,0.3267228901386261,0.6062992215156555
n694,n680,141.0,0.5,62,3,0.09114837646484375,658.267347451243,-0.4424476623535156,3.975013256072998,0.3937007784843445
n693,n666,141.0,0.1669921875,88,1,0.09114837646484375,658.267347451243,0.4424476623535156,5.314531326293945,0.6535432934761047
n695,n667,141.1669921875,0.166015625,86,1,0.09114837646484375,658.267347451243,0.31183284521102905,4.9256272315979,0.6535432934761047
n696,n668,141.3330078125,0.1669921875,81,1,0.09114837646484375,658.267347451243,0.18738514184951782,4.395338535308838,0.6377952694892883
n698,n673,141.5,0.5,59,3,0.40236660838127136,149.11774175640755,-0.069793701171875,-1.4235479831695557,0.4330708682537079
n697,n671,141.5,0.1669921875,77,1,0.40236660838127136,149.11774175640755,0.069793701171875,1.4805275201797485,0.6377952694892883
n699,n672,141.6669921875,0.166015625,74,1,3.5011489391326904,17.137231532590352,0.0,-2.9541850090026855,0.5826771855354309
n700,n686,141.8330078125,0.1669921875,69,1,0.09839403629302979,609.7930551533883,0.0,4.823058605194092,0.24409449100494385
n702,n676,142.0,0.5,65,3,0.09839403629302979,609.7930551533883,0.38257330656051636,4.078639507293701,0.3937007784843445
n701,n689,142.0,0.1669921875,70,1,0.09839403629302979,609.7930551533883,-0.22680169343948364,3.755251884460449,0.4173228442668915
n703,n681,142.1669921875,0.166015625,71,1,0.09839403629302979,609.7930551533883,0.2828620672225952,5.452119827270508,0.5669291615486145
n704,n683,142.3330078125,0.1669921875,72,1,0.09839403629302979,609.7930551533883,0.19242364168167114,5.210366725921631,0.5354330539703369
n705,n687,142.5,0.1669921875,73,1,0.02183845080435276,2747.447634336819,0.0,6.775325298309326,0.5354330539703369
n707,n688,142.6669921875,0.166015625,74,1,1.0478401184082031,57.26064401041192,0.0,1.1861555576324463,0.5984252095222473
n708,n690,142.8330078125,0.1669921875,75,1,1.492393136024475,40.203883649472914,0.0,-0.16766110062599182,0.4724409580230713
n711,n692,143.0,0.5,45,3,1.0984268188476562,54.6235752536934,-0.043491363525390625,-1.2285481691360474,0.3779527544975281
n710,n691,143.0,0.75,77,1,1.0984268188476562,54.6235752536934,0.043491363525390625,-2.0015828609466553,0.5590550899505615
n712,n693,143.5,0.5,52,3,0.8604278564453125,69.73274929507528,0.0,2.236649751663208,0.27559053897857666
n713,n695,143.75,0.25,74,1,0.9270884394645691,64.71874466976679,-0.000522613525390625,2.966787576675415,0.4094488322734833
n714,n694,143.75,0.25,77,1,0.9270884394645691,64.71874466976679,0.000522613525390625,2.967616558074951,0.5039370059967041
n717,n698,144.0,0.5,60,3,0.9270884394645691,64.71874466976679,0.0005213419790379703,1.7702865600585938,0.32283464074134827
n715,n685,144.0,2.0,72,1,0.9270884394645691,64.71874466976679,1.5265604257583618,-1.881790041923523,0.5196850299835205
n716,n696,144.0,2.0,76,1,0.9270884394645691,64.71874466976679,0.04010264202952385,-0.1940431445837021,0.4724409580230713
n718,n699,144.5,0.5,57,3,0.713531494140625,84.08879004319746,0.0,1.6468223333358765,0.29921260476112366
n719,n700,145.0,0.5,64,3,0.5895843505859375,101.7666088666891,0.0,1.3670920133590698,0.28346458077430725
n720,n701,145.5,0.5,52,3,0.9375076293945312,63.99947917090518,0.0,-0.009661947377026081,0.29133859276771545
n722,n702,146.0,0.5,41,3,1.0588531494140625,56.665081492369545,0.001041412353515625,0.006374015472829342,0.28346458077430725
n721,n703,146.0,0.5,81,1,1.0588531494140625,56.665081492369545,-0.001041412353515625,0.0007109149591997266,0.4645669162273407
n724,n704,146.5,0.5,57,3,0.7442626953125,80.61669673609973,0.000782012939453125,1.1711742877960205,0.29921260476112366
n723,n705,146.5,0.5,80,1,0.7442626953125,80.61669673609973,-0.000782012939453125,1.168481707572937,0.4488188922405243
n726,n707,147.0,0.5,60,3,0.5004925727844238,119.88189887853477,-0.001041412353515625,0.8909704685211182,0.33070865273475647
n725,n706,147.0,0.3330078125,83,1,0.5004925727844238,119.88189887853477,0.001041412353515625,1.4838048219680786,0.5118110179901123
n727,n709,147.3330078125,0.333984375,81,1,0.4912280738353729,122.14285623282194,0.0,0.863183319568634,0.5590550899505615
n729,n710,147.6669921875,0.3330078125,76,1,0.45279279351234436,132.51094288532275,0.0,-0.16621412336826324,0.3858267664909363
n730,n697,148.0,0.3330078125,72,1,0.45279279351234436,132.51094288532275,2.992969512939453,3.4136133193969727,0.4094488322734833
n732,n715,148.3330078125,0.333984375,69,1,0.823373556137085,72.87093391910012,0.0,1.3306772708892822,0.4645669162273407
n733,n716,148.5,0.5,53,3,0.9855628609657288,60.87891739468295,0.0,0.049254730343818665,0.29921260476112366
n734,n718,148.6669921875,0.3330078125,64,1,0.33418866991996765,179.53930040288006,0.0,1.6336119174957275,0.5196850299835205
n737,n720,149.0,0.5,38,3,1.4930471181869507,40.186273607265456,-0.3220469057559967,0.04330386593937874,0.32283464074134827
n735,n712,149.0,1.0,72,1,1.4930471181869507,40.186273607265456,0.5592015385627747,-0.9124500155448914,0.5196850299835205
n736,n719,149.0,1.0,76,1,1.4930471181869507,40.186273607265456,-0.23715464770793915,-0.8056701421737671,0.5039370059967041
n738,n721,149.5,0.5,45,3,0.750701904296875,79.9252002113907,0.0,-0.12251517921686172,0.29133859276771545
n741,n724,150.0,0.5,57,3,0.7347259521484375,81.66310149321924,0.00608062744140625,2.389580249786377,0.33070865273475647
n739,n725,150.0,2.0,71,1,0.7347259521484375,81.66310149321924,-0.01788330078125,0.3715119957923889,0.29921260476112366
n740,n723,150.0,2.0,74,1,0.7347259521484375,81.66310149321924,0.01180267333984375,-3.1629607677459717,0.34645670652389526
n742,n726,150.5,0.5,53,3,0.8395843505859375,71.4639332642713,0.0,1.885974645614624,0.28346458077430725
n743,n727,151.0,0.5,62,3,1.055206298828125,56.860919108077624,0.0,1.1010568141937256,0.28346458077430725
n744,n729,151.5,0.5,50,3,1.2697906494140625,47.251883629546846,0.0,-0.07157211750745773,0.22047244012355804
n746,n730,152.0,0.5,40,3,1.9221957921981812,31.214302020391642,0.000518798828125,1.844929575920105,0.28346458077430725
n745,n731,152.0,0.3330078125,71,1,1.9221957921981812,31.214302020391642,-0.000518798828125,-2.569786787033081,0.3700787425041199
n747,n732,152.3330078125,0.333984375,64,1,0.021792763844132423,2753.2074604733834,0.0,8.593740463256836,0.33070865273475647
n748,n733,152.5,0.5,52,3,1.6655244827270508,36.02468809210108,0.0,1.7537376880645752,0.27559053897857666
n749,n734,152.6669921875,0.3330078125,65,1,0.6318731904029846,94.95576155357104,0.0,3.587921380996704,0.4251968562602997
n750,n736,153.0,0.25,66,1,0.86248779296875,69.56620196730593,0.0,3.4274191856384277,0.3700787425041199
n752,n737,153.25,0.25,67,1,0.5802001953125,103.41258152745634,0.0,3.858626365661621,0.4409448802471161
n754,n740,153.5,0.5,56,3,0.665618896484375,90.14167163357939,-0.0075531005859375,2.55186128616333,0.31496062874794006
n753,n738,153.5,0.25,68,1,0.665618896484375,90.14167163357939,0.0075531005859375,3.5629842281341553,0.5196850299835205
n755,n742,153.75,0.25,69,1,0.40106201171875,149.6028001826206,0.0,4.160243511199951,0.4960629940032959
n757,n741,154.0,0.5,68,3,2.9849629402160645,20.100752070193856,0.11119842529296875,0.2732030153274536,0.3779527544975281
n756,n743,154.0,0.0908203125,70,1,2.9849629402160645,20.100752070193856,-0.11119842529296875,2.5441935062408447,0.5039370059967041
n758,n744,154.0908203125,0.0908203125,71,1,1.7605006694793701,34.08121396383433,0.0,3.1521215438842773,0.5196850299835205
n759,n745,154.181640625,0.0908203125,72,1,1.4337197542190552,41.84918274539776,0.0,3.2761707305908203,0.5669291615486145
n760,n746,154.2724609375,0.0908203125,73,1,1.5139448642730713,39.63156216313685,0.0,3.0404462814331055,0.5196850299835205
n761,n747,154.36328125,0.0908203125,74,1,0.29821908473968506,201.1943670619669,0.0,5.197351455688477,0.4094488322734833
n762,n748,154.4541015625,0.091796875,75,1,1.2141788005828857,49.41611562580079,0.0,3.116520643234253,0.5118110179901123
n764,n749,154.5458984375,0.0908203125,76,1,1.6745631694793701,35.83023984616495,0.0,2.4914042949676514,0.5039370059967041
n765,n750,154.63671875,0.0908203125,77,1,1.3304771184921265,45.09660419263728,0.0,2.540750503540039,0.3779527544975281
n766,n751,154.7275390625,0.0908203125,78,1,2.896085262298584,20.71762208837001,0.0,1.1465508937835693,0.4803149700164795
n767,n754,154.818359375,0.0908203125,79,1,2.1318883895874023,28.14406246267525,0.0,0.721561849117279,0.4094488322734833
n768,n753,154.9091796875,0.0908203125,80,1,2.1318883895874023,28.14406246267525,0.197265625,0.7379429936408997,0.4724409580230713
n770,n755,155.0,0.5,45,3,1.1057281494140625,54.26288553094597,0.1335906982421875,2.068998336791992,0.32283464074134827
n769,n756,155.0,3.0,81,1,1.1057281494140625,54.26288553094597,-0.1335906982421875,-0.6456823348999023,0.4488188922405243
n772,n757,155.5,0.5,52,3,0.6583404541015625,91.13825472244756,0.0,2.310913562774658,0.29133859276771545
n773,n758,156.0,0.5,60,3,0.5999908447265625,100.00152590218967,0.0,2.1201157569885254,0.34645670652389526
n774,n759,156.5,0.5,57,3,0.6104278564453125,98.29171353580803,0.0,1.7181061506271362,0.4409448802471161
n775,n760,157.0,0.5,64,3,0.51873779296875,115.66537239675256,0.0,1.4302009344100952,0.5354330539703369
n776,n761,157.5,0.5,52,3,10.305213928222656,5.822295433933628,0.0,-3.5510940551757812,0.27559053897857666
n777,n762,158.0,3.0,64,1,0.047812651842832565,1254.8979754820773,4.717189788818359,4.472511291503906,0.4960629940032959
n778,n801,158.0,3.0,76,1,0.047812651842832565,1254.8979754820773,-4.717189788818359,3.5389175415039062,0.5433070659637451
n780,n763,158.5,0.5,43,3,0.047812651842832565,1254.8979754820773,4.132239818572998,6.751327991485596,0.17322835326194763
n781,n764,159.0,0.5,52,3,0.047812651842832565,1254.8979754820773,3.6077072620391846,6.405869007110596,0.36220473051071167
n782,n765,159.5,0.5,48,3,0.047812651842832565,1254.8979754820773,3.1633822917938232,6.026949882507324,0.25984251499176025
n783,n767,160.0,0.5,60,3,0.047812651842832565,1254.8979754820773,2.7190651893615723,5.5116190910339355,0.3385826647281647
n784,n768,160.5,0.5,52,3,0.047812651842832565,1254.8979754820773,2.307554244995117,4.7764892578125,0.25984251499176025
n787,n772,161.0,0.5,36,3,0.047812651842832565,1254.8979754820773,1.702294945716858,2.5670359134674072,0.33070865273475647
n785,n770,161.0,3.0,63,1,0.047812651842832565,1254.8979754820773,1.7200027704238892,4.266931533813477,0.5196850299835205
n786,n769,161.0,3.0,75,1,0.047812651842832565,1254.8979754820773,1.7246872186660767,4.269378662109375,0.5826771855354309
n788,n773,161.5,0.5,42,3,0.047812651842832565,1254.8979754820773,1.1407825946807861,6.4963812828063965,0.25984251499176025
n789,n774,162.0,0.5,51,3,0.047812651842832565,1254.8979754820773,0.6110389828681946,6.068756103515625,0.30708661675453186
n790,n775,162.5,0.5,48,3,0.047812651842832565,1254.8979754820773,0.6328624486923218,6.0668816566467285,0.31496062874794006
n791,n778,163.0,0.5,60,3,0.9307289123535156,64.46560239358978,0.0,1.023224949836731,0.4251968562602997
n792,n777,163.5,0.5,51,3,0.9307289123535156,64.46560239358978,0.47109413146972656,1.0319374799728394,0.27559053897857666
n793,n781,164.0,1.0,62,1,1.0571149587631226,56.75825462748442,-0.006771087646484375,0.7824018597602844,0.4960629940032959
n794,n780,164.0,1.0,74,1,1.0571149587631226,56.75825462748442,0.006771087646484375,0.793106734752655,0.5196850299835205
n799,n782,165.0,0.5,50,3,1.006256103515625,59.626967518879084,0.0008672078256495297,0.6115888953208923,0.3937007784843445
n797,n784,165.0,0.5,69,1,1.006256103515625,59.626967518879084,-0.0012156168231740594,0.6076738238334656,0.4960629940032959
n798,n783,165.0,0.5,81,1,1.006256103515625,59.626967518879084,0.00034840902662836015,0.6106111407279968,0.5196850299835205
n802,n789,165.5,0.5,47,3,0.5253448486328125,114.21069447268292,-0.26214852929115295,-1.8083021640777588,0.3937007784843445
n800,n786,165.5,0.5,67,1,0.5253448486328125,114.21069447268292,0.1321156769990921,0.5954198837280273,0.4724409580230713
n801,n787,165.5,0.5,79,1,0.5253448486328125,114.21069447268292,0.13003285229206085,0.5878267884254456,0.6299212574958801
n805,n790,166.0,0.5,55,3,0.9656270146369934,62.13579269274659,-2.543131586207892e-06,-2.6865034103393555,0.4330708682537079
n803,n791,166.0,0.75,62,1,0.9656270146369934,62.13579269274659,-0.0031229655724018812,0.28226983547210693,0.5433070659637451
n804,n788,166.0,0.75,74,1,0.9656270146369934,62.13579269274659,0.0031255085486918688,0.29247164726257324,0.6062992215156555
n806,n793,166.5,0.5,50,3,0.6843719482421875,87.67162382109652,0.0,0.228971466422081,0.3937007784843445
n807,n796,166.75,0.25,63,1,0.8958282470703125,66.9771244613262,-0.000263214111328125,0.03645016998052597,0.5354330539703369
n808,n795,166.75,0.25,75,1,0.8958282470703125,66.9771244613262,0.000263214111328125,0.03971792757511139,0.4960629940032959
n809,n798,167.0,1.0,65,1,0.89739990234375,66.85982452560702,-0.0002593994140625,1.485898733139038,0.6062992215156555
n810,n797,167.0,1.0,77,1,0.89739990234375,66.85982452560702,0.0002593994140625,1.4861974716186523,0.5905511975288391
n812,n799,167.5,0.5,43,3,1.9284719228744507,31.11271638871881,0.0,1.0987565517425537,0.33070865273475647
n815,n803,168.0,0.5,52,3,0.29305776953697205,204.7377897361306,0.5225703120231628,3.469794988632202,0.29133859276771545
n813,n802,168.0,2.0,64,1,0.29305776953697205,204.7377897361306,0.5631968379020691,1.5054526329040527,0.4803149700164795
n814,n808,168.0,2.0,76,1,0.29305776953697205,204.7377897361306,-1.085767149925232,1.6036330461502075,0.5433070659637451
n816,n800,168.5,0.5,48,3,0.29305776953697205,204.7377897361306,0.901910126209259,3.6631340980529785,0.14960630238056183
n817,n804,169.0,1.0,35,3,2.8133647441864014,21.326776104657355,0.0,-1.8002041578292847,0.3700787425041199
n820,n807,170.0,0.5,33,3,0.032242681831121445,1860.8873887806224,2.0487849712371826,3.075899839401245,0.34645670652389526
n818,n809,170.0,0.5,72,1,0.032242681831121445,1860.8873887806224,2.0086772441864014,6.778039455413818,0.5590550899505615
n819,n873,170.0,0.5,76,1,0.032242681831121445,1860.8873887806224,-4.057462215423584,6.968719005584717,0.3937007784843445
n822,n812,170.5,0.5,52,3,0.032242681831121445,1860.8873887806224,1.600321888923645,6.382266998291016,0.3700787425041199
n821,n810,170.5,0.5,84,1,0.032242681831121445,1860.8873887806224,1.6065703630447388,6.388956546783447,0.6062992215156555
n824,n818,171.0,0.5,60,3,0.032242681831121445,1860.8873887806224,1.361758828163147,6.079350471496582,0.3700787425041199
n823,n816,171.0,0.5,83,1,0.032242681831121445,1860.8873887806224,1.3643604516983032,6.08279275894165,0.6535432934761047
n826,n821,171.5,0.5,57,3,0.032242681831121445,1860.8873887806224,1.1471443176269531,5.736244201660156,0.4960629940032959
n825,n827,171.5,0.5,80,1,0.032242681831121445,1860.8873887806224,0.6138114929199219,4.3380126953125,0.5433070659637451
n828,n828,172.0,0.5,64,3,0.032242681831121445,1860.8873887806224,0.6247296333312988,4.314780235290527,0.5433070659637451
n827,n824,172.0,0.5,83,1,0.032242681831121445,1860.8873887806224,0.8768124580383301,5.151281833648682,0.6850393414497375
n830,n829,172.5,0.5,60,3,0.032242681831121445,1860.8873887806224,0.622616708278656,4.230388164520264,0.4645669162273407
n829,n830,172.5,0.5,81,1,0.032242681831121445,1860.8873887806224,0.606472909450531,4.4573845863342285,0.6062992215156555
n832,n831,173.0,0.5,45,3,0.032242681831121445,1860.8873887806224,0.31998956203460693,7.173407554626465,0.5826771855354309
n831,n832,173.0,0.5,79,1,0.032242681831121445,1860.8873887806224,0.31634271144866943,7.171145439147949,0.5905511975288391
n833,n833,173.3330078125,0.333984375,67,2,0.7251461744308472,82.74193826795378,0.0,3.0431714057922363,0.5275590419769287
n835,n834,173.5,0.5,53,3,1.2428728342056274,48.2752525831402,0.0002593994140625,1.5936126708984375,0.5196850299835205
n834,n835,173.5,0.5,81,1,1.2428728342056274,48.2752525831402,-0.0002593994140625,1.5932118892669678,0.6299212574958801
n836,n836,173.6669921875,0.3330078125,68,2,1.6875993013381958,35.55346340355943,0.0,1.569266676902771,0.6062992215156555
n839,n844,174.0,0.5,60,3,0.3447825014591217,174.02275273855147,-0.17551930248737335,2.4318673610687256,0.4960629940032959
n838,n839,174.0,2.0,69,2,0.3447825014591217,174.02275273855147,0.3531290590763092,1.081077218055725,0.4330708682537079
n837,n846,174.0,2.0,77,1,0.3447825014591217,174.02275273855147,-0.17760975658893585,0.42863255739212036,0.7401574850082397
n840,n842,174.5,0.5,57,3,1.04168701171875,57.598875021972226,0.0,0.8415424823760986,0.4015747904777527
n841,n847,175.0,0.5,65,3,0.4378407895565033,137.03611319716254,0.0,0.9139877557754517,0.5905511975288391
n842,n840,175.5,0.5,53,3,0.4378407895565033,137.03611319716254,1.036638855934143,2.490424394607544,0.4094488322734833
n845,n849,176.0,1.0,40,3,1.1670125722885132,51.41332786358927,0.0019124349346384406,-0.8936964273452759,0.3937007784843445
n843,n850,176.0,0.5,68,1,1.1670125722885132,51.41332786358927,-0.0053812661208212376,-2.118483304977417,0.5826771855354309
n844,n848,176.0,0.5,71,1,1.1670125722885132,51.41332786358927,0.0034688313025981188,-2.042247772216797,0.6929134130477905
n846,n852,176.5,0.25,88,1,0.79376220703125,75.58938869665513,0.0,-1.4037443399429321,0.6850393414497375
n847,n853,176.75,0.25,87,1,0.692169189453125,86.68400864159429,0.0,4.193293571472168,0.5196850299835205
n849,n855,177.0,4.0,52,3,1.1241446733474731,53.373913004748985,0.00481414794921875,-0.5851180553436279,0.4409448802471161
n850,n858,177.0,2.0,56,3,1.1241446733474731,53.373913004748985,-0.01497650146484375,0.4053243398666382,0.4251968562602997
n851,n856,177.0,2.0,62,3,1.1241446733474731,53.373913004748985,0.00325775146484375,0.41412976384162903,0.4409448802471161
n848,n854,177.0,0.1337890625,86,1,1.1241446733474731,53.373913004748985,0.00690460205078125,4.317852020263672,0.7007874250411987
n852,n860,177.1337890625,0.1328125,85,1,0.8979779481887817,66.81678555806386,0.0,4.574787139892578,0.6535432934761047
n853,n861,177.2666015625,0.1337890625,84,1,0.591697096824646,101.40323540877785,0.0,5.104189872741699,0.5196850299835205
n854,n862,177.400390625,0.1328125,83,1,0.8628216981887817,69.53928039356313,0.0,4.527988433837891,0.5826771855354309
n855,n865,177.533203125,0.1337890625,82,1,0.7007299065589905,85.62500249866093,0.0,4.753699779510498,0.5118110179901123
n856,n866,177.6669921875,0.1328125,81,1,0.7176011204719543,83.61190958082534,0.0,4.675451755523682,0.4645669162273407
n857,n867,177.7998046875,0.1337890625,80,1,0.7630017995834351,78.63677390113277,0.0,4.518782138824463,0.5354330539703369
n858,n868,177.93359375,0.1328125,79,1,0.43531709909439087,137.83056104347983,0.0,5.274621963500977,0.5984252095222473
n859,n870,178.06640625,0.1337890625,78,1,0.533302903175354,112.50641922770772,0.0,4.933406829833984,0.5590550899505615
n860,n872,178.2001953125,0.1328125,77,1,1.3843060731887817,43.34301579836934,0.0,3.519833564758301,0.5748031735420227
n861,n874,178.3330078125,0.1337890625,76,1,1.7485119104385376,34.31489350561623,0.0,3.040698766708374,0.31496062874794006
n863,n880,178.599609375,0.1337890625,74,1,0.23788781464099884,252.21972840663224,0.0,5.5184502601623535,0.5196850299835205
n864,n879,178.7333984375,0.1328125,73,1,0.23788781464099884,252.21972840663224,0.03287964314222336,5.5300493240356445,0.4015747904777527
n865,n811,178.8662109375,0.1337890625,72,1,0.23788781464099884,252.21972840663224,6.270193099975586,5.406017303466797,0.4960629940032959
n866,n878,179.0,0.142578125,71,1,0.23788781464099884,252.21972840663224,0.2561824917793274,5.577630519866943,0.6299212574958801
n868,n881,179.142578125,0.1435546875,74,1,0.0580357126891613,1033.846182287093,0.0,7.31833028793335,0.3385826647281647
n869,n882,179.2861328125,0.142578125,77,1,1.409995675086975,42.55332201377066,0.0,2.7165019512176514,0.6299212574958801
n870,n884,179.4287109375,0.142578125,80,1,0.41828981041908264,143.44121827850952,0.0,4.231502056121826,0.4015747904777527
n871,n883,179.5712890625,0.142578125,83,1,0.41828981041908264,143.44121827850952,0.06119537353515625,4.233512878417969,0.4960629940032959
n872,n886,179.7138671875,0.1435546875,77,1,0.7655187249183655,78.37822648479091,0.0,3.1873202323913574,0.4015747904777527
n873,n887,179.857421875,0.142578125,74,1,0.927868127822876,64.66436145487866,0.0,2.7519171237945557,0.5826771855354309
n874,n888,180.0,0.2001953125,71,1,0.6529725790023804,91.88747265875811,0.0,2.537320137023926,0.5905511975288391
n875,n890,180.2001953125,0.2001953125,68,1,0.7778963446617126,77.13109903619932,0.0,2.011993646621704,0.4409448802471161
n876,n891,180.400390625,0.19921875,65,1,1.6653646230697632,36.028146130186265,0.0,0.5098047852516174,0.5354330539703369
n877,n893,180.599609375,0.2001953125,62,1,0.04161585494875908,1441.7581970591982,0.0,4.077167987823486,0.4015747904777527
n878,n894,180.7998046875,0.2001953125,59,1,0.9925304651260376,60.45154492298716,0.0,-0.37098291516304016,0.4881889820098877
n880,n896,181.0,0.3330078125,45,3,1.061216950416565,56.538863214018484,-0.0002593994140625,2.566741466522217,0.4724409580230713
n879,n895,181.0,2.0,57,1,1.061216950416565,56.538863214018484,0.0002593994140625,-0.019271602854132652,0.4960629940032959
n881,n897,181.3330078125,0.333984375,52,3,0.6814693212509155,88.04504932058141,0.0,2.935032367706299,0.30708661675453186
n882,n898,181.6669921875,0.3330078125,57,3,0.6209219098091125,96.63050868738961,0.0,2.8713202476501465,0.3779527544975281
n883,n877,182.0,0.3330078125,64,3,0.6209219098091125,96.63050868738961,2.6453094482421875,3.1147711277008057,0.3779527544975281
n884,n901,182.3330078125,0.333984375,57,3,0.698647677898407,85.88019669726123,0.0,2.23633074760437,0.36220473051071167
n885,n903,182.6669921875,0.3330078125,52,3,0.7225531339645386,83.03887586894707,0.0,1.847878336906433,0.34645670652389526
n886,n905,183.0,0.3330078125,48,3,0.6162481904029846,97.3633690684983,0.0,1.6079185009002686,0.33070865273475647
n887,n906,183.3330078125,0.333984375,52,3,0.7079678177833557,84.74961501478944,0.0,0.8299260139465332,0.28346458077430725
n888,n907,183.6669921875,0.3330078125,40,3,0.73196941614151,81.97063794862207,0.0,-0.4068494141101837,0.25984251499176025
n891,n908,184.0,0.3330078125,45,3,0.73196941614151,81.97063794862207,0.03646087646484375,2.646311044692993,0.31496062874794006
n889,n900,184.0,1.0,64,1,0.73196941614151,81.97063794862207,1.3583297729492188,0.8269213438034058,0.4488188922405243
n890,n909,184.0,1.0,76,1,0.73196941614151,81.97063794862207,0.01718902587890625,1.04160475730896,0.4488188922405243
n892,n911,184.3330078125,0.333984375,52,3,0.8280792832374573,72.45683017865646,0.0,2.171417713165283,0.29133859276771545
n893,n912,184.6669921875,0.3330078125,57,3,0.3738086521625519,160.50992841628718,0.0,2.9609718322753906,0.29921260476112366
n896,n910,185.0,0.3330078125,64,3,0.3738086521625519,160.50992841628718,0.6573028564453125,3.5929651260375977,0.33070865273475647
n894,n914,185.0,0.5,69,1,0.3738086521625519,160.50992841628718,-0.1239471435546875,1.9473658800125122,0.4251968562602997
n895,n913,185.0,0.5,81,1,0.3738086521625519,160.50992841628718,-0.1140594482421875,1.9670368432998657,0.5196850299835205
n897,n915,185.3330078125,0.333984375,57,3,2.309530258178711,25.979308903844295,0.0,-0.09875721484422684,0.32283464074134827
n898,n918,185.5,0.5,67,1,0.5824534296989441,103.01252759557538,-0.01015472412109375,0.15598317980766296,0.5196850299835205
n899,n916,185.5,0.5,79,1,0.5824534296989441,103.01252759557538,0.01015472412109375,0.24358230829238892,0.6535432934761047
n900,n917,185.6669921875,0.3330078125,52,3,0.5824534296989441,103.01252759557538,0.10430710017681122,0.8168189525604248,0.3700787425041199
n903,n920,186.0,0.3330078125,48,3,0.621456503868103,96.54738445336845,-0.0012156168231740594,3.7266032695770264,0.31496062874794006
n901,n921,186.0,1.0,69,1,0.621456503868103,96.54738445336845,-0.0012156168231740594,2.140231132507324,0.5590550899505615
n902,n919,186.0,1.0,81,1,0.621456503868103,96.54738445336845,0.0024312336463481188,2.1421499252319336,0.6299212574958801
n904,n922,186.3330078125,0.333984375,52,3,1.4066154956817627,42.65558013842227,0.0,2.431252956390381,0.36220473051071167
n905,n926,186.6669921875,0.3330078125,40,3,0.34095489978790283,175.97635358026557,0.0,4.184206008911133,0.23622047901153564
n908,n927,187.0,0.3330078125,52,3,0.34095489978790283,175.97635358026557,0.110931396484375,4.182384490966797,0.33070865273475647
n906,n925,187.0,0.5,67,1,0.34095489978790283,175.97635358026557,0.11614990234375,3.5996527671813965,0.4409448802471161
n907,n924,187.0,0.5,79,1,0.34095489978790283,175.97635358026557,0.1312408447265625,3.6101584434509277,0.6220472455024719
n909,n928,187.3330078125,0.333984375,57,3,1.6702302694320679,35.92319041158434,0.0,1.719435691833496,0.31496062874794006
n910,n934,187.5,0.5,67,1,0.9933297038078308,60.402905269011846,-0.1643218994140625,1.4886271953582764,0.30708661675453186
n911,n930,187.5,0.5,81,1,0.9933297038078308,60.402905269011846,0.1643218994140625,1.794072151184082,0.5196850299835205
n912,n935,187.6669921875,0.666015625,64,3,0.4328155517578125,138.6271813855103,0.0,2.2719013690948486,0.33070865273475647
n914,n933,188.0,1.0,76,1,0.4328155517578125,138.6271813855103,0.16601206362247467,1.708021640777588,0.4960629940032959
n917,n936,188.6669921875,0.3330078125,52,3,0.73978191614151,81.10498336177608,0.0,1.9613670110702515,0.34645670652389526
n918,n937,189.0,0.3330078125,48,3,0.7413398027420044,80.93454550541752,0.0,1.5301814079284668,0.3858267664909363
n919,n938,189.3330078125,0.333984375,52,3,0.48656797409057617,123.31267817645312,0.0,1.5202875137329102,0.31496062874794006
n920,n939,189.6669921875,0.3330078125,45,3,0.9360566139221191,64.09868709606924,0.0,-0.03783424198627472,0.33070865273475647
n924,n940,190.0,0.3330078125,45,3,0.950169563293457,63.146623842621636,0.00495147705078125,1.5476404428482056,0.32283464074134827
n921,n941,190.0,1.0,64,1,0.950169563293457,63.146623842621636,0.00234222412109375,-0.0427989736199379,0.34645670652389526
n922,n942,190.0,1.0,72,1,0.950169563293457,63.146623842621636,0.00234222412109375,-0.0427989736199379,0.3937007784843445
n923,n943,190.0,1.0,76,1,0.950169563293457,63.146623842621636,-0.00963592529296875,-0.061657991260290146,0.3779527544975281
n925,n944,190.3330078125,0.333984375,48,3,0.8249269127845764,72.73371624822786,0.0,1.131583571434021,0.25984251499176025
n926,n945,190.6669921875,0.3330078125,55,3,0.41836968064308167,143.41383416640804,0.0,1.2358392477035522,0.3937007784843445
n930,n949,191.0,0.3330078125,60,3,0.41836968064308167,143.41383416640804,-0.14661407470703125,2.3565914630889893,0.4094488322734833
n927,n932,191.0,0.5,69,1,0.41836968064308167,143.41383416640804,2.4559860229492188,3.036759853363037,0.4015747904777527
n928,n950,191.0,0.5,72,1,0.41836968064308167,143.41383416640804,-0.16223907470703125,-1.4798157215118408,0.4173228442668915
n929,n946,191.0,0.5,81,1,0.41836968064308167,143.41383416640804,-0.13620758056640625,1.7911282777786255,0.5433070659637451
n931,n947,191.3330078125,0.333984375,55,3,2.1427266597747803,28.00170508276895,0.0,-3.254265785217285,0.4094488322734833
n932,n953,191.5,0.5,67,1,0.34375,174.54545454545453,-0.000518798828125,1.0766212940216064,0.5354330539703369
n933,n954,191.5,0.5,72,1,0.34375,174.54545454545453,-0.000518798828125,1.0766212940216064,0.5118110179901123
n934,n952,191.5,0.5,79,1,0.34375,174.54545454545453,0.00103759765625,1.0828263759613037,0.6377952694892883
n935,n951,191.6669921875,0.3330078125,52,3,0.34375,174.54545454545453,0.0600128173828125,1.6753770112991333,0.3937007784843445
n939,n955,192.0,0.3330078125,55,3,1.4717283248901367,40.76839385725552,-0.171875,0.9915638566017151,0.3937007784843445
n936,n948,192.0,1.0,69,1,1.4717283248901367,40.76839385725552,0.5234375,-4.2944769859313965,0.4645669162273407
n937,n956,192.0,1.0,72,1,1.4717283248901367,40.76839385725552,-0.1755218505859375,-0.6002158522605896,0.5275590419769287
n938,n957,192.0,1.0,81,1,1.4717283248901367,40.76839385725552,-0.1760406494140625,-0.6009901165962219,0.6614173054695129
n940,n959,192.3330078125,0.333984375,52,3,0.8452576994895935,70.98426910069063,0.0,1.2170017957687378,0.4645669162273407
n941,n960,192.6669921875,0.3330078125,43,3,1.1307734251022339,53.06102767190109,0.0,-0.009988472796976566,0.4094488322734833
n945,n961,193.0,0.3330078125,52,3,1.0307000875473022,58.2128600985943,0.008331298828125,-2.194218158721924,0.3937007784843445
n942,n962,193.0,0.5,67,1,1.0307000875473022,58.2128600985943,0.0031280517578125,0.8503846526145935,0.5118110179901123
n943,n964,193.0,0.5,72,1,1.0307000875473022,58.2128600985943,-0.014068603515625,0.8234480619430542,0.4409448802471161
n944,n963,193.0,0.5,79,1,1.0307000875473022,58.2128600985943,0.0026092529296875,0.8495757579803467,0.6062992215156555
n946,n965,193.3330078125,0.333984375,55,3,0.3929550349712372,152.6892256372075,0.0,2.150815010070801,0.30708661675453186
n948,n967,193.5,0.5,72,1,1.0385589599609375,57.772357962475944,-0.00156402587890625,-0.010189002379775047,0.4645669162273407
n949,n966,193.5,0.5,81,1,1.0385589599609375,57.772357962475944,0.00156402587890625,-0.001471752068027854,0.5905511975288391
n952,n969,194.0,1.0,72,1,1.1182643175125122,53.65457795654708,-0.0031280517578125,1.252930760383606,0.30708661675453186
n953,n968,194.0,1.0,76,1,1.1182643175125122,53.65457795654708,0.0031280517578125,1.256309986114502,0.4173228442668915
n955,n970,194.3330078125,0.333984375,55,3,2.8974781036376953,20.70766295858175,0.0,1.2463676929473877,0.25984251499176025
n956,n972,194.6669921875,0.666015625,52,3,0.6451612710952759,93.00000277161607,0.0,1.6280312538146973,0.24409449100494385
n958,n973,195.3330078125,0.333984375,52,3,1.2506853342056274,47.97369758725842,0.0,1.1049187183380127,0.28346458077430725
n959,n974,195.6669921875,0.3330078125,43,3,1.064056396484375,56.387988642555996,0.0,0.4400936961174011,0.3937007784843445
n962,n976,196.0,0.3330078125,41,3,1.064056396484375,56.387988642555996,-0.09721425175666809,1.8543494939804077,0.36220473051071167
n960,n979,196.0,1.0,65,1,1.064056396484375,56.387988642555996,-0.10659840703010559,0.2573823034763336,0.34645670652389526
n961,n958,196.0,1.0,69,1,1.064056396484375,56.387988642555996,4.430907726287842,-0.15097519755363464,0.4645669162273407
n964,n980,196.6669921875,0.3330078125,53,3,0.9071435332298279,66.1416829885495,0.0,1.1465082168579102,0.34645670652389526
n965,n983,197.0,0.5,64,1,1.169881820678711,51.28723170105404,-0.00052642822265625,-0.6758725047111511,0.4251968562602997
n966,n982,197.0,0.5,72,1,1.169881820678711,51.28723170105404,0.00052642822265625,-0.6717739105224609,0.5433070659637451
n968,n984,197.3330078125,0.333984375,53,3,0.14039656519889832,427.3608824759968,0.0,4.87290620803833,0.31496062874794006
n969,n986,197.5,0.5,62,1,0.7204404473304749,83.28238679869297,-0.00624847412109375,1.8998727798461914,0.4724409580230713
n970,n985,197.5,0.5,71,1,0.7204404473304749,83.28238679869297,0.00624847412109375,1.9132260084152222,0.5748031735420227
n971,n987,197.6669921875,0.3330078125,48,3,0.7225760817527771,83.03623869538552,0.0,2.354053258895874,0.3779527544975281
n972,n988,198.0,1.0,60,1,0.7225760817527771,83.03623869538552,0.05728912353515625,0.5348678231239319,0.36220473051071167
n973,n978,198.0,1.0,69,1,0.7225760817527771,83.03623869538552,1.6817703247070312,0.8186864256858826,0.3937007784843445
n974,n989,198.3330078125,0.333984375,48,3,0.9263066649436951,64.77336531271429,0.0,1.2755430936813354,0.3937007784843445
n975,n990,198.6669921875,0.3330078125,41,3,1.394092082977295,43.03876388987226,0.0,-0.07874525338411331,0.3858267664909363
n978,n993,199.0,0.3330078125,41,3,1.3007392883300781,46.127614148588926,-0.0847218856215477,2.158907890319824,0.29133859276771545
n976,n992,199.0,0.5,62,1,1.3007392883300781,46.127614148588926,0.02985636331140995,-0.7125751972198486,0.3937007784843445
n977,n991,199.0,0.5,65,1,1.3007392883300781,46.127614148588926,0.0548655204474926,-0.883210301399231,0.4251968562602997
n979,n994,199.3330078125,0.333984375,50,3,1.1150401830673218,53.809719964484394,0.0,2.0903875827789307,0.3385826647281647
n980,n997,199.5,0.5,62,1,0.30720028281211853,195.312320193063,-0.003387451171875,3.184413433074951,0.4960629940032959
n981,n996,199.5,0.5,70,1,0.30720028281211853,195.312320193063,0.003387451171875,3.191392183303833,0.5905511975288391
n982,n998,199.6669921875,0.3330078125,53,3,0.9894917011260986,60.637193754850635,0.0,2.0329012870788574,0.34645670652389526
n985,n1001,200.0,0.3330078125,62,3,0.8909861445426941,67.34111452518208,0.0076395669020712376,1.7907185554504395,0.4803149700164795
n983,n1002,200.0,0.5,64,1,0.8909861445426941,67.34111452518208,-0.01579793356359005,1.1710264682769775,0.5433070659637451
n984,n1000,200.0,0.5,72,1,0.8909861445426941,67.34111452518208,0.008158366195857525,1.2050782442092896,0.6141732335090637
n986,n999,200.3330078125,0.333984375,53,3,0.8909861445426941,67.34111452518208,0.37413859367370605,1.8813865184783936,0.33070865273475647
n987,n1004,200.5,0.5,65,1,0.24017725884914398,249.81549163939027,-0.03749847412109375,2.1579651832580566,0.4566929042339325
n988,n1003,200.5,0.5,74,1,0.24017725884914398,249.81549163939027,0.03749847412109375,2.3469252586364746,0.5826771855354309
n989,n1005,200.6669921875,0.3330078125,46,3,0.6699199676513672,89.56293721226201,0.0,2.1925859451293945,0.3779527544975281
n992,n1006,201.0,0.3330078125,53,3,0.5640884637832642,106.36629509773735,0.011632283218204975,0.7769511938095093,0.4488188922405243
n990,n1008,201.0,0.5,67,1,0.5640884637832642,106.36629509773735,-0.008158366195857525,0.099025197327137,0.5275590419769287
n991,n1007,201.0,0.5,76,1,0.5640884637832642,106.36629509773735,-0.0034739177208393812,0.12123987823724747,0.6535432934761047
n993,n1009,201.3330078125,0.333984375,50,3,0.7890625,76.03960396039604,0.0,1.2081046104431152,0.3779527544975281
n994,n1011,201.5,0.5,69,1,0.9104156494140625,65.90396379787146,-0.00521087646484375,0.05187941715121269,0.4881889820098877
n995,n1010,201.5,0.5,77,1,0.9104156494140625,65.90396379787146,0.00521087646484375,0.08338053524494171,0.6377952694892883
n1000,n1013,202.0,0.3330078125,39,3,1.0020751953125,59.87574613229383,0.0677032470703125,-1.8972445726394653,0.4960629940032959
n997,n1018,202.0,0.5,63,1,1.0020751953125,59.87574613229383,-0.023956298828125,0.8869693875312805,0.4566929042339325
n998,n1015,202.0,0.5,72,1,1.0020751953125,59.87574613229383,-0.0208282470703125,-2.154994010925293,0.4330708682537079
n999,n1017,202.0,0.5,75,1,1.0020751953125,59.87574613229383,-0.022918701171875,0.888590395450592,0.5196850299835205
n1003,n1019,202.5,0.5,72,1,0.9014071822166443,66.56259366877288,0.0,-0.003924679942429066,0.5669291615486145
n1004,n1020,202.6669921875,0.3330078125,51,3,0.7559261918067932,79.37282852521582,0.0,0.2480711042881012,0.4173228442668915
n1007,n1023,203.0,0.3330078125,60,3,1.0583608150482178,56.69144128060567,0.0006917317514307797,-2.2324249744415283,0.3937007784843445
n1005,n1025,203.0,0.5,62,1,1.0583608150482178,56.69144128060567,-0.0045115151442587376,1.4619736671447754,0.5196850299835205
n1006,n1022,203.0,0.5,74,1,1.0583608150482178,56.69144128060567,0.0038197834510356188,1.470197081565857,0.5590550899505615
n1008,n1026,203.3330078125,0.333984375,51,3,0.2463907152414322,243.5156695787318,0.0,3.753551959991455,0.3937007784843445
n1009,n1030,203.5,0.5,63,1,0.7454681396484375,80.48633712004913,-0.00208282470703125,1.5168908834457397,0.5039370059967041
n1010,n1028,203.5,0.5,75,1,0.7454681396484375,80.48633712004913,0.00208282470703125,1.5225152969360352,0.5196850299835205
n1011,n1027,203.6669921875,0.3330078125,48,3,0.7454681396484375,80.48633712004913,0.1271042376756668,2.109588861465454,0.3937007784843445
n1014,n1031,204.0,0.3330078125,51,3,0.59930419921875,100.11610143599144,0.0024261474609375,1.807214617729187,0.4094488322734833
n1012,n1034,204.0,0.5,65,1,0.59930419921875,100.11610143599144,-0.0032958984375,1.2089594602584839,0.5433070659637451
n1013,n1032,204.0,0.5,77,1,0.59930419921875,100.11610143599144,0.0008697509765625,1.217611312866211,0.6299212574958801
n1015,n1016,204.3330078125,0.333984375,39,3,0.59930419921875,100.11610143599144,1.847827434539795,-1.1348923444747925,0.4645669162273407
n1017,n1035,204.5,0.5,79,1,3.391937255859375,17.689006450916352,0.0,-2.097247362136841,0.6062992215156555
n1022,n1091,205.0,0.3330078125,38,3,0.0013020833721384406,46079.99862670903,-3.808197021484375,7.434369087219238,0.5275590419769287
n1019,n1036,205.0,0.5,68,1,0.0013020833721384406,46079.99862670903,1.2766876220703125,11.83035659790039,0.5669291615486145
n1020,n1038,205.0,0.5,77,1,0.0013020833721384406,46079.99862670903,1.256378173828125,11.81794261932373,0.5039370059967041
n1021,n1037,205.0,0.5,80,1,0.0013020833721384406,46079.99862670903,1.2751312255859375,11.829405784606934,0.5590550899505615
n1024,n1041,205.5,0.5,64,1,0.0013020833721384406,46079.99862670903,0.7945353388786316,11.501836776733398,0.5984252095222473
n1025,n1040,205.5,0.5,76,1,0.0013020833721384406,46079.99862670903,0.7960917353630066,11.503030776977539,0.5984252095222473
n1026,n1042,205.6669921875,0.3330078125,53,3,0.0013020833721384406,46079.99862670903,0.7207934260368347,12.030558586120605,0.3937007784843445
n1029,n1046,206.0,0.3330078125,56,3,0.0013020833721384406,46079.99862670903,0.1207021102309227,11.450557708740234,0.36220473051071167
n1027,n1044,206.0,0.5,65,1,0.0013020833721384406,46079.99862670903,0.3988240659236908,11.161888122558594,0.5511810779571533
n1028,n1045,206.0,0.5,77,1,0.0013020833721384406,46079.99862670903,0.3983052670955658,11.161383628845215,0.6299212574958801
n1031,n1043,206.3330078125,0.333984375,53,3,0.0013020833721384406,46079.99862670903,0.4206199645996094,11.764541625976562,0.3937007784843445
n1032,n1050,206.5,0.5,67,1,0.64166259765625,93.50708646437744,0.000518798828125,1.768021583557129,0.5590550899505615
n1033,n1051,206.5,0.5,79,1,0.64166259765625,93.50708646437744,-0.000518798828125,1.7666456699371338,0.6062992215156555
n1034,n1049,206.6669921875,0.666015625,48,3,0.64166259765625,93.50708646437744,0.10767143964767456,1.354393720626831,0.33070865273475647
n1035,n1055,207.0,0.5,68,1,0.8461326956748962,70.91086339849156,-0.0020904541015625,0.8626076579093933,0.6299212574958801
n1036,n1053,207.0,0.5,80,1,0.8461326956748962,70.91086339849156,0.0020904541015625,0.8704007863998413,0.6299212574958801
n1038,n1057,207.3330078125,0.1669921875,41,3,8.021838188171387,7.47958243392058,0.0,-1.45215904712677,0.33070865273475647
n1041,n1097,207.5,0.5,38,3,0.10484649986028671,572.2651693661977,-2.4401092529296875,4.640230655670166,0.4409448802471161
n1039,n1059,207.5,0.5,70,1,0.10484649986028671,572.2651693661977,1.218231201171875,2.8123252391815186,0.6141732335090637
n1040,n1058,207.5,0.5,82,1,0.10484649986028671,572.2651693661977,1.2218780517578125,2.8265390396118164,0.5984252095222473
n1042,n1060,208.0,0.5,71,1,0.10484649986028671,572.2651693661977,0.8883607387542725,4.919932842254639,0.6062992215156555
n1043,n1056,208.0,0.5,77,1,0.10484649986028671,572.2651693661977,1.6716859340667725,3.8752129077911377,0.3858267664909363
n1044,n1062,208.0,0.5,83,1,0.10484649986028671,572.2651693661977,0.8815858364105225,4.913763999938965,0.5669291615486145
n1046,n1063,208.3330078125,0.333984375,44,3,0.10484649986028671,572.2651693661977,0.5665097236633301,5.13469934463501,0.33070865273475647
n1047,n1066,208.5,0.5,72,1,0.10484649986028671,572.2651693661977,0.4064059555530548,4.327612400054932,0.5275590419769287
n1048,n1061,208.5,0.5,77,1,0.10484649986028671,572.2651693661977,0.9376559257507324,4.917088985443115,0.5196850299835205
n1049,n1065,208.5,0.5,80,1,0.10484649986028671,572.2651693661977,0.4069247543811798,4.328326225280762,0.5275590419769287
n1050,n1067,208.5,0.5,84,1,0.10484649986028671,572.2651693661977,0.4043307602405548,4.324754238128662,0.4173228442668915
n1051,n1069,208.6669921875,0.3330078125,53,3,0.10484649986028671,572.2651693661977,0.27340179681777954,4.691354274749756,0.4094488322734833
n1056,n1070,209.0,0.3330078125,56,3,0.10484649986028671,572.2651693661977,0.12601974606513977,4.365672588348389,0.4330708682537079
n1052,n1073,209.0,0.5,73,1,0.10484649986028671,572.2651693661977,0.12028244137763977,3.7677717208862305,0.5669291615486145
n1053,n1068,209.0,0.5,77,1,0.10484649986028671,572.2651693661977,0.45153549313545227,4.3175835609436035,0.29133859276771545
n1054,n1074,209.0,0.5,80,1,0.10484649986028671,572.2651693661977,0.10622909665107727,3.7390761375427246,0.4409448802471161
n1055,n1071,209.0,0.5,85,1,0.10484649986028671,572.2651693661977,0.12341049313545227,3.77407169342041,0.5433070659637451
n1057,n1075,209.3330078125,0.333984375,60,3,2.8673551082611084,20.925207284976526,0.0,-0.777029275894165,0.3937007784843445
n1058,n1078,209.5,0.5,76,1,0.4943520426750183,121.37099641650181,0.2861073911190033,0.5668795108795166,0.6614173054695129
n1059,n1087,209.5,0.5,83,1,0.4943520426750183,121.37099641650181,-0.5743052363395691,1.4801862239837646,0.5984252095222473
n1060,n1077,209.5,0.5,88,1,0.4943520426750183,121.37099641650181,0.2881978452205658,0.5750651955604553,0.6535432934761047
n1061,n1079,209.6669921875,0.3330078125,65,3,0.4943520426750183,121.37099641650181,0.2811664044857025,0.7592658996582031,0.5433070659637451
n1065,n1082,210.0,0.3330078125,68,3,0.4943520426750183,121.37099641650181,0.12495820969343185,2.79390287399292,0.5118110179901123
n1062,n1072,210.0,0.5,77,1,0.4943520426750183,121.37099641650181,0.8832895159721375,1.5347145795822144,0.3937007784843445
n1064,n1080,210.0,0.5,89,1,0.4943520426750183,121.37099641650181,0.12808625400066376,2.2114744186401367,0.7401574850082397
n1066,n1084,210.3330078125,0.333984375,72,3,5.2709856033325195,11.383070362033562,0.0,-1.0468589067459106,0.5196850299835205
n1067,n1090,210.5,0.5,79,1,0.6833292841911316,87.80539834616192,0.7083384394645691,0.9933957457542419,0.6062992215156555
n1068,n1110,210.5,0.5,83,1,0.6833292841911316,87.80539834616192,-1.4260457754135132,0.06872128695249557,0.6299212574958801
n1069,n1088,210.5,0.5,91,1,0.6833292841911316,87.80539834616192,0.7177073359489441,1.0131440162658691,0.7007874250411987
n1070,n1081,210.6669921875,0.3330078125,77,3,0.6833292841911316,87.80539834616192,1.2865146398544312,2.3301477432250977,0.6377952694892883
n1075,n1118,211.0,0.3330078125,38,3,0.8461326956748962,70.91086339849156,-1.4395904541015625,1.82816743850708,0.5196850299835205
n1071,n1092,211.0,0.5,80,1,0.8461326956748962,70.91086339849156,0.365631103515625,2.0957047939300537,0.6299212574958801
n1072,n1095,211.0,0.5,84,1,0.8461326956748962,70.91086339849156,0.3479156494140625,-2.4959213733673096,0.4724409580230713
n1073,n1094,211.0,0.5,89,1,0.8461326956748962,70.91086339849156,0.3625030517578125,2.0932095050811768,0.5905511975288391
n1074,n1093,211.0,0.5,92,1,0.8461326956748962,70.91086339849156,0.3635406494140625,2.0940418243408203,0.6062992215156555
n1076,n1103,211.3330078125,0.333984375,45,3,0.4142512381076813,144.83963952427217,0.0,3.0688600540161133,0.4015747904777527
n1077,n1101,211.5,0.5,81,1,0.4142512381076813,144.83963952427217,0.20667366683483124,2.6481986045837402,0.5984252095222473
n1078,n1099,211.5,0.5,84,1,0.4142512381076813,144.83963952427217,0.21032051742076874,2.6522438526153564,0.5748031735420227
n1079,n1100,211.5,0.5,89,1,0.4142512381076813,144.83963952427217,0.20771126449108124,2.64935564994812,0.5354330539703369
n1080,n1098,211.5,0.5,93,1,0.4142512381076813,144.83963952427217,0.21239571273326874,2.654550313949585,0.6456692814826965
n1085,n1105,212.0,0.3330078125,60,3,1.1034296751022339,54.37591661148767,0.001293182373046875,1.2696541547775269,0.5275590419769287
n1082,n1106,212.0,0.5,84,1,1.1034296751022339,54.37591661148767,-0.001300811767578125,0.6790351271629333,0.5826771855354309
n1083,n1107,212.0,0.5,89,1,1.1034296751022339,54.37591661148767,-0.001819610595703125,0.6781842112541199,0.5433070659637451
n1084,n1104,212.0,0.5,96,1,1.1034296751022339,54.37591661148767,0.001827239990234375,0.6841300129890442,0.6929134130477905
n1086,n1108,212.3330078125,0.333984375,62,3,3.7208821773529053,16.12520825442663,0.0,-1.2647379636764526,0.5826771855354309
n1087,n1125,212.5,0.5,83,1,0.2275913506746292,263.63040520717163,-0.9328104853630066,3.042372941970825,0.4881889820098877
n1088,n1111,212.5,0.5,86,1,0.2275913506746292,263.63040520717163,0.4619801938533783,1.6527581214904785,0.5826771855354309
n1090,n1109,212.5,0.5,95,1,0.2275913506746292,263.63040520717163,0.4708302915096283,1.6880234479904175,0.6929134130477905
n1091,n1112,212.6669921875,0.3330078125,65,3,0.2275913506746292,263.63040520717163,0.3567671775817871,1.5014644861221313,0.4960629940032959
n1096,n1114,213.0,0.3330078125,67,3,0.2275913506746292,263.63040520717163,0.2263038158416748,-0.015111060813069344,0.6456692814826965
n1092,n1117,213.0,1.0,81,1,0.2275913506746292,263.63040520717163,0.2247321605682373,-1.6014831066131592,0.6062992215156555
n1093,n1115,213.0,1.0,86,1,0.2275913506746292,263.63040520717163,0.2257850170135498,2.142976999282837,0.6299212574958801
n1094,n1116,213.0,1.0,89,1,0.2275913506746292,263.63040520717163,0.2257850170135498,2.142976999282837,0.5669291615486145
n1095,n1113,213.0,1.0,93,1,0.2275913506746292,263.63040520717163,0.2278602123260498,-1.6014831066131592,0.7165354490280151
n1097,n1119,213.3330078125,0.333984375,69,3,6.566840171813965,9.136814423705722,0.0,-1.6401305198669434,0.5826771855354309
n1098,n1137,213.6669921875,0.3330078125,65,3,0.0009462129091843963,63410.67577667904,0.0,10.442705154418945,0.5433070659637451
n1103,n1086,214.0,0.3330078125,64,3,0.0009462129091843963,63410.67577667904,4.991983890533447,11.101154327392578,0.5826771855354309
n1099,n1122,214.0,0.5,79,1,0.0009462129091843963,63410.67577667904,1.4648994207382202,8.59398365020752,0.5196850299835205
n1100,n1126,214.0,0.5,84,1,0.0009462129091843963,63410.67577667904,1.4461463689804077,10.946011543273926,0.4251968562602997
n1101,n1121,214.0,0.5,88,1,0.0009462129091843963,63410.67577667904,1.4675086736679077,8.215472221374512,0.5826771855354309
n1102,n1120,214.0,0.5,91,1,0.0009462129091843963,63410.67577667904,1.4690650701522827,10.98100757598877,0.7007874250411987
n1104,n1127,214.3330078125,0.333984375,62,3,0.0009462129091843963,63410.67577667904,1.113651990890503,10.89198112487793,0.5905511975288391
n1105,n1129,214.5,0.5,77,1,0.0009462129091843963,63410.67577667904,0.9356789588928223,9.802214622497559,0.7007874250411987
n1107,n1128,214.5,0.5,89,1,0.0009462129091843963,63410.67577667904,0.9398446083068848,9.816376686096191,0.7322834730148315
n1108,n1130,214.6669921875,0.3330078125,60,3,0.0009462129091843963,63410.67577667904,0.8160554766654968,9.90742301940918,0.5433070659637451
n1112,n1133,215.0,0.3330078125,57,3,0.0009462129091843963,63410.67577667904,0.49709567427635193,11.533992767333984,0.5433070659637451
n1109,n1132,215.0,0.5,74,1,0.0009462129091843963,63410.67577667904,0.509592592716217,7.308581829071045,0.6377952694892883
n1110,n1134,215.0,0.5,79,1,0.0009462129091843963,63410.67577667904,0.49500522017478943,7.308581829071045,0.6299212574958801
n1111,n1131,215.0,0.5,86,1,0.0009462129091843963,63410.67577667904,0.5132394433021545,7.308581829071045,0.6535432934761047
n1113,n1135,215.3330078125,0.333984375,55,3,0.0009462129091843963,63410.67577667904,0.21303270757198334,12.784199714660645,0.4960629940032959
n1114,n1138,215.5,0.5,72,1,5.5009074211120605,10.907291362462237,0.00017801921057980508,-2.6540331840515137,0.6850393414497375
n1115,n1139,215.5,0.5,77,1,5.5009074211120605,10.907291362462237,0.00017801921057980508,-2.6540331840515137,0.5905511975288391
n1116,n1140,215.5,0.5,84,1,5.5009074211120605,10.907291362462237,-0.00035603842115961015,-2.6557538509368896,0.5826771855354309
n1122,n1197,216.0,0.3330078125,55,3,1.9082839488983154,31.441861697070298,-9.173852920532227,-3.082869291305542,0.4409448802471161
n1118,n1144,216.0,0.5,69,1,1.9082839488983154,31.441861697070298,2.2886414527893066,-3.421314001083374,0.5826771855354309
n1119,n1143,216.0,0.5,72,1,1.9082839488983154,31.441861697070298,2.290731906890869,0.7057979106903076,0.5275590419769287
n1120,n1142,216.0,0.5,76,1,1.9082839488983154,31.441861697070298,2.2943787574768066,0.709173858165741,0.5511810779571533
n1121,n1141,216.0,0.5,81,1,1.9082839488983154,31.441861697070298,2.300100803375244,-3.239253520965576,0.6377952694892883
n1123,n1145,216.3330078125,0.333984375,53,3,1.9082839488983154,31.441861697070298,2.5746428966522217,0.9185305237770081,0.4251968562602997
n1124,n1149,216.5,0.5,67,1,1.9082839488983154,31.441861697070298,2.6375739574432373,-0.007859239354729652,0.4960629940032959
n1126,n1146,216.5,0.5,74,1,1.9082839488983154,31.441861697070298,2.6662299633026123,0.035046420991420746,0.4409448802471161
n1127,n1147,216.5,0.5,77,1,1.9082839488983154,31.441861697070298,2.663620710372925,0.03119826503098011,0.6299212574958801
n1128,n1150,216.6669921875,0.3330078125,43,3,1.9082839488983154,31.441861697070298,2.823948860168457,0.3619154095649719,0.4330708682537079
n1133,n1152,217.0,0.3330078125,36,3,1.9082839488983154,31.441861697070298,2.7156784534454346,1.9545249938964844,0.23622047901153564
n1129,n1123,217.0,1.5,64,1,1.9082839488983154,31.441861697070298,6.1208906173706055,-1.594406247138977,0.6062992215156555
n1130,n1153,217.0,1.5,67,1,1.9082839488983154,31.441861697070298,2.7156784534454346,-0.21680958569049835,0.30708661675453186
n1132,n1154,217.0,1.5,76,1,1.9082839488983154,31.441861697070298,2.7146408557891846,-0.2174198478460312,0.3937007784843445
n1134,n1155,217.3330078125,0.333984375,43,3,1.9082839488983154,31.441861697070298,2.9579176902770996,1.699357032775879,0.29921260476112366
n1135,n1151,217.6669921875,0.3330078125,48,3,1.9082839488983154,31.441861697070298,3.991098165512085,1.9560495615005493,0.34645670652389526
n1136,n1172,218.0,0.3330078125,60,3,0.33367919921875,179.8134260106091,0.0,4.324994087219238,0.3700787425041199
n1137,n1157,218.3330078125,0.333984375,62,3,0.33367919921875,179.8134260106091,3.3116488456726074,3.221619129180908,0.36220473051071167
n1138,n1158,218.5,0.5,84,1,0.33367919921875,179.8134260106091,3.0980987548828125,2.206982135772705,0.3937007784843445
n1139,n1159,218.6669921875,0.3330078125,64,3,0.33367919921875,179.8134260106091,2.94443941116333,2.3357503414154053,0.3385826647281647
n1141,n1162,219.0,1.0,56,3,0.33367919921875,179.8134260106091,2.5227508544921875,1.74736750125885,0.4015747904777527
n1142,n1160,219.0,1.0,65,3,0.33367919921875,179.8134260106091,2.536285400390625,1.7647013664245605,0.36220473051071167
n1140,n1161,219.0,0.5,72,1,0.33367919921875,179.8134260106091,2.52587890625,2.7513861656188965,0.4881889820098877
n1143,n1163,219.5,0.5,74,1,0.33367919921875,179.8134260106091,2.1197967529296875,1.7223354578018188,0.5196850299835205
n1147,n1167,220.0,0.3330078125,36,3,0.33367919921875,179.8134260106091,1.7168426513671875,4.882021427154541,0.25984251499176025
n1144,n1165,220.0,1.3330078125,64,1,0.33367919921875,179.8134260106091,1.7314300537109375,2.887371063232422,0.4094488322734833
n1145,n1164,220.0,1.0,67,1,0.33367919921875,179.8134260106091,1.7324676513671875,3.3025128841400146,0.3937007784843445
n1146,n1166,220.0,1.3330078125,76,1,0.33367919921875,179.8134260106091,1.7314300537109375,2.887371063232422,0.4960629940032959
n1148,n1168,220.3330078125,0.333984375,43,3,0.33367919921875,179.8134260106091,1.501391887664795,4.7263288497924805,0.28346458077430725
n1149,n1171,220.6669921875,0.3330078125,48,3,0.33367919921875,179.8134260106091,0.8925290703773499,4.326679706573486,0.19685038924217224
n1152,n1177,221.0,0.5,60,3,0.01579793356359005,3797.965079324281,0.0,7.278128623962402,0.31496062874794006
n1153,n1175,221.3330078125,0.333984375,79,1,0.01579793356359005,3797.965079324281,0.470882773399353,8.324713706970215,0.4015747904777527
n1154,n1174,221.5,0.5,64,3,0.01579793356359005,3797.965079324281,0.5860239863395691,7.835453033447266,0.4251968562602997
n1155,n1176,221.6669921875,0.3330078125,81,1,0.01579793356359005,3797.965079324281,0.4605340361595154,8.315550804138184,0.5039370059967041
n1157,n1180,222.0,1.0,56,3,1.1642354726791382,51.535966226770284,-0.03107706643640995,0.018384825438261032,0.3385826647281647
n1158,n1179,222.0,1.0,65,3,1.1642354726791382,51.535966226770284,0.015279133804142475,0.07401219755411148,0.32283464074134827
n1156,n1178,222.0,0.5,72,1,1.1642354726791382,51.535966226770284,0.01579793356359005,1.0746251344680786,0.5039370059967041
n1159,n1181,222.5,0.5,74,1,1.1453094482421875,52.387588430434725,0.0,0.13338617980480194,0.4881889820098877
n1161,n1182,223.0,0.3330078125,36,3,1.0173890590667725,58.9744891251697,0.00911712646484375,2.715305805206299,0.31496062874794006
n1160,n1183,223.0,1.5,75,1,1.0173890590667725,58.9744891251697,-0.00911712646484375,0.5321028232574463,0.4724409580230713
n1162,n1184,223.3330078125,0.333984375,43,3,0.7594572305679321,79.00379058229679,0.0,2.887599468231201,0.29921260476112366
n1163,n1185,223.6669921875,0.3330078125,48,3,1.3779325485229492,43.54349569891208,0.0,1.8229186534881592,0.29921260476112366
n1164,n1186,224.0,0.3330078125,60,3,0.8242301940917969,72.79519778587198,0.0,2.085066795349121,0.3937007784843445
n1165,n1187,224.3330078125,0.333984375,62,3,1.7184758186340332,34.91466062507197,0.0,0.6330639719963074,0.4173228442668915
n1166,n1188,224.5,0.5,79,1,1.04376220703125,57.4843576399041,0.0,0.20873580873012543,0.5196850299835205
n1169,n1192,225.0,0.3330078125,56,3,1.040618896484375,57.65799583565501,-0.01458740234375,1.5579414367675781,0.3937007784843445
n1170,n1189,225.0,0.3330078125,65,3,1.040618896484375,57.65799583565501,0.0078125,1.5892658233642578,0.4645669162273407
n1168,n1190,225.0,0.5,72,1,1.040618896484375,57.65799583565501,0.00677490234375,1.001451849937439,0.5433070659637451
n1172,n1194,225.5,0.5,74,1,0.9980811476707458,60.11535248413812,0.0,0.044247668236494064,0.4173228442668915
n1173,n1195,225.6669921875,0.3330078125,44,3,1.0666697025299072,56.24983990610507,0.0,-0.029927784577012062,0.31496062874794006
n1175,n1196,226.0,0.3330078125,36,3,2.5462334156036377,23.56421828113341,0.0114593505859375,0.8319585919380188,0.28346458077430725
n1174,n1198,226.0,1.5,75,1,2.5462334156036377,23.56421828113341,-0.0114593505859375,-0.6737408638000488,0.5905511975288391
n1176,n1201,226.3330078125,0.333984375,43,3,0.34306469559669495,174.89412571480594,0.0,2.5041065216064453,0.16535432636737823
n1177,n1202,226.6669921875,0.3330078125,48,3,26.285053253173828,2.282666100086946,0.0,-4.031064510345459,0.26771652698516846
n1178,n1253,227.0,0.3330078125,60,3,0.8842569589614868,67.85357965456878,0.0,-0.18885980546474457,0.4488188922405243
n1179,n1204,227.3330078125,0.333984375,62,3,0.8842569589614868,67.85357965456878,8.281448364257812,1.0437785387039185,0.29921260476112366
n1180,n1206,227.5,0.5,79,1,0.8842569589614868,67.85357965456878,8.420247077941895,0.5981244444847107,0.5590550899505615
n1181,n1207,227.6669921875,0.3330078125,63,3,0.8842569589614868,67.85357965456878,8.459589004516602,0.7395870089530945,0.3779527544975281
n1183,n1208,228.0,0.3330078125,56,3,0.8842569589614868,67.85357965456878,8.24415111541748,1.765336513519287,0.4173228442668915
n1184,n1210,228.0,0.3330078125,65,3,0.8842569589614868,67.85357965456878,8.23633861541748,1.754033088684082,0.4645669162273407
n1182,n1209,228.0,0.6669921875,77,1,0.8842569589614868,67.85357965456878,8.239466667175293,1.5608943700790405,0.5354330539703369
n1185,n1211,228.3330078125,0.333984375,53,3,0.8842569589614868,67.85357965456878,8.027674674987793,0.7307702898979187,0.25984251499176025
n1187,n1214,228.6669921875,0.3330078125,44,3,0.8842569589614868,67.85357965456878,7.883427619934082,-1.5961616039276123,0.3700787425041199
n1186,n1213,228.6669921875,0.3330078125,64,1,0.8842569589614868,67.85357965456878,7.8948869705200195,3.3435275554656982,0.4173228442668915
n1190,n1216,229.0,0.3330078125,45,3,0.8842569589614868,67.85357965456878,7.404454231262207,2.9040677547454834,0.33070865273475647
n1188,n1220,229.0,1.0,64,1,0.8842569589614868,67.85357965456878,6.5049638748168945,0.5611667633056641,0.3937007784843445
n1189,n1215,229.0,1.0,76,1,0.8842569589614868,67.85357965456878,7.4570512771606445,1.3517223596572876,0.5039370059967041
n1191,n1217,229.3330078125,0.333984375,52,3,0.8842569589614868,67.85357965456878,7.212972164154053,2.540532350540161,0.22047244012355804
n1192,n1219,229.6669921875,0.3330078125,57,3,0.8842569589614868,67.85357965456878,7.344756603240967,2.400459051132202,0.33070865273475647
n1195,n1238,230.0,0.3330078125,64,3,0.8842569589614868,67.85357965456878,5.573089599609375,2.8424301147460938,0.4488188922405243
n1193,n1222,230.0,0.5,69,1,0.8842569589614868,67.85357965456878,7.3845367431640625,1.555974006652832,0.4251968562602997
n1194,n1221,230.0,0.5,81,1,0.8842569589614868,67.85357965456878,7.385589599609375,1.5571297407150269,0.5669291615486145
n1196,n1223,230.3330078125,0.333984375,57,3,0.8842569589614868,67.85357965456878,7.4295196533203125,1.8307145833969116,0.3937007784843445
n1197,n1226,230.5,0.5,67,1,0.8842569589614868,67.85357965456878,7.4787492752075195,1.1066222190856934,0.4960629940032959
n1198,n1225,230.5,0.5,79,1,0.8842569589614868,67.85357965456878,7.488133430480957,1.1207586526870728,0.6141732335090637
n1199,n1227,230.6669921875,0.666015625,52,3,0.8842569589614868,67.85357965456878,7.529016494750977,0.5373035073280334,0.4015747904777527
n1200,n1228,231.0,1.0,69,1,0.8842569589614868,67.85357965456878,7.603174686431885,-0.47912976145744324,0.5669291615486145
n1201,n1229,231.0,1.0,81,1,0.8842569589614868,67.85357965456878,7.602137088775635,-0.48150065541267395,0.5905511975288391
n1203,n1230,231.3330078125,0.333984375,52,3,0.8842569589614868,67.85357965456878,7.686701774597168,0.5198308825492859,0.4094488322734833
n1204,n1231,231.6669921875,0.3330078125,45,3,0.8842569589614868,67.85357965456878,7.605457782745361,3.1808431148529053,0.3858267664909363
n1207,n1232,232.0,0.3330078125,52,3,0.8842569589614868,67.85357965456878,7.8988847732543945,3.1802802085876465,0.4015747904777527
n1205,n1233,232.0,0.5,67,1,0.8842569589614868,67.85357965456878,7.894200325012207,2.591372489929199,0.5196850299835205
n1206,n1234,232.0,0.5,79,1,0.8842569589614868,67.85357965456878,7.8921098709106445,2.5902438163757324,0.6771653294563293
n1210,n1236,232.5,0.5,81,1,0.8842569589614868,67.85357965456878,7.87591028213501,2.3176958560943604,0.5905511975288391
n1211,n1240,232.6669921875,0.666015625,64,3,0.8842569589614868,67.85357965456878,7.611083030700684,1.605136752128601,0.3937007784843445
n1212,n1241,233.0,1.0,67,1,0.8842569589614868,67.85357965456878,7.905013561248779,1.0183452367782593,0.4409448802471161
n1213,n1239,233.0,1.0,76,1,0.8842569589614868,67.85357965456878,7.907622814178467,1.0204412937164307,0.5275590419769287
n1215,n1295,233.3330078125,0.333984375,57,3,0.00029181543504819274,205609.41195619456,0.0,9.587838172912598,0.5196850299835205
n1216,n1243,233.6669921875,0.666015625,52,3,0.00029181543504819274,205609.41195619456,7.642293930053711,12.632200241088867,0.33070865273475647
n1218,n1244,234.3330078125,0.333984375,52,3,0.00029181543504819274,205609.41195619456,7.220613479614258,13.02431869506836,0.27559053897857666
n1219,n1242,234.6669921875,0.3330078125,45,3,0.00029181543504819274,205609.41195619456,7.964973449707031,13.96710205078125,0.27559053897857666
n1223,n1248,235.0,0.3330078125,43,3,0.00029181543504819274,205609.41195619456,6.38538932800293,9.881568908691406,0.4251968562602997
n1220,n1245,235.0,1.0,64,1,0.00029181543504819274,205609.41195619456,6.430692672729492,11.865053176879883,0.33070865273475647
n1222,n1246,235.0,1.0,76,1,0.00029181543504819274,205609.41195619456,6.42652702331543,11.859519958496094,0.5826771855354309
n1224,n1249,235.3330078125,0.333984375,48,3,0.00029181543504819274,205609.41195619456,6.128192901611328,12.977290153503418,0.17322835326194763
n1225,n1247,235.6669921875,0.3330078125,55,3,0.00029181543504819274,205609.41195619456,6.406412124633789,13.418611526489258,0.3937007784843445
n1229,n1272,236.0,0.3330078125,60,3,0.00029181543504819274,205609.41195619456,3.6700592041015625,11.245505332946777,0.21259842813014984
n1226,n1251,236.0,0.5,69,1,0.00029181543504819274,205609.41195619456,5.611724853515625,10.849785804748535,0.5905511975288391
n1227,n1254,236.0,0.5,72,1,0.00029181543504819274,205609.41195619456,5.5914154052734375,10.736632347106934,0.4645669162273407
n1228,n1252,236.0,0.5,81,1,0.00029181543504819274,205609.41195619456,5.611724853515625,10.849785804748535,0.5984252095222473
n1230,n1255,236.3330078125,0.333984375,55,3,0.00029181543504819274,205609.41195619456,5.320150375366211,9.587838172912598,0.4330708682537079
n1231,n1257,236.5,0.5,67,1,0.00029181543504819274,205609.41195619456,5.296761512756348,11.401819229125977,0.5275590419769287
n1232,n1258,236.5,0.5,71,1,0.00029181543504819274,205609.41195619456,5.295723915100098,11.398008346557617,0.4803149700164795
n1233,n1256,236.5,0.5,79,1,0.00029181543504819274,205609.41195619456,5.30196475982666,11.420727729797363,0.5826771855354309
n1234,n1250,236.6669921875,0.666015625,48,3,0.00029181543504819274,205609.41195619456,5.878582000732422,11.42916488647461,0.33070865273475647
n1235,n1261,237.0,1.0,69,1,0.00029181543504819274,205609.41195619456,4.94951057434082,11.218389511108398,0.5433070659637451
n1237,n1260,237.0,1.0,81,1,0.00029181543504819274,205609.41195619456,4.952119827270508,11.223782539367676,0.6062992215156555
n1239,n1259,237.3330078125,0.333984375,48,3,0.00029181543504819274,205609.41195619456,5.155342102050781,11.34272575378418,0.4173228442668915
n1240,n1262,237.6669921875,0.3330078125,43,3,0.00029181543504819274,205609.41195619456,4.527311325073242,11.455560684204102,0.4330708682537079
n1244,n1263,238.0,0.3330078125,52,3,0.00029181543504819274,205609.41195619456,4.271152496337891,13.071393966674805,0.4173228442668915
n1241,n1266,238.0,0.5,67,1,0.00029181543504819274,205609.41195619456,4.266986846923828,12.47781753540039,0.4488188922405243
n1242,n1265,238.0,0.5,72,1,0.00029181543504819274,205609.41195619456,4.267505645751953,12.478719711303711,0.5590550899505615
n1243,n1264,238.0,0.5,79,1,0.00029181543504819274,205609.41195619456,4.268039703369141,12.479621887207031,0.5748031735420227
n1245,n1267,238.3330078125,0.333984375,55,3,0.00029181543504819274,205609.41195619456,3.9983463287353516,12.497397422790527,0.3937007784843445
n1246,n1268,238.5,0.5,67,1,0.00029181543504819274,205609.41195619456,3.879635810852051,11.573858261108398,0.4724409580230713
n1247,n1269,238.5,0.5,81,1,0.00029181543504819274,205609.41195619456,3.877560615539551,11.567084312438965,0.5433070659637451
n1248,n1271,238.6669921875,0.666015625,64,3,0.00029181543504819274,205609.41195619456,3.7088472843170166,10.46105670928955,0.5748031735420227
n1250,n1275,239.0,1.0,72,1,0.00029181543504819274,205609.41195619456,3.416769027709961,12.222705841064453,0.4724409580230713
n1251,n1273,239.0,1.0,76,1,0.00029181543504819274,205609.41195619456,3.4365596771240234,12.243033409118652,0.5511810779571533
n1253,n1274,239.3330078125,0.333984375,55,3,0.00029181543504819274,205609.41195619456,3.4350852966308594,13.823586463928223,0.3937007784843445
n1254,n1277,239.6669921875,0.666015625,52,3,0.00029181543504819274,205609.41195619456,2.972688913345337,12.255818367004395,0.4724409580230713
n1256,n1278,240.3330078125,0.333984375,52,3,0.00029181543504819274,205609.41195619456,2.516111373901367,12.306655883789062,0.4645669162273407
n1257,n1279,240.6669921875,0.3330078125,43,3,0.00029181543504819274,205609.41195619456,2.2766306400299072,11.352874755859375,0.4645669162273407
n1260,n1282,241.0,0.3330078125,41,3,0.00029181543504819274,205609.41195619456,1.9819278717041016,13.397269248962402,0.4803149700164795
n1258,n1281,241.0,1.0,64,1,0.00029181543504819274,205609.41195619456,1.999124526977539,11.834356307983398,0.4330708682537079
n1259,n1280,241.0,1.0,76,1,0.00029181543504819274,205609.41195619456,2.007974624633789,11.846293449401855,0.6456692814826965
n1262,n1283,241.6669921875,0.3330078125,53,3,0.00029181543504819274,205609.41195619456,1.5159817934036255,12.548842430114746,0.4251968562602997
n1265,n1286,242.0,0.3330078125,60,3,0.00029181543504819274,205609.41195619456,1.2764854431152344,11.78408145904541,0.4488188922405243
n1263,n1284,242.0,0.5,69,1,0.00029181543504819274,205609.41195619456,1.2832603454589844,11.225934982299805,0.5590550899505615
n1264,n1285,242.0,0.5,81,1,0.00029181543504819274,205609.41195619456,1.2790946960449219,11.208630561828613,0.5511810779571533
n1267,n1287,242.5,0.5,67,1,0.00029181543504819274,205609.41195619456,0.9469499588012695,9.005690574645996,0.6220472455024719
n1268,n1288,242.5,0.5,79,1,0.00029181543504819274,205609.41195619456,0.9469499588012695,9.175615310668945,0.6377952694892883
n1270,n1289,243.0,2.0,74,1,0.00029181543504819274,205609.41195619456,0.6554241180419922,10.272477149963379,0.4960629940032959
n1271,n1290,243.0,2.0,77,1,0.00029181543504819274,205609.41195619456,0.6533489227294922,10.314535140991211,0.6062992215156555
n1272,n1293,243.3330078125,0.333984375,48,3,0.00029181543504819274,205609.41195619456,0.44354620575904846,12.220429420471191,0.3937007784843445
n1273,n1294,243.6669921875,0.3330078125,41,3,0.00029181543504819274,205609.41195619456,0.2644749581813812,11.522799491882324,0.4409448802471161
n1276,n1296,244.0,0.3330078125,45,3,0.8242760300636292,72.79114982315859,0.0,2.4304652214050293,0.6062992215156555
n1277,n1297,244.3330078125,0.333984375,52,3,0.6346856951713562,94.53498078887826,0.0,2.5073158740997314,0.5039370059967041
n1278,n1298,244.6669921875,0.3330078125,62,3,0.775774359703064,77.3420766612674,0.0,1.942861557006836,0.5826771855354309
n1279,n1300,245.0,1.0,68,1,0.8210914731025696,73.07346619163452,-0.00156402587890625,-0.16307377815246582,0.7165354490280151
n1280,n1299,245.0,1.0,76,1,0.8210914731025696,73.07346619163452,0.00156402587890625,-0.15693897008895874,0.6377952694892883
n1282,n1301,245.3330078125,0.333984375,56,3,0.6393914222717285,93.83923197909465,0.0,1.111648440361023,0.4724409580230713
n1283,n1303,245.6669921875,0.666015625,47,3,0.7608824968338013,78.85580263663988,0.0,-1.0314463376998901,0.4488188922405243
n1284,n1305,246.0,0.3330078125,65,1,0.7624709606170654,78.69152151242872,-0.00130462646484375,1.5805021524429321,0.5590550899505615
n1285,n1304,246.0,0.3330078125,74,1,0.7624709606170654,78.69152151242872,0.00130462646484375,1.5854412317276,0.5984252095222473
n1289,n1306,246.3330078125,0.333984375,52,3,0.6128624677658081,97.90124727123553,0.0020853679161518812,1.3138363361358643,0.5039370059967041
n1287,n1308,246.3330078125,0.333984375,64,1,0.6128624677658081,97.90124727123553,-0.0041707358323037624,1.2960067987442017,0.6062992215156555
n1288,n1307,246.3330078125,0.333984375,72,1,0.6128624677658081,97.90124727123553,0.0020853679161518812,1.3138363361358643,0.6456692814826965
n1290,n1311,246.6669921875,0.3330078125,62,1,0.9160099029541016,65.50147526407956,-0.00103759765625,-0.0190279521048069,0.5039370059967041
n1291,n1310,246.6669921875,0.3330078125,71,1,0.9160099029541016,65.50147526407956,0.00103759765625,0.005718756467103958,0.5905511975288391
n1295,n1314,247.0,0.3330078125,45,3,1.103143334388733,54.39003085963152,-0.0678863525390625,1.6626287698745728,0.4251968562602997
n1293,n1312,247.0,1.0,64,1,1.103143334388733,54.39003085963152,0.0383758544921875,-3.0827267169952393,0.5196850299835205
n1294,n1313,247.0,1.0,72,1,1.103143334388733,54.39003085963152,0.029510498046875,0.19228044152259827,0.5748031735420227
n1296,n1315,247.3330078125,0.333984375,52,3,0.5910544395446777,101.513491796494,0.0,2.129122257232666,0.3937007784843445
n1297,n1316,247.6669921875,0.3330078125,57,3,0.6834677457809448,87.78761012554106,0.0,1.5493369102478027,0.4251968562602997
n1298,n1318,248.0,0.5,62,1,2.2271811962127686,26.939882620250014,-0.00103759765625,-1.3478639125823975,0.4645669162273407
n1299,n1317,248.0,0.5,71,1,2.2271811962127686,26.939882620250014,0.00103759765625,-1.2676935195922852,0.5433070659637451
n1301,n1322,248.3330078125,0.333984375,57,3,0.008189970627427101,7326.0336000556745,0.0,9.08443546295166,0.3937007784843445
n1302,n1319,248.5,0.5,64,1,0.008189970627427101,7326.0336000556745,0.3091832101345062,8.774066925048828,0.5590550899505615
n1303,n1320,248.5,0.5,72,1,0.008189970627427101,7326.0336000556745,0.3081456124782562,8.773228645324707,0.5984252095222473
n1304,n1321,248.6669921875,0.666015625,52,3,0.008189970627427101,7326.0336000556745,0.30534762144088745,8.356241226196289,0.4015747904777527
n1305,n1323,249.0,1.5,60,1,0.6422721743583679,93.41833944455122,0.0007781982421875,0.6195810437202454,0.5275590419769287
n1306,n1324,249.0,1.5,69,1,0.6422721743583679,93.41833944455122,-0.0007781982421875,0.618057370185852,0.5433070659637451
n1309,n1325,249.6669921875,0.3330078125,45,3,0.9868951439857483,60.79673242456086,0.0,1.6772233247756958,0.32283464074134827
n1312,n1326,250.0,0.3330078125,45,3,1.257468819618225,47.714900810197705,0.0,0.7867109179496765,0.31496062874794006
n1313,n1327,250.3330078125,0.333984375,52,3,0.8919956088066101,67.26490512691342,0.0,0.027500374242663383,0.3700787425041199
n1314,n1328,250.5,1.0,62,1,1.1883224248886108,50.49134708168466,0.0,-0.48427584767341614,0.5905511975288391
n1315,n1329,250.6669921875,0.3330078125,57,3,0.6162481904029846,97.3633690684983,0.0,0.3262653946876526,0.3937007784843445
n1316,n1330,251.0,0.3330078125,59,3,0.5959035754203796,100.68743077715729,0.0,-0.0501074492931366,0.4566929042339325
n1317,n1331,251.3330078125,0.333984375,56,3,1.1196088790893555,53.59014305853091,0.0,-0.4543149471282959,0.4488188922405243
n1318,n1332,251.5,0.5,64,1,0.24643640220165253,243.4705240945027,0.0,1.4669688940048218,0.5905511975288391
n1319,n1334,251.6669921875,0.666015625,47,3,0.7476173043251038,80.25496420814359,0.0,-0.521511971950531,0.4566929042339325
n1320,n1335,252.0,2.0,65,1,0.5817906856536865,103.12987381808183,0.0,1.0419553518295288,0.6692913174629211
n1322,n1336,252.3330078125,0.333984375,52,3,0.5489309430122375,109.30336641391045,0.0,-0.20677414536476135,0.4409448802471161
n1323,n1337,252.6669921875,0.3330078125,44,3,0.6944189667701721,86.40316994662079,0.0,-0.15415187180042267,0.4488188922405243
n1325,n1338,253.0,0.3330078125,45,3,0.8508522510528564,70.5175310117064,0.0,2.657334804534912,0.4645669162273407
n1326,n1339,253.3330078125,0.333984375,50,3,0.6611841917037964,90.7462712400713,0.0,2.7679877281188965,0.4409448802471161
n1327,n1340,253.6669921875,0.666015625,57,3,0.6584952473640442,91.11683074430672,0.0,1.5490230321884155,0.5118110179901123
n1328,n1341,254.0,0.5,64,1,0.632293701171875,94.892610647232,0.0,1.7509161233901978,0.6299212574958801
n1331,n1342,254.5,1.0,62,1,0.42105263471603394,142.49999893829226,0.0,0.8288769125938416,0.6377952694892883
n1332,n1343,254.6669921875,0.3330078125,48,3,0.578674852848053,103.68516914930578,0.0,1.8140617609024048,0.4724409580230713
n1333,n1344,255.0,0.3330078125,50,3,1.0338159799575806,58.03740816858133,0.0,0.4941394031047821,0.4645669162273407
n1334,n1346,255.3330078125,0.333984375,53,3,0.05610379949212074,1069.4462860474619,0.0,6.953518867492676,0.4960629940032959
n1335,n1347,255.5,1.0,60,1,4.550529956817627,13.185277444467253,0.0,-2.3042068481445312,0.7165354490280151
n1336,n1348,255.6669921875,0.3330078125,45,3,1.6742806434631348,35.83628600990937,0.0,-2.894134759902954,0.34645670652389526
n1339,n1352,256.3330078125,0.333984375,45,3,0.015002562664449215,3999.3167395446944,0.0,6.44986629486084,0.34645670652389526
n1340,n1349,256.5,1.5,58,1,0.015002562664449215,3999.3167395446944,0.9868803024291992,6.007143974304199,0.6062992215156555
n1341,n1350,256.6669921875,0.3330078125,50,3,0.015002562664449215,3999.3167395446944,0.8206233978271484,7.97114896774292,0.31496062874794006
n1344,n1351,257.3330078125,0.333984375,50,3,0.015002562664449215,3999.3167395446944,0.3868744969367981,7.336602687835693,0.36220473051071167
n1346,n1353,258.0,0.5,62,1,0.824981689453125,72.72888691599157,0.0,0.15857797861099243,0.5196850299835205
n1349,n1354,258.5,1.5,60,1,2.7851791381835938,21.542599963293604,0.0,0.9227299094200134,0.5433070659637451
n1350,n1355,258.6669921875,0.3330078125,45,3,0.6212511658668518,96.57929561593669,0.0,-1.1580336093902588,0.36220473051071167
n1356,n1357,260.0,0.3330078125,48,3,0.8085823059082031,74.20394876512631,-0.00989532470703125,4.619009971618652,0.33070865273475647
n1355,n1356,260.0,2.0,57,1,0.8085823059082031,74.20394876512631,0.00989532470703125,2.036947011947632,0.3779527544975281
n1357,n1358,260.3330078125,0.333984375,52,3,0.945038378238678,63.48948506390336,0.0,4.332115173339844,0.3779527544975281
n1358,n1359,260.6669921875,0.3330078125,57,3,0.9916147589683533,60.507368872184024,0.0,4.193467140197754,0.33070865273475647
n1359,n1360,261.0,0.3330078125,60,3,0.841413140296936,71.30860825257128,0.0,4.3493452072143555,0.3385826647281647
n1360,n1361,261.3330078125,0.333984375,64,3,1.2538377046585083,47.85308319974428,0.0,3.6970810890197754,0.3858267664909363
n1361,n1363,261.6669921875,0.3330078125,69,3,17.84086036682129,3.36306650948192,0.0,-1.6017132305249743e-16,0.3779527544975281
