score_id,performance_id,onset_beat,duration_beat,pitch,voice,beat_period,tempo_bpm,timing,articulation_log,velocity_norm
n1,P01_n2,0.0,3.0,57,3,0.621874988079071,96.48241390980503,-5.820766091346741e-11,-0.5073415637016296,0.31496062874794006
n2,P01_n1,0.0,3.0,60,3,0.621874988079071,96.48241390980503,0.0020833334419876337,-0.34200388193130493,0.32283464074134827
n3,P01_n3,0.0,3.0,64,3,0.621874988079071,96.48241390980503,-0.0062500000931322575,-0.47227632999420166,0.33070865273475647
n0,P01_n0,0.0,1.0,76,1,0.621874988079071,96.48241390980503,0.004166666883975267,-0.4834947884082794,0.36220473051071167
n4,P01_n4,1.0,0.5,81,1,0.5375000238418579,111.62790202527148,0.0,-0.4413716793060303,0.36220473051071167
n5,P01_n5,1.5,0.5,79,1,0.5937501192092896,101.05261129025685,0.0,-0.532766580581665,0.35433071851730347
n6,P01_n6,2.0,1.0,81,1,0.5531249642372131,108.47458328470671,0.0,-0.4268590807914734,0.3385826647281647
n8,P01_n7,3.0,3.0,55,3,0.6541668176651001,91.71972405166679,0.010416686534881592,-0.4915662705898285,0.25196850299835205
n9,P01_n8,3.0,3.0,60,3,0.6541668176651001,91.71972405166679,0.003125011920928955,-0.42734232544898987,0.3385826647281647
n10,P01_n10,3.0,3.0,64,3,0.6541668176651001,91.71972405166679,-0.009375035762786865,-0.4980406165122986,0.32283464074134827
n7,P01_n9,3.0,0.5,79,1,0.6541668176651001,91.71972405166679,-0.004166662693023682,-0.533069908618927,0.30708661675453186
n11,P01_n11,3.5,0.5,81,1,0.5062499046325684,118.5185408450545,0.0,-0.33235517144203186,0.34645670652389526
n12,P01_n12,4.0,1.0,76,1,0.6375000476837158,94.11764001901365,0.0,-0.3963010311126709,0.30708661675453186
n13,P01_n13,5.0,1.0,76,1,0.6156248450279236,97.46195346823359,0.0,-0.39965903759002686,0.33070865273475647
n15,P01_n14,6.0,3.0,53,3,0.6465279459953308,92.8034130181796,0.013541638851165771,-0.3459528684616089,0.22834645211696625
n16,P01_n15,6.0,3.0,60,3,0.6465279459953308,92.8034130181796,0.009375035762786865,-0.29944148659706116,0.25984251499176025
n17,P01_n17,6.0,3.0,64,3,0.6465279459953308,92.8034130181796,-0.018750011920928955,-0.4124574661254883,0.34645670652389526
n14,P01_n16,6.0,1.5,74,1,0.6465279459953308,92.8034130181796,-0.004166662693023682,-0.3747977912425995,0.29921260476112366
n18,P01_n18,7.5,0.5,76,1,0.6124992370605469,97.95930569309243,0.0,-0.4717501103878021,0.35433071851730347
n19,P01_n19,8.0,0.5,79,1,0.53125,112.94117647058823,0.0,-0.27325424551963806,0.29921260476112366
n20,P01_n20,8.5,0.5,74,1,0.6322922706604004,94.8928253342916,0.0,-0.22318622469902039,0.25984251499176025
n22,P01_n21,9.0,0.5,52,3,0.6729164123535156,89.16412038480507,0.002604246139526367,-0.40465250611305237,0.25196850299835205
n21,P01_n22,9.0,0.5,76,1,0.6729164123535156,89.16412038480507,-0.002604246139526367,-0.47740885615348816,0.33070865273475647
n24,P01_n24,9.5,0.5,60,3,0.585416316986084,102.49116442278165,-0.01093745231628418,-0.28267645835876465,0.34645670652389526
n23,P01_n23,9.5,0.5,69,1,0.585416316986084,102.49116442278165,0.01093745231628418,-0.5875310301780701,0.4094488322734833
n26,P01_n26,10.0,2.0,59,3,0.5828126668930054,102.94903218192235,-0.0036458969116210938,-0.5734058022499084,0.36220473051071167
n25,P01_n25,10.0,2.0,68,1,0.5828126668930054,102.94903218192235,0.0036458969116210938,-0.560038685798645,0.4094488322734833
n28,P01_n27,12.0,0.5,53,3,0.6135411262512207,97.7929554072507,0.008854150772094727,-0.3379363715648651,0.23622047901153564
n27,P01_n28,12.0,1.0,81,1,0.6135411262512207,97.7929554072507,-0.008854150772094727,-0.49476340413093567,0.3779527544975281
n29,P01_n29,12.5,0.5,57,3,0.5927081108093262,101.23026647648148,0.0,-0.5375744700431824,0.36220473051071167
n31,P01_n31,13.0,2.0,64,3,0.6489596366882324,92.45567306187439,-0.0067708492279052734,-0.5449989438056946,0.36220473051071167
n30,P01_n30,13.0,0.5,84,1,0.6489596366882324,92.45567306187439,0.0067708492279052734,-0.4065742790699005,0.3385826647281647
n32,P01_n32,13.5,0.5,83,1,0.5208320617675781,115.20028125068664,0.0,-0.5311524868011475,0.3937007784843445
n33,P01_n33,14.0,1.0,81,1,0.48593759536743164,123.47264457822459,0.0,-0.37388044595718384,0.3858267664909363
n35,P01_n34,15.0,0.5,50,3,0.7322921752929688,81.93450923601054,0.01718759536743164,-0.48583829402923584,0.28346458077430725
n34,P01_n35,15.0,0.5,86,1,0.7322921752929688,81.93450923601054,-0.01718759536743164,-0.3805662989616394,0.29133859276771545
n37,P01_n37,15.5,0.5,57,3,0.6354160308837891,94.42632398894162,-0.010416507720947266,-0.511197030544281,0.34645670652389526
n36,P01_n36,15.5,0.5,84,1,0.6354160308837891,94.42632398894162,0.010416507720947266,-0.2868797481060028,0.29921260476112366
n39,P01_n39,16.0,1.0,64,3,0.5656251907348633,106.07731229588215,-0.002083301544189453,-0.36713239550590515,0.32283464074134827
n38,P01_n38,16.0,1.0,83,1,0.5656251907348633,106.07731229588215,0.002083301544189453,-0.4664233326911926,0.3385826647281647
n41,P01_n40,17.0,1.0,65,3,0.5473957061767578,109.609920799462,0.003124713897705078,-0.36866164207458496,0.3385826647281647
n40,P01_n41,17.0,1.0,81,1,0.5473957061767578,109.609920799462,-0.003124713897705078,-0.43392032384872437,0.35433071851730347
n43,P01_n42,18.0,0.5,52,3,0.6989583969116211,85.84201901731588,0.009895801544189453,-0.5075260400772095,0.27559053897857666
n42,P01_n43,18.0,1.5,79,1,0.6989583969116211,85.84201901731588,-0.009895801544189453,-0.58926922082901,0.33070865273475647
n44,P01_n44,18.5,0.5,59,3,0.5666675567626953,105.88218662591679,0.0,-0.5025025606155396,0.3700787425041199
n45,P01_n45,19.0,2.0,67,3,0.6041660308837891,99.31044933497918,0.0,-0.39854782819747925,0.29133859276771545
n46,P01_n46,19.5,0.5,76,1,0.6124992370605469,97.95930569309243,0.0,-0.4992308020591736,0.34645670652389526
n47,P01_n47,20.0,0.5,79,1,0.5645847320556641,106.2727994459553,0.0,-0.43829646706581116,0.35433071851730347
n48,P01_n48,20.5,0.5,81,1,0.4812498092651367,124.67537408818791,0.0,-0.2895059883594513,0.36220473051071167
n50,P01_n50,21.0,3.0,45,4,0.6156244277954102,97.46201952197345,-0.002083301544189453,-0.46554601192474365,0.31496062874794006
n49,P01_n49,21.0,3.0,81,1,0.6156244277954102,97.46201952197345,0.002083301544189453,-0.42565327882766724,0.31496062874794006
n52,P01_n51,21.5,0.5,59,3,0.6333332061767578,94.73686112591817,0.0078125,-0.4405722916126251,0.32283464074134827
n51,P01_n52,21.5,0.5,74,2,0.6333332061767578,94.73686112591817,-0.0078125,-0.30541273951530457,0.32283464074134827
n54,P01_n53,22.0,2.0,57,3,0.6669273376464844,89.96482317209191,0.004687309265136719,-0.4660665690898895,0.29133859276771545
n53,P01_n54,22.0,2.0,73,2,0.6669273376464844,89.96482317209191,-0.004687309265136719,-0.2932049036026001,0.26771652698516846
n55,P01_n55,24.0,1.0,76,1,0.5687484741210938,105.49478852267697,0.0,-0.4167962372303009,0.34645670652389526
n56,P01_n56,24.5,0.25,72,2,0.6083335876464844,98.63009575408695,0.0,-0.35693517327308655,0.34645670652389526
n57,P01_n57,24.75,0.25,71,2,0.5250015258789062,114.28538212256404,0.0,-0.4854310154914856,0.3700787425041199
n59,P01_n58,25.0,0.25,69,2,0.5416679382324219,110.76897073840628,0.005208015441894531,-0.46778228878974915,0.36220473051071167
n58,P01_n59,25.0,1.5,81,1,0.5416679382324219,110.76897073840628,-0.005208015441894531,-0.48062923550605774,0.3858267664909363
n60,P01_n60,25.25,0.25,68,2,0.5625,106.66666666666667,0.0,-0.5069599747657776,0.36220473051071167
n61,P01_n61,25.5,0.25,69,2,0.5541648864746094,108.27102449903973,0.0,-0.5474831461906433,0.3937007784843445
n62,P01_n62,25.75,0.25,71,2,0.4854164123535156,123.60521497221983,0.0,-0.4212418496608734,0.4094488322734833
n64,P01_n64,26.0,0.25,57,3,0.6083335876464844,98.63009575408695,-0.0005207061767578125,-0.5459690093994141,0.34645670652389526
n63,P01_n63,26.0,0.25,72,2,0.6083335876464844,98.63009575408695,0.0005207061767578125,-0.3318442106246948,0.34645670652389526
n66,P01_n65,26.25,0.25,59,3,0.5798606872558594,103.47312952692968,0.0015621185302734375,-0.581510066986084,0.3937007784843445
n65,P01_n66,26.25,0.25,74,2,0.5798606872558594,103.47312952692968,-0.0015621185302734375,-0.35248446464538574,0.35433071851730347
n69,P01_n67,26.5,0.25,60,3,0.56805419921875,105.62372407865048,0.011111259460449219,-0.25810110569000244,0.35433071851730347
n68,P01_n68,26.5,0.5,76,2,0.56805419921875,105.62372407865048,0.001735687255859375,-0.2644426226615906,0.30708661675453186
n67,P01_n69,26.5,0.5,81,1,0.56805419921875,105.62372407865048,-0.012846946716308594,-0.41856569051742554,0.35433071851730347
n70,P01_n70,26.75,0.25,62,3,0.6333351135253906,94.73657581689504,0.0,-0.4405766427516937,0.36220473051071167
n72,P01_n71,27.0,1.25,64,3,0.570831298828125,105.10986367281475,0.001041412353515625,-0.3538658320903778,0.3385826647281647
n71,P01_n72,27.0,0.5,79,1,0.570831298828125,105.10986367281475,-0.001041412353515625,-0.3633173406124115,0.30708661675453186
n73,P01_n73,27.25,0.25,72,2,0.7041702270507812,85.20666977258199,0.0,-0.44669046998023987,0.31496062874794006
n75,P01_n74,27.5,0.25,71,2,0.508331298828125,118.03325929038843,0.0062503814697265625,-0.45499810576438904,0.3779527544975281
n74,P01_n75,27.5,0.5,81,1,0.508331298828125,118.03325929038843,-0.0062503814697265625,-0.415031760931015,0.3779527544975281
n76,P01_n76,27.75,0.25,69,2,0.5062522888183594,118.5179826841784,0.0,-0.4170244038105011,0.3779527544975281
n78,P01_n78,28.0,1.25,67,2,0.5812492370605469,103.22594194433324,-0.0026044845581054688,-0.4545256197452545,0.34645670652389526
n77,P01_n77,28.0,2.0,76,1,0.5812492370605469,103.22594194433324,0.0026044845581054688,-0.40473058819770813,0.34645670652389526
n80,P01_n79,28.25,0.25,63,3,0.633331298828125,94.73714643665976,0.0,-0.4535070061683655,0.3385826647281647
n81,P01_n80,28.5,0.25,64,3,0.6125030517578125,97.95869559801699,0.0,-0.3923245966434479,0.31496062874794006
n82,P01_n81,28.75,0.25,65,3,0.5250015258789062,114.28538212256404,0.0,-0.18286822736263275,0.29133859276771545
n84,P01_n82,29.0,0.5,64,3,0.6166610717773438,97.29818006359261,0.0,-0.4747306704521179,0.33070865273475647
n85,P01_n83,29.25,0.25,72,2,0.5187492370605469,115.66282071080325,0.0,-0.16558392345905304,0.3779527544975281
n87,P01_n84,29.5,0.5,55,3,0.6604194641113281,90.85135018050542,0.010937690734863281,-0.6936352849006653,0.3700787425041199
n86,P01_n85,29.5,0.25,71,2,0.6604194641113281,90.85135018050542,-0.010937690734863281,-0.678988516330719,0.36220473051071167
n88,P01_n86,29.75,0.25,72,2,0.5041694641113281,119.00760413119964,0.0,-0.09869228303432465,0.36220473051071167
n91,P01_n87,30.0,0.5,53,3,0.3958320617675781,151.57943429865563,0.004166603088378906,-0.3603975772857666,0.36220473051071167
n89,P01_n88,30.0,1.5,74,1,0.3958320617675781,151.57943429865563,-0.004166603088378906,-2.762495994567871,0.28346458077430725
n92,P01_n89,30.25,0.25,72,2,0.7395820617675781,81.1269000448738,0.0,-0.4163902699947357,0.31496062874794006
n94,P01_n91,30.5,0.25,65,3,0.5187492370605469,115.66282071080325,-0.0026044845581054688,-0.24575428664684296,0.34645670652389526
n93,P01_n90,30.5,1.75,71,2,0.5187492370605469,115.66282071080325,0.0026044845581054688,-0.38149237632751465,0.3779527544975281
n95,P01_n92,30.75,0.25,64,3,0.60833740234375,98.62947727500753,0.0,-0.29501643776893616,0.30708661675453186
n97,P01_n93,31.0,0.25,62,3,0.6458282470703125,92.9039574719433,0.0,-0.2988331913948059,0.29133859276771545
n98,P01_n94,31.25,0.25,60,3,0.741668701171875,80.89865448710036,0.0,-0.49845752120018005,0.33070865273475647
n100,P01_n96,31.5,0.25,59,3,0.5583343505859375,107.46249077642044,-0.001041412353515625,-0.4222356677055359,0.32283464074134827
n99,P01_n95,31.5,0.5,76,1,0.5583343505859375,107.46249077642044,0.001041412353515625,-0.358732670545578,0.36220473051071167
n101,P01_n97,31.75,0.25,60,3,0.6520843505859375,92.01263601263601,0.0,-0.3127412497997284,0.30708661675453186
n104,P01_n98,32.0,0.5,62,3,0.5729141235351562,104.72773760536934,0.0005207061767578125,-0.17846883833408356,0.25984251499176025
n102,P01_n99,32.0,1.0,79,1,0.5729141235351562,104.72773760536934,-0.0005207061767578125,-0.38560494780540466,0.33070865273475647
n105,P01_n100,32.25,0.25,69,2,0.5208320617675781,115.20028125068664,0.0,-0.3658679127693176,0.35433071851730347
n107,P01_n101,32.5,0.5,53,3,0.6666679382324219,89.99982833895046,0.009375572204589844,-0.5340282917022705,0.28346458077430725
n106,P01_n102,32.5,0.25,71,2,0.6666679382324219,89.99982833895046,-0.009375572204589844,-0.6495054364204407,0.36220473051071167
n108,P01_n103,32.75,0.25,72,2,0.6208343505859375,96.64413694791948,0.0,-0.33652782440185547,0.33070865273475647
n110,P01_n105,33.0,0.25,71,2,0.5499954223632812,109.09181705946816,-0.00208282470703125,-0.5052233338356018,0.3700787425041199
n109,P01_n104,33.0,1.25,76,1,0.5499954223632812,109.09181705946816,0.00208282470703125,-0.3976433575153351,0.35433071851730347
n111,P01_n106,33.25,0.25,69,2,0.4333381652832031,138.4599945421094,0.0,-0.19266118109226227,0.3937007784843445
n113,P01_n107,33.5,0.25,52,3,0.6041679382324219,99.31013581346012,0.005208015441894531,-0.4250246584415436,0.4015747904777527
n112,P01_n108,33.5,2.5,68,2,0.6041679382324219,99.31013581346012,-0.005208015441894531,-0.437097430229187,0.34645670652389526
n114,P01_n109,33.75,0.25,50,3,0.6624984741210938,90.56624632924512,0.0,-0.4302365481853485,0.3385826647281647
n117,P01_n110,34.0,0.5,52,3,0.625,96.0,0.0,-0.4672675132751465,0.3700787425041199
n118,P01_n111,34.25,0.25,75,1,0.7020835876464844,85.45990969697958,0.0,-0.477742075920105,0.3385826647281647
n120,P01_n113,34.5,0.25,64,3,0.5645828247070312,106.27315847083148,-0.0026044845581054688,-0.2747928202152252,0.36220473051071167
n119,P01_n112,34.5,0.25,76,1,0.5645828247070312,106.27315847083148,0.0026044845581054688,-0.3406807780265808,0.3779527544975281
n122,P01_n114,34.75,0.25,62,3,0.6541671752929688,91.7196739092404,0.005208015441894531,-0.32883763313293457,0.28346458077430725
n121,P01_n115,34.75,0.25,78,1,0.6541671752929688,91.7196739092404,-0.005208015441894531,-0.539734423160553,0.4015747904777527
n124,P01_n116,35.0,0.25,64,3,0.5999984741210938,100.0002543137978,0.004166603088378906,-0.2751035690307617,0.27559053897857666
n123,P01_n117,35.0,0.25,80,1,0.5999984741210938,100.0002543137978,-0.004166603088378906,-0.4420008957386017,0.36220473051071167
n126,P01_n118,35.25,0.25,62,3,0.6145858764648438,97.6267146669977,0.005208015441894531,-0.2738398015499115,0.29133859276771545
n125,P01_n119,35.25,0.25,81,1,0.6145858764648438,97.6267146669977,-0.005208015441894531,-0.504137396812439,0.3779527544975281
n128,P01_n120,35.5,0.25,60,3,0.6166648864746094,97.29757817574465,0.010937690734863281,-0.2552529275417328,0.31496062874794006
n127,P01_n121,35.5,0.25,83,1,0.6166648864746094,97.29757817574465,-0.010937690734863281,-0.4545617401599884,0.3385826647281647
n130,P01_n122,35.75,0.25,59,3,0.6215260624885559,96.53657927032589,0.0005207061767578125,-0.6060675978660583,0.3700787425041199
n129,P01_n123,35.75,0.25,80,1,0.6215260624885559,96.53657927032589,-0.0005207061767578125,-0.520337700843811,0.32283464074134827
n133,P01_n124,36.0,0.25,57,3,0.5680567622184753,105.62324751786676,0.0048611960373818874,-0.41857215762138367,0.31496062874794006
n132,P01_n125,36.0,0.5,72,2,0.5680567622184753,105.62324751786676,0.0048611960373818874,-0.1841069459915161,0.32283464074134827
n131,P01_n126,36.0,0.75,81,1,0.5680567622184753,105.62324751786676,-0.009722392074763775,-0.4280325472354889,0.36220473051071167
n134,P01_n127,36.25,0.25,60,3,0.6354141235351562,94.42660743231075,0.0,-0.3337964415550232,0.3385826647281647
n136,P01_n129,36.5,0.25,59,3,0.590972900390625,101.52749806351666,-0.0005207061767578125,-0.5333446264266968,0.36220473051071167
n135,P01_n128,36.5,0.25,74,2,0.590972900390625,101.52749806351666,0.0005207061767578125,-0.3151644766330719,0.32283464074134827
n139,P01_n131,36.75,0.25,60,3,0.659027099609375,91.04329705950451,0.0013885498046875,-0.37456297874450684,0.33070865273475647
n138,P01_n130,36.75,0.75,72,2,0.659027099609375,91.04329705950451,0.0076389312744140625,-0.3472309708595276,0.31496062874794006
n137,P01_n132,36.75,0.25,76,1,0.659027099609375,91.04329705950451,-0.009027481079101562,-0.48512133955955505,0.31496062874794006
n142,P01_n133,37.0,0.25,62,3,0.53125,112.94117647058823,0.006771087646484375,-0.1614634394645691,0.30708661675453186
n140,P01_n134,37.0,2.0,77,1,0.53125,112.94117647058823,-0.006771087646484375,-0.24448397755622864,0.33070865273475647
n143,P01_n135,37.25,0.25,60,3,0.6583366394042969,91.1387828183035,0.0,-0.39689740538597107,0.3385826647281647
n145,P01_n136,37.5,0.25,59,3,0.5499992370605469,109.09106041795269,0.0010423660278320312,-0.4444792568683624,0.34645670652389526
n144,P01_n137,37.5,0.5,69,2,0.5499992370605469,109.09106041795269,-0.0010423660278320312,-0.4223403036594391,0.33070865273475647
n146,P01_n138,37.75,0.25,60,3,0.6708335876464844,89.44095988172073,0.0,-0.436099648475647,0.3385826647281647
n148,P01_n139,38.0,0.75,62,3,0.5750007629394531,104.34768763309958,0.0031251907348632812,-0.29260945320129395,0.29921260476112366
n147,P01_n140,38.0,0.25,71,2,0.5750007629394531,104.34768763309958,-0.0031251907348632812,-0.4791697859764099,0.33070865273475647
n149,P01_n141,38.25,0.25,69,2,0.5374984741210938,111.62822387191098,0.0,-0.39651331305503845,0.33070865273475647
n150,P01_n142,38.5,0.25,67,2,0.5645828247070312,106.27315847083148,0.0,-0.42393630743026733,0.34645670652389526
n152,P01_n143,38.75,0.25,57,3,0.6229197382926941,96.32059527355598,0.0026035308837890625,-0.5515833497047424,0.32283464074134827
n151,P01_n144,38.75,0.25,65,2,0.6229197382926941,96.32059527355598,-0.0026035308837890625,-0.4825417697429657,0.32283464074134827
n155,P01_n147,39.0,0.25,59,3,0.5374959111213684,111.62875616081067,-0.0052083334885537624,-0.35300490260124207,0.31496062874794006
n154,P01_n145,39.0,1.0,64,2,0.5374959111213684,111.62875616081067,0.0093752546235919,-0.2832958996295929,0.33070865273475647
n153,P01_n146,39.0,0.75,79,1,0.5374959111213684,111.62875616081067,-0.0041669211350381374,-0.3482513427734375,0.34645670652389526
n156,P01_n148,39.25,0.25,55,3,0.6375045776367188,94.116971241877,0.0,-0.5294777750968933,0.31496062874794006
n157,P01_n149,39.5,0.25,57,3,0.5479164123535156,109.50575424867544,0.0,-0.42420849204063416,0.35433071851730347
n159,P01_n150,39.75,0.25,55,3,0.627081573009491,95.68133171582112,0.0026044845581054688,-0.5611901879310608,0.34645670652389526
n158,P01_n151,39.75,0.25,71,1,0.627081573009491,95.68133171582112,-0.0026044845581054688,-0.6042589545249939,0.34645670652389526
n162,P01_n152,40.0,0.25,57,3,0.5916646122932434,101.40880281388628,0.0052076973952353,-0.49153071641921997,0.35433071851730347
n161,P01_n154,40.0,0.5,69,2,0.5916646122932434,101.40880281388628,-0.0041669211350381374,-0.4632416069507599,0.33070865273475647
n160,P01_n153,40.0,2.0,72,1,0.5916646122932434,101.40880281388628,-0.0010407766094431281,-0.30425214767456055,0.3385826647281647
n163,P01_n155,40.25,0.25,59,3,0.5291671752929688,113.38571778716533,0.0,-0.4808914363384247,0.3858267664909363
n165,P01_n157,40.5,0.25,60,3,0.679168701171875,88.34329364187823,-0.00208282470703125,-0.2612696588039398,0.25984251499176025
n164,P01_n156,40.5,0.5,64,2,0.679168701171875,88.34329364187823,0.00208282470703125,-0.47836771607398987,0.29921260476112366
n166,P01_n158,40.75,0.25,59,3,0.5666656494140625,105.88254301639874,0.0,-0.44360408186912537,0.30708661675453186
n168,P01_n159,41.0,0.75,60,3,0.5875015258789062,102.12739432504382,0.00208282470703125,-0.12089130282402039,0.25196850299835205
n167,P01_n160,41.0,0.25,69,2,0.5875015258789062,102.12739432504382,-0.00208282470703125,-0.4116346538066864,0.32283464074134827
n169,P01_n161,41.25,0.25,67,2,0.57916259765625,103.59785014226999,0.0,-0.3640434741973877,0.29921260476112366
n170,P01_n162,41.5,0.25,65,2,0.5354194641113281,112.06167130958912,0.0,-0.13526733219623566,0.29133859276771545
n172,P01_n163,41.75,0.25,48,3,0.7201372981071472,83.31744537841278,0.013020515441894531,-0.26330938935279846,0.22047244012355804
n171,P01_n164,41.75,0.25,64,2,0.7201372981071472,83.31744537841278,-0.013020515441894531,-0.45595458149909973,0.30708661675453186
n175,P01_n165,42.0,0.75,50,3,0.5986149907112122,100.23136896173321,0.00868097972124815,-0.3211008906364441,0.34645670652389526
n174,P01_n166,42.0,0.25,62,2,0.5986149907112122,100.23136896173321,0.0065962471999228,-0.22407647967338562,0.28346458077430725
n173,P01_n167,42.0,0.5,77,1,0.5986149907112122,100.23136896173321,-0.015277226455509663,-0.27177318930625916,0.29133859276771545
n176,P01_n168,42.25,0.25,60,2,0.7645835876464844,78.4740883396281,0.0,-0.4321739077568054,0.29133859276771545
n178,P01_n169,42.5,0.25,62,2,0.477081298828125,125.76472845902897,0.0036458969116210938,-0.08431017398834229,0.36220473051071167
n177,P01_n170,42.5,0.5,71,1,0.477081298828125,125.76472845902897,-0.0036458969116210938,-0.21714583039283752,0.34645670652389526
n180,P01_n171,42.75,0.25,45,3,0.6666679382324219,89.99982833895046,0.009375572204589844,-0.6354302763938904,0.3779527544975281
n179,P01_n172,42.75,0.25,64,2,0.6666679382324219,89.99982833895046,-0.009375572204589844,-0.5804638862609863,0.4015747904777527
n183,P01_n174,43.0,1.0,50,3,0.75,80.0,0.0,-0.5970353484153748,0.3385826647281647
n182,P01_n173,43.0,1.5,65,2,0.75,80.0,0.008333206176757812,-0.6695478558540344,0.35433071851730347
n181,P01_n175,43.0,0.25,72,1,0.75,80.0,-0.008333206176757812,-0.5031684637069702,0.30708661675453186
n184,P01_n176,43.25,0.25,71,1,0.5291671752929688,113.38571778716533,0.0,-0.4968329668045044,0.3779527544975281
n185,P01_n177,43.5,0.25,69,1,0.5916671752929688,101.40836352851672,0.0,-0.5498355031013489,0.34645670652389526
n186,P01_n178,43.75,0.25,71,1,0.51666259765625,116.12994683992912,0.0,-0.4623318612575531,0.3858267664909363
n189,P01_n180,44.0,0.75,62,3,0.6125030517578125,97.95869559801699,-0.0052089691162109375,-0.3752511441707611,0.36220473051071167
n187,P01_n179,44.0,0.25,72,1,0.6125030517578125,97.95869559801699,0.0052089691162109375,-0.3293147683143616,0.32283464074134827
n190,P01_n181,44.25,0.25,71,1,0.5750007629394531,104.34768763309958,0.0,-0.6007317304611206,0.3858267664909363
n192,P01_n183,44.5,0.5,69,2,0.5208282470703125,115.20112501098643,-0.0031251907348632812,-0.38834133744239807,0.3937007784843445
n191,P01_n182,44.5,0.25,72,1,0.5208282470703125,115.20112501098643,0.0031251907348632812,-0.14559124410152435,0.32283464074134827
n194,P01_n184,44.75,0.25,60,3,0.6145858764648438,97.6267146669977,0.010416984558105469,-0.2738398015499115,0.32283464074134827
n193,P01_n185,44.75,0.25,74,1,0.6145858764648438,97.6267146669977,-0.010416984558105469,-0.3465961515903473,0.33070865273475647
n196,P01_n186,45.0,0.25,59,3,0.5937461853027344,101.05328082134574,0.0026044845581054688,-0.49659740924835205,0.32283464074134827
n195,P01_n187,45.0,0.75,76,1,0.5937461853027344,101.05328082134574,-0.0026044845581054688,-0.3346298635005951,0.28346458077430725
n197,P01_n188,45.25,0.25,62,3,0.5666732788085938,105.8811174688657,0.0,-0.25458967685699463,0.32283464074134827
n198,P01_n189,45.5,0.25,60,3,0.6499977111816406,92.3080173481305,0.0,-0.3546598255634308,0.32283464074134827
n200,P01_n191,45.75,0.25,59,3,0.602081298828125,99.65431598155,-0.006249427795410156,-0.5455642342567444,0.34645670652389526
n199,P01_n190,45.75,0.25,68,1,0.602081298828125,99.65431598155,0.006249427795410156,-0.5024954080581665,0.31496062874794006
n202,P01_n192,46.0,0.25,60,3,0.6270866394042969,95.68055868164758,0.0026044845581054688,-0.2911128103733063,0.28346458077430725
n201,P01_n193,46.0,2.25,69,1,0.6270866394042969,95.68055868164758,-0.0026044845581054688,-0.5424653887748718,0.33070865273475647
n203,P01_n194,46.25,0.25,59,3,0.5333328247070312,112.50010728846291,0.0,-0.43014296889305115,0.3385826647281647
n204,P01_n195,46.5,0.25,57,3,0.5666656494140625,105.88254301639874,0.0,-0.4292488098144531,0.31496062874794006
n205,P01_n196,46.75,0.25,55,3,0.5875015258789062,102.12739432504382,0.0,-0.38466763496398926,0.29921260476112366
n206,P01_n197,47.0,0.25,53,3,0.6124954223632812,97.95991579576737,0.0,-0.3416806161403656,0.27559053897857666
n207,P01_n198,47.25,0.25,52,3,0.5791702270507812,103.59648545044986,0.0,-0.21205934882164001,0.29133859276771545
n208,P01_n199,47.5,0.25,50,3,0.6208343505859375,96.64413694791948,0.0,-0.28843358159065247,0.32283464074134827
n209,P01_n200,47.75,0.25,48,3,0.7166671752929688,83.72087081492522,0.0,-0.39284273982048035,0.32283464074134827
n211,P01_n201,48.0,0.5,47,3,0.587493896484375,102.12872058594358,0.0,-0.4184371829032898,0.30708661675453186
n212,P01_n202,48.25,0.25,68,1,0.7166671752929688,83.72087081492522,0.0,-0.6318498849868774,0.32283464074134827
n214,P01_n204,48.5,0.5,56,3,0.6500015258789062,92.30747561533857,-0.0072917938232421875,-0.6343539357185364,0.35433071851730347
n213,P01_n203,48.5,0.25,69,1,0.6500015258789062,92.30747561533857,0.0072917938232421875,-0.6415494680404663,0.34645670652389526
n215,P01_n205,48.75,0.25,71,1,0.45208740234375,132.71769947347104,0.0,-0.30213257670402527,0.3937007784843445
n217,P01_n207,49.0,0.5,57,3,0.7062454223632812,84.95630286597024,-0.006771087646484375,-0.6303449869155884,0.28346458077430725
n216,P01_n206,49.0,0.25,72,1,0.7062454223632812,84.95630286597024,0.006771087646484375,-0.4626176357269287,0.29133859276771545
n218,P01_n208,49.25,0.25,71,1,0.34166717529296875,175.60949467431837,0.0,0.13429895043373108,0.3700787425041199
n220,P01_n209,49.5,0.5,48,3,0.9000015258789062,66.66655363879117,0.0062503814697265625,-0.540570855140686,0.23622047901153564
n219,P01_n210,49.5,0.25,72,1,0.9000015258789062,66.66655363879117,-0.0062503814697265625,-0.5552175641059875,0.29133859276771545
n221,P01_n211,49.75,0.25,74,1,0.4541664123535156,132.11016571894135,0.0,0.013176227919757366,0.33070865273475647
n223,P01_n213,50.0,0.5,53,3,0.7833366394042969,76.59542140864001,-0.005208015441894531,-0.7217049598693848,0.33070865273475647
n222,P01_n212,50.0,0.25,72,1,0.7833366394042969,76.59542140864001,0.005208015441894531,-0.4885057508945465,0.24409449100494385
n224,P01_n214,50.25,0.25,71,1,0.35832977294921875,167.4435241765495,0.0,0.09731150418519974,0.34645670652389526
n226,P01_n215,50.5,0.5,50,3,0.758331298828125,79.12109139200773,0.00208282470703125,-0.5889275670051575,0.29133859276771545
n225,P01_n216,50.5,0.25,69,1,0.758331298828125,79.12109139200773,-0.00208282470703125,-0.7264310121536255,0.32283464074134827
n227,P01_n217,50.75,0.25,67,1,0.460418701171875,130.31616623583218,0.0,-0.1731991022825241,0.34645670652389526
n229,P01_n218,51.0,1.0,52,3,0.7937469482421875,75.590841807801,0.0005207061767578125,-0.779225766658783,0.3700787425041199
n228,P01_n219,51.0,0.25,64,1,0.7937469482421875,75.590841807801,-0.0005207061767578125,-0.6667510271072388,0.27559053897857666
n230,P01_n220,51.25,0.25,71,1,0.45833587646484375,130.9083645443196,0.0,-0.24220895767211914,0.35433071851730347
n231,P01_n221,51.5,0.25,68,1,0.5583343505859375,107.46249077642044,0.0,-0.4661789834499359,0.35433071851730347
n232,P01_n222,51.75,0.25,64,1,0.6500015258789062,92.30747561533857,0.0,-0.530518114566803,0.34645670652389526
n233,P01_n223,52.0,0.25,64,1,0.6541671752929688,91.7196739092404,0.0,-0.539734423160553,0.32283464074134827
n234,P01_n224,52.25,0.25,72,1,0.45207977294921875,132.71993924563327,0.0,0.05863908678293228,0.3385826647281647
n236,P01_n226,52.5,0.5,57,3,0.5895843505859375,101.7666088666891,-0.006771087646484375,-0.5373303890228271,0.3779527544975281
n235,P01_n225,52.5,0.25,69,1,0.5895843505859375,101.7666088666891,0.006771087646484375,-0.5299509167671204,0.34645670652389526
n237,P01_n227,52.75,0.25,64,1,0.6041679382324219,99.31013581346012,0.0,-0.4519916772842407,0.35433071851730347
n239,P01_n229,53.0,0.75,56,3,0.6958351135253906,86.22732430965577,-0.0031251907348632812,-0.5720656514167786,0.26771652698516846
n238,P01_n228,53.0,0.25,64,1,0.6958351135253906,86.22732430965577,0.0031251907348632812,-0.5763530731201172,0.29921260476112366
n240,P01_n230,53.25,0.25,74,1,0.524993896484375,114.28704295762367,0.0,-0.13177312910556793,0.32283464074134827
n241,P01_n231,53.5,0.25,71,1,0.5520858764648438,108.67874466232743,0.0,-0.5106964111328125,0.36220473051071167
n243,P01_n233,53.75,0.25,62,3,0.5999984741210938,100.0002543137978,-0.008853912353515625,-0.25105810165405273,0.29921260476112366
n242,P01_n232,53.75,0.25,65,1,0.5999984741210938,100.0002543137978,0.008853912353515625,-0.41503387689590454,0.33070865273475647
n245,P01_n235,54.0,1.0,60,3,0.7104263305664062,84.4563291343149,-0.0015621185302734375,-0.35565584897994995,0.23622047901153564
n244,P01_n234,54.0,0.25,64,1,0.7104263305664062,84.4563291343149,0.0015621185302734375,-0.5807575583457947,0.31496062874794006
n246,P01_n236,54.25,0.25,71,1,0.45416259765625,132.11127536621422,0.0,-0.2290126383304596,0.35433071851730347
n247,P01_n237,54.5,0.25,68,1,0.5625,106.66666666666667,0.0,-0.4769027531147003,0.36220473051071167
n248,P01_n238,54.75,0.25,64,1,0.64166259765625,93.50708646437744,0.0,-0.5253104567527771,0.34645670652389526
n249,P01_n239,55.0,0.25,64,1,0.6583404541015625,91.13825472244756,0.0,-0.5356119871139526,0.31496062874794006
n250,P01_n240,55.25,0.25,72,1,0.354156494140625,169.41663076260232,0.0,0.42354050278663635,0.3385826647281647
n252,P01_n241,55.5,0.5,48,3,0.7791748046875,77.00454331818894,0.003124237060546875,-0.30373549461364746,0.19685038924217224
n251,P01_n242,55.5,0.25,69,1,0.7791748046875,77.00454331818894,-0.003124237060546875,-0.7014195322990417,0.33070865273475647
n253,P01_n243,55.75,0.25,64,1,0.570831298828125,105.10986367281475,0.0,-0.35655999183654785,0.35433071851730347
n255,P01_n245,56.0,0.75,50,3,0.7624969482421875,78.68883952692562,-0.0041656494140625,-0.49332624673843384,0.26771652698516846
n254,P01_n244,56.0,0.25,64,1,0.7624969482421875,78.68883952692562,0.0041656494140625,-0.5849567651748657,0.29133859276771545
n256,P01_n246,56.25,0.25,74,1,0.5333404541015625,112.49849798300575,0.0,-0.15452924370765686,0.33070865273475647
n257,P01_n247,56.5,0.25,71,1,0.41666412353515625,144.00087891161445,0.0,-0.12028545886278152,0.36220473051071167
n259,P01_n249,56.75,0.25,45,3,0.6770782470703125,88.61605030085863,-0.0052089691162109375,-0.4987950623035431,0.30708661675453186
n258,P01_n248,56.75,0.25,65,1,0.6770782470703125,88.61605030085863,0.0052089691162109375,-0.4254218339920044,0.29133859276771545
n261,P01_n251,57.0,1.0,44,3,0.8437576293945312,71.11046811281004,-0.0036449432373046875,-0.7046890258789062,0.23622047901153564
n260,P01_n250,57.0,0.25,64,1,0.8437576293945312,71.11046811281004,0.0036449432373046875,-0.6731065511703491,0.26771652698516846
n262,P01_n252,57.25,0.25,71,1,0.45416259765625,132.11127536621422,0.0,-0.2290126383304596,0.35433071851730347
n263,P01_n253,57.5,0.25,68,1,0.5625,106.66666666666667,0.0,-0.4769027531147003,0.36220473051071167
n264,P01_n254,57.75,0.25,64,1,0.6458282470703125,92.9039574719433,0.0,-0.5212255716323853,0.34645670652389526
n265,P01_n255,58.0,0.25,64,1,0.6583404541015625,91.13825472244756,0.0,-0.5356119871139526,0.32283464074134827
n266,P01_n256,58.25,0.25,72,1,0.383331298828125,156.52256985908764,0.0,0.30933570861816406,0.3385826647281647
n268,P01_n258,58.5,0.5,45,3,0.6999969482421875,85.71465940054496,-0.010417938232421875,-0.5594211220741272,0.28346458077430725
n267,P01_n257,58.5,0.25,69,1,0.6999969482421875,85.71465940054496,0.010417938232421875,-0.6374236941337585,0.31496062874794006
n269,P01_n259,58.75,0.25,64,1,0.5312576293945312,112.93955452156305,0.0,-0.2529071867465973,0.35433071851730347
n271,P01_n260,59.0,0.5,47,3,0.7979049682617188,75.19692493043803,0.0005207061767578125,-0.9087540507316589,0.36220473051071167
n270,P01_n261,59.0,0.25,64,1,0.7979049682617188,75.19692493043803,-0.0005207061767578125,-0.6863616704940796,0.26771652698516846
n272,P01_n262,59.25,0.25,74,1,0.33750152587890625,177.7769740262676,0.0,0.5549612641334534,0.30708661675453186
n274,P01_n263,59.5,0.5,41,3,0.7958297729492188,75.39300744887883,0.009374618530273438,-0.7700674533843994,0.34645670652389526
n273,P01_n264,59.5,0.25,71,1,0.7958297729492188,75.39300744887883,-0.009374618530273438,-0.5887377858161926,0.26771652698516846
n275,P01_n265,59.75,0.25,65,1,0.4895896911621094,122.55160000934994,0.0,-0.21832424402236938,0.3858267664909363
n278,P01_n266,60.0,2.0,40,3,0.6529512405395508,91.89047554365686,0.019270896911621094,-0.5589224100112915,0.4173228442668915
n279,P01_n269,60.0,2.0,56,3,0.6529512405395508,91.89047554365686,-0.015103340148925781,-0.4991474151611328,0.3700787425041199
n276,P01_n267,60.0,2.0,59,1,0.6529512405395508,91.89047554365686,0.009894371032714844,-0.6498860716819763,0.4724409580230713
n277,P01_n268,60.0,2.0,64,1,0.6529512405395508,91.89047554365686,-0.014061927795410156,-0.5437449216842651,0.4251968562602997
n281,P01_n270,63.0,0.25,57,3,0.5999984741210938,100.0002543137978,0.0052089691162109375,-0.5552114844322205,0.34645670652389526
n280,P01_n271,63.0,1.0,76,1,0.5999984741210938,100.0002543137978,-0.0052089691162109375,-0.42508748173713684,0.3779527544975281
n282,P01_n272,63.25,0.25,64,3,0.5333404541015625,112.49849798300575,0.0,-0.15452924370765686,0.33070865273475647
n283,P01_n273,63.5,0.25,60,3,0.7083282470703125,84.70649059692812,0.0,-0.43210071325302124,0.31496062874794006
n284,P01_n274,63.75,0.25,64,3,0.5812530517578125,103.22526448428845,0.0,-0.30394992232322693,0.3385826647281647
n286,P01_n275,64.0,0.25,57,3,0.63958740234375,93.81047809905526,0.00572967529296875,-0.6327474117279053,0.33070865273475647
n285,P01_n276,64.0,1.0,81,1,0.63958740234375,93.81047809905526,-0.00572967529296875,-0.5616642832756042,0.35433071851730347
n287,P01_n277,64.25,0.25,64,3,0.5124969482421875,117.07386786554322,0.0,-0.1611461639404297,0.34645670652389526
n288,P01_n278,64.5,0.25,60,3,0.695831298828125,86.22779702644621,0.0,-0.4411855936050415,0.33070865273475647
n289,P01_n279,64.75,0.25,64,3,0.5999984741210938,100.0002543137978,0.0,-0.36256641149520874,0.3385826647281647
n291,P01_n280,65.0,0.25,59,3,0.6166610717773438,97.29818006359261,0.0031261444091796875,-0.6395846605300903,0.34645670652389526
n290,P01_n281,65.0,0.75,81,1,0.6166610717773438,97.29818006359261,-0.0031261444091796875,-0.5090005993843079,0.31496062874794006
n292,P01_n282,65.25,0.25,65,3,0.520843505859375,115.19775004394445,0.0,-0.22434550523757935,0.35433071851730347
n293,P01_n283,65.5,0.25,62,3,0.6854171752929688,87.53792896180946,0.0,-0.5290548205375671,0.34645670652389526
n295,P01_n285,65.75,0.25,65,3,0.5618057250976562,106.79848445754172,-0.0026035308837890625,-0.3607883155345917,0.35433071851730347
n294,P01_n284,65.75,0.25,79,1,0.5618057250976562,106.79848445754172,0.0026035308837890625,-0.43117767572402954,0.36220473051071167
n298,P01_n286,66.0,0.25,60,3,0.6708323359489441,89.44112676847244,0.012847900390625,-0.47293373942375183,0.33070865273475647
n296,P01_n287,66.0,0.25,76,1,0.6708323359489441,89.44112676847244,0.000347137451171875,-0.485424667596817,0.28346458077430725
n297,P01_n288,66.0,0.25,79,1,0.6708323359489441,89.44112676847244,-0.013195037841796875,-0.6166691780090332,0.35433071851730347
n301,P01_n290,66.25,0.25,67,3,0.4972178041934967,120.67146327819442,-0.0017369588604196906,-0.2549843192100525,0.36220473051071167
n299,P01_n289,66.25,0.25,77,1,0.4972178041934967,120.67146327819442,0.0107638044282794,-0.2549843192100525,0.3385826647281647
n300,P01_n291,66.25,0.25,81,1,0.4972178041934967,120.67146327819442,-0.0090268449857831,-0.31387796998023987,0.3700787425041199
n304,P01_n293,66.5,0.25,64,3,0.6305643916130066,95.15285163267438,0.0048611960373818874,-0.5136857032775879,0.35433071851730347
n302,P01_n292,66.5,0.5,72,1,0.6305643916130066,95.15285163267438,0.0069440207444131374,-0.39611613750457764,0.3385826647281647
n303,P01_n294,66.5,0.5,76,1,0.6305643916130066,95.15285163267438,-0.011805216781795025,-0.4934133291244507,0.34645670652389526
n305,P01_n295,66.75,0.25,67,3,0.5402730107307434,111.05496445000523,0.0,-0.37479501962661743,0.35433071851730347
n308,P01_n296,67.0,0.25,62,3,0.6694386601448059,89.62733043684904,0.0090268449857831,-0.559730052947998,0.3385826647281647
n306,P01_n297,67.0,0.25,74,1,0.6694386601448059,89.62733043684904,0.0048611960373818874,-0.5334985256195068,0.33070865273475647
n307,P01_n298,67.0,0.25,77,1,0.6694386601448059,89.62733043684904,-0.013888041488826275,-0.546554684638977,0.33070865273475647
n311,P01_n300,67.25,0.25,69,3,0.4875030517578125,123.07615261823531,-0.0038197834510356188,-0.2854112386703491,0.3779527544975281
n309,P01_n299,67.25,0.25,76,1,0.4875030517578125,123.07615261823531,0.0076395669020712376,-0.18387319147586823,0.33070865273475647
n310,P01_n301,67.25,0.25,79,1,0.4875030517578125,123.07615261823531,-0.0038197834510356188,-0.241017147898674,0.35433071851730347
n314,P01_n302,67.5,0.25,65,3,0.6194508671760559,96.8599822509365,0.0045153298415243626,-0.5720962285995483,0.36220473051071167
n312,P01_n303,67.5,0.5,71,1,0.6194508671760559,96.8599822509365,0.0013872782001271844,-0.6613634824752808,0.3779527544975281
n313,P01_n304,67.5,0.5,74,1,0.6194508671760559,96.8599822509365,-0.0059026083908975124,-0.4812428057193756,0.35433071851730347
n315,P01_n305,67.75,0.25,69,3,0.5305531620979309,113.08951540830708,0.0,-0.4226042330265045,0.3700787425041199
n318,P01_n306,68.0,0.25,64,3,0.6611073613166809,90.7568172898608,0.008679707534611225,-0.581926703453064,0.35433071851730347
n316,P01_n307,68.0,0.25,72,1,0.6611073613166809,90.7568172898608,0.0034726459998637438,-0.45186617970466614,0.32283464074134827
n317,P01_n308,68.0,0.25,76,1,0.6611073613166809,90.7568172898608,-0.0121523542329669,-0.4896681606769562,0.33070865273475647
n321,P01_n311,68.25,0.25,71,3,0.7187550663948059,83.47767244404024,-0.01249821949750185,-0.8011061549186707,0.3385826647281647
n319,P01_n309,68.25,0.25,74,1,0.7187550663948059,83.47767244404024,0.012499491684138775,-0.7025423049926758,0.3385826647281647
n320,P01_n310,68.25,0.25,77,1,0.7187550663948059,83.47767244404024,-1.271565793103946e-06,-0.772251307964325,0.3385826647281647
n322,P01_n312,68.5,0.5,68,1,0.3177032470703125,188.8554824456078,0.05260467529296875,-1.0827172994613647,0.35433071851730347
n323,P01_n313,68.5,0.5,71,1,0.3177032470703125,188.8554824456078,-0.05260467529296875,-1.0827172994613647,0.36220473051071167
n328,P01_n314,69.0,0.25,57,3,0.7166748046875,83.71997956055186,0.01770782470703125,-0.7538557648658752,0.3385826647281647
n326,P01_n315,69.0,1.0,72,1,0.7166748046875,83.71997956055186,0.0,-0.5466979146003723,0.3385826647281647
n327,P01_n316,69.0,1.0,76,1,0.7166748046875,83.71997956055186,-0.01770782470703125,-0.5651942491531372,0.30708661675453186
n329,P01_n317,69.25,0.25,69,3,0.4416656494140625,135.84936949386767,0.0,-0.09856053441762924,0.35433071851730347
n330,P01_n318,69.5,0.25,64,3,0.679168701171875,88.34329364187823,0.0,-0.567372739315033,0.3385826647281647
n331,P01_n319,69.75,0.25,69,3,0.5513865351676941,108.81658541362839,0.0,-0.3898150622844696,0.34645670652389526
n334,P01_n320,70.0,0.25,60,3,0.7194417119026184,83.39800015393246,0.01597086526453495,-0.549197256565094,0.33070865273475647
n332,P01_n321,70.0,2.0,72,1,0.7194417119026184,83.39800015393246,-0.0017369588604196906,-0.40255317091941833,0.24409449100494385
n333,P01_n322,70.0,2.0,76,1,0.7194417119026184,83.39800015393246,-0.014233906753361225,-0.5769719481468201,0.33070865273475647
n335,P01_n323,70.25,0.25,69,3,0.462493896484375,129.73144176839327,0.0,-0.1361853927373886,0.33070865273475647
n336,P01_n324,70.5,0.25,64,3,0.6750030517578125,88.8884870131338,0.0,-0.5325015783309937,0.31496062874794006
n337,P01_n325,70.75,0.25,69,3,0.4541778564453125,132.10683688896356,0.0,-0.12436371296644211,0.33070865273475647
n338,P01_n326,71.0,0.25,57,3,0.7249908447265625,82.75966577568245,0.0,-0.784713864326477,0.32283464074134827
n339,P01_n327,71.25,0.25,64,3,0.5124969482421875,117.07386786554322,0.0,-0.1351509839296341,0.32283464074134827
n340,P01_n328,71.5,0.25,60,3,0.6750030517578125,88.8884870131338,0.0,-0.3973420560359955,0.30708661675453186
n341,P01_n329,71.75,0.25,64,3,0.5111134648323059,117.39076375083512,0.0,-0.1312512308359146,0.32283464074134827
n344,P01_n330,72.0,0.25,53,3,0.6805521845817566,88.1637020045331,0.01110966969281435,-0.5572523474693298,0.28346458077430725
n342,P01_n331,72.0,1.0,65,1,0.6805521845817566,88.1637020045331,0.0006955464486964047,-0.5540067553520203,0.32283464074134827
n343,P01_n332,72.0,1.0,69,1,0.6805521845817566,88.1637020045331,-0.011805216781795025,-0.6169586777687073,0.31496062874794006
n345,P01_n333,72.25,0.25,60,3,0.5916748046875,101.4070559108727,0.0,-0.1385396420955658,0.31496062874794006
n346,P01_n334,72.5,0.25,57,3,0.587493896484375,102.12872058594358,0.0,-0.4813249409198761,0.3385826647281647
n347,P01_n335,72.75,0.25,60,3,0.6541646122932434,91.72003326450759,0.0,-0.2611932158470154,0.31496062874794006
n350,P01_n336,73.0,0.25,53,3,0.6458384394645691,92.9024912944836,0.013539631851017475,-0.48171988129615784,0.29133859276771545
n348,P01_n337,73.0,1.0,69,1,0.6458384394645691,92.9024912944836,0.0010426839580759406,-0.5179125666618347,0.29133859276771545
n349,P01_n338,73.0,1.0,72,1,0.6458384394645691,92.9024912944836,-0.014582316391170025,-0.36624273657798767,0.33070865273475647
n351,P01_n339,73.25,0.25,60,3,0.5916595458984375,101.40967117988394,0.0,-0.11630671471357346,0.31496062874794006
n352,P01_n340,73.5,0.25,57,3,0.5958404541015625,100.6980972624139,0.0,-0.48746320605278015,0.3385826647281647
n353,P01_n341,73.75,0.25,60,3,0.6472218632698059,92.70391407496062,0.0,-0.23482874035835266,0.31496062874794006
n356,P01_n342,74.0,0.25,53,3,0.6652781367301941,90.18784277940763,0.010762532241642475,-0.5245041847229004,0.28346458077430725
n354,P01_n343,74.0,1.0,69,1,0.6652781367301941,90.18784277940763,0.00034840902662836015,-0.554048478603363,0.29921260476112366
n355,P01_n344,74.0,1.0,72,1,0.6652781367301941,90.18784277940763,-0.011110941879451275,-0.33307817578315735,0.29921260476112366
n357,P01_n345,74.25,0.25,60,3,0.5916595458984375,101.40967117988394,0.0,-0.0944472998380661,0.29921260476112366
n358,P01_n346,74.5,0.25,57,3,0.5958404541015625,100.6980972624139,0.0,-0.4456430673599243,0.31496062874794006
n359,P01_n347,74.75,0.25,60,3,0.625,96.0,0.0,-0.15200309455394745,0.29133859276771545
n362,P01_n348,75.0,0.25,50,3,0.7027689814567566,85.3765626872534,0.016666412353515625,-0.5031952261924744,0.25984251499176025
n360,P01_n349,75.0,0.25,67,1,0.7027689814567566,85.3765626872534,0.0041656494140625,-0.5525229573249817,0.27559053897857666
n361,P01_n350,75.0,0.25,71,1,0.7027689814567566,85.3765626872534,-0.020832061767578125,-0.6565459966659546,0.33070865273475647
n365,P01_n353,75.25,0.25,57,3,0.5208384394645691,115.19887061654097,-0.0055554709397256374,-0.2792978286743164,0.34645670652389526
n363,P01_n351,75.25,0.25,69,1,0.5208384394645691,115.19887061654097,0.01006952952593565,-0.32194221019744873,0.34645670652389526
n364,P01_n352,75.25,0.25,72,1,0.5208384394645691,115.19887061654097,-0.0045140585862100124,-0.07098060101270676,0.31496062874794006
n368,P01_n354,75.5,0.25,53,3,0.6513926386833191,92.11034395672621,0.0059026083908975124,-0.5336024165153503,0.31496062874794006
n366,P01_n355,75.5,0.5,65,1,0.6513926386833191,92.11034395672621,0.0048611960373818874,-0.5203055143356323,0.3385826647281647
n367,P01_n356,75.5,0.5,69,1,0.6513926386833191,92.11034395672621,-0.0107638044282794,-0.5605694055557251,0.3385826647281647
n369,P01_n357,75.75,0.25,57,3,0.5527801513671875,108.54224749496233,0.0,-0.3934568762779236,0.3385826647281647
n372,P01_n358,76.0,0.25,52,3,0.7208302617073059,83.23734891191773,0.01007080078125,-0.6017321348190308,0.29921260476112366
n370,P01_n359,76.0,0.25,69,1,0.7208302617073059,83.23734891191773,0.002777099609375,-0.6532623767852783,0.29921260476112366
n371,P01_n360,76.0,0.25,72,1,0.7208302617073059,83.23734891191773,-0.012847900390625,-0.5277315378189087,0.36220473051071167
n375,P01_n363,76.25,0.25,59,3,0.497222900390625,120.67022647762843,-0.009722392074763775,-0.170934796333313,0.29133859276771545
n373,P01_n361,76.25,0.25,71,1,0.497222900390625,120.67022647762843,0.0090268449857831,-0.28414541482925415,0.35433071851730347
n374,P01_n362,76.25,0.25,74,1,0.497222900390625,120.67022647762843,0.0006955464486964047,-0.09150031954050064,0.29921260476112366
n378,P01_n364,76.5,0.25,56,3,0.6041666865348816,99.31034156173372,0.0072911581955850124,-0.550552487373352,0.3385826647281647
n376,P01_n365,76.5,0.5,68,1,0.6041666865348816,99.31034156173372,0.0010426839580759406,-0.507483720779419,0.33070865273475647
n377,P01_n366,76.5,0.5,71,1,0.6041666865348816,99.31034156173372,-0.008333842270076275,-0.5725787878036499,0.34645670652389526
n379,P01_n367,76.75,0.25,59,3,0.4097188413143158,146.44188636170384,0.0,-0.09603478014469147,0.3779527544975281
n382,P01_n368,77.0,0.25,40,3,0.9055531620979309,66.25784383657346,0.03576405718922615,-0.8689441084861755,0.31496062874794006
n380,P01_n369,77.0,0.25,65,1,0.9055531620979309,66.25784383657346,0.0024312336463481188,-0.7303388118743896,0.24409449100494385
n381,P01_n370,77.0,0.25,69,1,0.9055531620979309,66.25784383657346,-0.03819529339671135,-0.821247398853302,0.30708661675453186
n385,P01_n373,77.25,0.25,62,3,0.5111185908317566,117.38958644090883,-0.0065968832932412624,-0.1837330460548401,0.3858267664909363
n383,P01_n371,77.25,0.25,68,1,0.5111185908317566,117.38958644090883,0.011110941879451275,-0.3239106833934784,0.32283464074134827
n384,P01_n372,77.25,0.25,71,1,0.5111185908317566,117.38958644090883,-0.0045140585862100124,-0.3239106833934784,0.33070865273475647
n388,P01_n375,77.5,0.25,59,3,0.5694376826286316,105.36710483055617,-0.0069452919997274876,-0.3530334532260895,0.27559053897857666
n386,P01_n374,77.5,0.5,64,1,0.5694376826286316,105.36710483055617,0.0149319963529706,-0.3802548944950104,0.33070865273475647
n387,P01_n376,77.5,0.5,68,1,0.5694376826286316,105.36710483055617,-0.0079867048189044,-0.4079998731613159,0.32283464074134827
n389,P01_n377,77.75,0.25,62,3,0.5760421752929688,104.15904003814418,0.0,-0.15694068372249603,0.30708661675453186
n393,P01_n380,78.0,1.0,57,3,0.5851573944091797,102.53651508681806,-0.008073806762695312,-0.3788997530937195,0.28346458077430725
n390,P01_n378,78.0,2.0,60,1,0.5851573944091797,102.53651508681806,0.015886306762695312,-0.39569494128227234,0.3779527544975281
n391,P01_n379,78.0,2.0,64,1,0.5851573944091797,102.53651508681806,0.0065097808837890625,-0.44903865456581116,0.3858267664909363
n392,P01_n381,78.0,2.0,69,1,0.5851573944091797,102.53651508681806,-0.014322280883789062,-0.5026102066040039,0.4094488322734833
n394,P01_n382,79.0,1.0,45,3,0.7208343744277954,83.23687400122742,0.0,-0.5550470352172852,0.23622047901153564
n395,P01_n383,80.25,0.25,81,1,0.445831298828125,134.58005339174483,0.0,-0.28202876448631287,0.4409448802471161
n396,P01_n384,80.5,0.25,80,1,0.5666656494140625,105.88254301639874,0.0,-0.5956071615219116,0.3937007784843445
n397,P01_n385,80.75,0.25,81,1,0.5749969482421875,104.34837990605844,0.0,-0.6007221937179565,0.3937007784843445
n398,P01_n386,81.0,0.25,83,1,0.524993896484375,114.28704295762367,0.0,-0.5509984493255615,0.3937007784843445
n399,P01_n387,81.25,0.25,86,1,0.352783203125,170.07612456747404,0.0,0.3105011582374573,0.35433071851730347
n401,P01_n388,81.5,0.5,52,3,0.7430572509765625,80.7474793108405,0.00798797607421875,-0.6204549074172974,0.26771652698516846
n402,P01_n390,81.5,0.5,56,3,0.7430572509765625,80.7474793108405,-0.01493072509765625,-0.7710767388343811,0.3779527544975281
n400,P01_n389,81.5,0.25,80,1,0.7430572509765625,80.7474793108405,0.0069427490234375,-0.7505154013633728,0.33070865273475647
n403,P01_n391,81.75,0.25,83,1,0.4013875424861908,149.48147027274575,0.0,-0.004995784722268581,0.34645670652389526
n405,P01_n393,82.0,0.5,52,3,0.7486063838005066,80.14892912800646,0.0034726459998637438,-0.6126528382301331,0.29133859276771545
n406,P01_n394,82.0,0.5,56,3,0.7486063838005066,80.14892912800646,-0.01006952952593565,-0.734282374382019,0.32283464074134827
n404,P01_n392,82.0,0.25,76,1,0.7486063838005066,80.14892912800646,0.0065968832932412624,-0.6689908504486084,0.29921260476112366
n407,P01_n395,82.25,0.25,80,1,0.4402821958065033,136.27623504078508,0.0,-0.09403437376022339,0.35433071851730347
n409,P01_n397,82.5,0.5,52,3,0.7222239375114441,83.07672576838297,0.0048611960373818874,-0.5670439600944519,0.27559053897857666
n410,P01_n398,82.5,0.5,56,3,0.7222239375114441,83.07672576838297,-0.01597086526453495,-0.604518711566925,0.29921260476112366
n408,P01_n396,82.5,0.25,71,1,0.7222239375114441,83.07672576838297,0.01110966969281435,-0.7791972756385803,0.3858267664909363
n411,P01_n399,82.75,0.25,80,1,0.505828857421875,118.61719457013575,0.0,-0.30890199542045593,0.3779527544975281
n415,P01_n401,83.0,1.0,52,3,0.5974998474121094,100.41843568642223,0.009792327880859375,-0.2243216186761856,0.20472441613674164
n416,P01_n403,83.0,1.0,57,3,0.5974998474121094,100.41843568642223,-0.005832672119140625,-0.25701025128364563,0.21259842813014984
n412,P01_n400,83.0,1.0,72,1,0.5974998474121094,100.41843568642223,0.0191650390625,-0.1667214035987854,0.24409449100494385
n413,P01_n402,83.0,1.0,76,1,0.5974998474121094,100.41843568642223,0.000415802001953125,-0.31527790427207947,0.27559053897857666
n414,P01_n404,83.0,1.0,81,1,0.5974998474121094,100.41843568642223,-0.023540496826171875,-0.38254109025001526,0.33070865273475647
n417,P01_n405,84.0,1.0,45,3,0.600006103515625,99.99898275774376,0.0,-0.3026609420776367,0.21259842813014984
n418,P01_n406,84.25,0.25,69,1,0.666656494140625,90.00137331197071,0.0,-0.47641605138778687,0.30708661675453186
n419,P01_n407,84.5,0.25,68,1,0.662506103515625,90.56520337187342,0.0,-0.49271729588508606,0.3385826647281647
n420,P01_n408,84.75,0.25,69,1,0.7833404541015625,76.59504840563336,0.0,-0.7601860761642456,0.32283464074134827
n421,P01_n409,85.0,0.25,71,1,0.5458221435546875,109.92591764278326,0.0,-0.5576599836349487,0.3700787425041199
n422,P01_n410,85.25,0.25,74,1,0.3541768491268158,169.40689417708532,0.0,0.38498350977897644,0.32283464074134827
n424,P01_n412,85.5,0.5,40,3,0.8166605830192566,73.46993505940425,0.0062497458420693874,-0.5978907942771912,0.22834645211696625
n425,P01_n413,85.5,0.5,44,3,0.8166605830192566,73.46993505940425,-0.0135409040376544,-0.6546971201896667,0.26771652698516846
n423,P01_n411,85.5,0.25,68,1,0.8166605830192566,73.46993505940425,0.0072911581955850124,-0.6839617490768433,0.25984251499176025
n426,P01_n414,85.75,0.25,71,1,0.4124959409236908,145.45597676826506,0.0,0.05715816468000412,0.31496062874794006
n428,P01_n415,86.0,0.5,40,3,0.8166758418083191,73.4685623455512,0.0072911581955850124,-0.5648775100708008,0.18897637724876404
n429,P01_n417,86.0,0.5,44,3,0.8166758418083191,73.4685623455512,-0.012499491684138775,-0.5979177355766296,0.23622047901153564
n427,P01_n416,86.0,0.25,64,1,0.8166758418083191,73.4685623455512,0.0052083334885537624,-0.548636794090271,0.19685038924217224
n430,P01_n418,86.25,0.25,68,1,0.4319407045841217,138.90795510408958,0.0,0.07238855957984924,0.30708661675453186
n432,P01_n420,86.5,0.5,40,3,0.7638905644416809,78.5452822602323,0.0017344156512990594,-0.5127039551734924,0.22834645211696625
n433,P01_n421,86.5,0.5,44,3,0.7638905644416809,78.5452822602323,-0.00972111988812685,-0.6917800307273865,0.3385826647281647
n431,P01_n419,86.5,0.25,59,1,0.7638905644416809,78.5452822602323,0.0079867048189044,-0.698149561882019,0.34645670652389526
n434,P01_n422,86.75,0.25,62,1,0.5633300542831421,106.5094957100277,0.0,-0.11315877735614777,0.30708661675453186
n438,P01_n423,87.0,1.0,40,3,0.7248339653015137,82.77757786231972,0.012708282098174095,-0.547795295715332,0.25984251499176025
n439,P01_n426,87.0,1.0,45,3,0.7248339653015137,82.77757786231972,-0.0018753051990643144,-0.6579782962799072,0.34645670652389526
n435,P01_n424,87.0,1.0,60,1,0.7248339653015137,82.77757786231972,0.01166686974465847,-0.5599700212478638,0.3700787425041199
n436,P01_n425,87.0,1.0,64,1,0.7248339653015137,82.77757786231972,0.0022903443314135075,-0.6160646080970764,0.36220473051071167
n437,P01_n427,87.0,1.0,69,1,0.7248339653015137,82.77757786231972,-0.024790192022919655,-0.6810619235038757,0.4094488322734833
n440,P01_n428,88.25,0.25,81,1,0.445831298828125,134.58005339174483,0.0,-0.28202876448631287,0.4330708682537079
n441,P01_n429,88.5,0.25,80,1,0.5666656494140625,105.88254301639874,0.0,-0.5796656012535095,0.3937007784843445
n442,P01_n430,88.75,0.25,81,1,0.5749969482421875,104.34837990605844,0.0,-0.6007221937179565,0.3858267664909363
n443,P01_n431,89.0,0.25,83,1,0.5250091552734375,114.2837213357747,0.0,-0.5510404109954834,0.3937007784843445
n444,P01_n432,89.25,0.25,86,1,0.3527781069278717,170.07858147010091,0.0,0.2967161536216736,0.35433071851730347
n446,P01_n434,89.5,0.5,52,3,0.7388814091682434,81.20382953949515,-0.0034726459998637438,-0.6629504561424255,0.33070865273475647
n447,P01_n435,89.5,0.5,56,3,0.7388814091682434,81.20382953949515,-0.0034726459998637438,-0.7154179215431213,0.31496062874794006
n445,P01_n433,89.5,0.25,80,1,0.7388814091682434,81.20382953949515,0.0069452919997274876,-0.7560598254203796,0.32283464074134827
n448,P01_n436,89.75,0.25,83,1,0.3847249448299408,155.95557503171955,0.0,0.025799065828323364,0.34645670652389526
n450,P01_n437,90.0,0.5,52,3,0.7319437861442566,81.97350826088547,0.0045140585862100124,-0.6049463152885437,0.29133859276771545
n451,P01_n439,90.0,0.5,56,3,0.7319437861442566,81.97350826088547,-0.0038210551720112562,-0.6557953953742981,0.29921260476112366
n449,P01_n438,90.0,0.25,76,1,0.7319437861442566,81.97350826088547,-0.0006930033559910953,-0.5740522146224976,0.25984251499176025
n452,P01_n440,90.25,0.25,80,1,0.4527740478515625,132.51642907693864,0.0,-0.22459499537944794,0.4094488322734833
n454,P01_n442,90.5,0.5,52,3,0.6722259521484375,89.25570309839972,-0.0013885498046875,-0.599199116230011,0.35433071851730347
n455,P01_n443,90.5,0.5,56,3,0.6722259521484375,89.25570309839972,-0.01076507568359375,-0.6756973266601562,0.3700787425041199
n453,P01_n441,90.5,0.25,71,1,0.6722259521484375,89.25570309839972,0.01215362548828125,-0.7793198227882385,0.4409448802471161
n456,P01_n444,90.75,0.25,74,1,0.7458343505859375,80.44681765175228,0.0,-0.7289302945137024,0.3937007784843445
n457,P01_n445,91.0,0.25,84,1,0.5625,106.66666666666667,0.0,-0.39031505584716797,0.4015747904777527
n458,P01_n446,91.25,0.25,88,1,0.3416697084903717,175.60819267561968,0.0,0.3148604929447174,0.35433071851730347
n460,P01_n449,91.5,0.5,57,3,0.6958363652229309,86.22716920058828,-0.0031255085486918688,-0.6902236342430115,0.3385826647281647
n461,P01_n448,91.5,0.5,60,3,0.6958363652229309,86.22716920058828,-0.0020840961951762438,-0.4648473858833313,0.32283464074134827
n459,P01_n447,91.5,0.25,81,1,0.6958363652229309,86.22716920058828,0.0052096047438681126,-0.6832708716392517,0.33070865273475647
n462,P01_n450,91.75,0.25,84,1,0.4777679443359375,125.5839800709016,0.0,0.06561803817749023,0.33070865273475647
n464,P01_n453,92.0,0.5,57,3,0.7055511474609375,85.0399013819503,-0.004512786865234375,-0.6757927536964417,0.32283464074134827
n465,P01_n452,92.0,0.5,60,3,0.7055511474609375,85.0399013819503,-0.002429962158203125,-0.47297585010528564,0.30708661675453186
n463,P01_n451,92.0,0.25,76,1,0.7055511474609375,85.0399013819503,0.0069427490234375,-0.6622462272644043,0.35433071851730347
n466,P01_n454,92.25,0.25,81,1,0.4625040590763092,129.7285911821598,0.0,-0.33499690890312195,0.4409448802471161
n468,P01_n456,92.5,0.5,57,3,0.7250010371208191,82.758502302668,-0.0062497458420693874,-0.763465404510498,0.3700787425041199
n469,P01_n457,92.5,0.5,60,3,0.7250010371208191,82.758502302668,-0.0062497458420693874,-0.5181329250335693,0.31496062874794006
n467,P01_n455,92.5,0.5,72,1,0.7250010371208191,82.758502302668,0.012499491684138775,-0.6037417650222778,0.35433071851730347
n470,P01_n458,93.0,0.25,86,1,0.5333404541015625,112.49849798300575,0.0,-0.3853094279766083,0.4173228442668915
n471,P01_n459,93.25,0.25,89,1,0.3444366455078125,174.19749257963053,0.0,0.2307116985321045,0.36220473051071167
n473,P01_n461,93.5,0.5,59,3,0.6805572509765625,88.16304567162172,-0.0013885498046875,-0.7592219710350037,0.36220473051071167
n474,P01_n462,93.5,0.5,62,3,0.6805572509765625,88.16304567162172,-0.004512786865234375,-0.5443241000175476,0.31496062874794006
n472,P01_n460,93.5,0.25,83,1,0.6805572509765625,88.16304567162172,0.005901336669921875,-0.722322404384613,0.36220473051071167
n475,P01_n463,93.75,0.25,86,1,0.477783203125,125.5799693408278,0.0,-0.033963706344366074,0.3385826647281647
n477,P01_n465,94.0,0.5,59,3,0.6680450439453125,89.81430300815423,0.00069427490234375,-0.6955512762069702,0.3385826647281647
n478,P01_n466,94.0,0.5,62,3,0.6680450439453125,89.81430300815423,-0.002429962158203125,-0.5370053052902222,0.3385826647281647
n476,P01_n464,94.0,0.25,79,1,0.6680450439453125,89.81430300815423,0.001735687255859375,-0.6524825096130371,0.32283464074134827
n479,P01_n467,94.25,0.25,83,1,0.4472249448299408,134.1606739373969,0.0,-0.31969842314720154,0.4330708682537079
n481,P01_n469,94.5,0.5,59,3,0.6736094355583191,89.07238650876258,-0.0048624672926962376,-0.6786633729934692,0.35433071851730347
n482,P01_n470,94.5,0.5,62,3,0.6736094355583191,89.07238650876258,-0.011110941879451275,-0.4360080063343048,0.31496062874794006
n480,P01_n468,94.5,0.25,74,1,0.6736094355583191,89.07238650876258,0.0159734096378088,-0.6364350914955139,0.3937007784843445
n483,P01_n471,94.75,0.25,79,1,0.5319468379020691,112.79322617393947,0.0,-0.44165560603141785,0.4173228442668915
n485,P01_n472,95.0,1.0,60,3,0.6847279667854309,87.6260396981884,0.0079867048189044,-0.33258751034736633,0.23622047901153564
n486,P01_n474,95.0,1.0,64,3,0.6847279667854309,87.6260396981884,-0.0065968832932412624,-0.4656757116317749,0.26771652698516846
n484,P01_n473,95.0,0.25,88,1,0.6847279667854309,87.6260396981884,-0.0013898214092478156,-0.5660775899887085,0.3779527544975281
n487,P01_n475,95.25,0.25,91,1,0.3958282470703125,151.58089510813,0.0,0.07401908189058304,0.34645670652389526
n488,P01_n476,95.5,0.25,84,1,0.7458343505859375,80.44681765175228,0.0,-0.4503946900367737,0.32283464074134827
n489,P01_n477,95.75,0.25,88,1,0.6833343505859375,87.80474733715918,0.0,-0.4871894121170044,0.31496062874794006
n490,P01_n478,96.0,0.25,81,1,0.587493896484375,102.12872058594358,0.0,-0.6476832628250122,0.3700787425041199
n491,P01_n479,96.25,0.25,84,1,0.48333740234375,124.13688597045082,0.0,-0.0378141850233078,0.32283464074134827
n492,P01_n480,96.5,0.25,76,1,0.67083740234375,89.44045127831862,0.0,-0.5627412796020508,0.29921260476112366
n493,P01_n481,96.75,0.25,81,1,0.2708282470703125,221.54262211955603,0.0,0.5322481989860535,0.33070865273475647
n495,P01_n483,97.0,0.25,53,3,0.6854171752929688,87.53792896180946,-0.005207061767578125,-0.431207537651062,0.25984251499176025
n494,P01_n482,97.0,0.25,65,1,0.6854171752929688,87.53792896180946,0.005207061767578125,-0.40774857997894287,0.22047244012355804
n497,P01_n485,97.25,0.25,52,3,0.6104202270507812,98.29294204402005,-0.0005207061767578125,-0.28787466883659363,0.29921260476112366
n496,P01_n484,97.25,0.25,64,1,0.6104202270507812,98.29294204402005,0.0005207061767578125,-0.27590203285217285,0.29133859276771545
n499,P01_n486,97.5,0.25,50,3,0.6145858764648438,97.6267146669977,0.001041412353515625,-0.1492946594953537,0.25984251499176025
n498,P01_n487,97.5,0.25,62,1,0.6145858764648438,97.6267146669977,-0.001041412353515625,-0.19334979355335236,0.26771652698516846
n501,P01_n489,97.75,0.25,48,3,0.6833343505859375,87.80474733715918,-0.0005207061767578125,-0.1776450127363205,0.25196850299835205
n500,P01_n488,97.75,0.25,60,1,0.6833343505859375,87.80474733715918,0.0005207061767578125,-0.1876290887594223,0.25196850299835205
n503,P01_n491,98.0,0.25,47,3,0.5541610717773438,108.27176980794383,-0.0005207061767578125,-0.3970564305782318,0.33070865273475647
n502,P01_n490,98.0,0.25,59,1,0.5541610717773438,108.27176980794383,0.0005207061767578125,-0.3970564305782318,0.33070865273475647
n505,P01_n493,98.25,0.25,44,3,0.679168701171875,88.34329364187823,-0.000522613525390625,-0.580548107624054,0.3385826647281647
n504,P01_n492,98.25,0.25,56,1,0.679168701171875,88.34329364187823,0.000522613525390625,-0.580548107624054,0.3385826647281647
n507,P01_n495,98.5,0.25,44,3,0.7166671752929688,83.72087081492522,-0.004688262939453125,-0.5436227321624756,0.27559053897857666
n506,P01_n494,98.5,0.25,56,1,0.7166671752929688,83.72087081492522,0.004688262939453125,-0.6449060440063477,0.3385826647281647
n509,P01_n497,98.75,0.25,52,3,0.5749969482421875,104.34837990605844,-0.0015621185302734375,-0.20162621140480042,0.29921260476112366
n508,P01_n496,98.75,0.25,64,1,0.5749969482421875,104.34837990605844,0.0015621185302734375,-0.23815204203128815,0.31496062874794006
n511,P01_n499,99.0,0.5,52,3,0.6895828247070312,87.00912762073352,-0.0005207061767578125,-0.44587376713752747,0.26771652698516846
n510,P01_n498,99.0,0.25,64,1,0.6895828247070312,87.00912762073352,0.0005207061767578125,-0.393406480550766,0.22047244012355804
n512,P01_n500,99.25,0.25,62,1,0.4666697084903717,128.57059052342137,0.0,0.12337295711040497,0.29133859276771545
n514,P01_n501,99.5,0.5,40,3,0.7500050663948059,79.99945958820462,0.018751779571175575,-0.3729218542575836,0.19685038924217224
n515,P01_n503,99.5,0.5,44,3,0.7500050663948059,79.99945958820462,-0.017709096893668175,-0.46949502825737,0.29133859276771545
n513,P01_n502,99.5,0.25,60,1,0.7500050663948059,79.99945958820462,-0.0010426839580759406,-0.21573852002620697,0.20472441613674164
n516,P01_n504,99.75,0.25,59,1,0.6624908447265625,90.56728931063869,0.0,-0.43021994829177856,0.28346458077430725
n518,P01_n505,100.0,0.5,48,3,0.6833343505859375,87.80474733715918,0.001041412353515625,-0.3296481966972351,0.25984251499176025
n517,P01_n506,100.0,0.25,57,1,0.6833343505859375,87.80474733715918,-0.001041412353515625,-0.474911093711853,0.24409449100494385
n519,P01_n507,100.25,0.25,55,1,0.4611155092716217,130.11924082704576,0.0,-0.048623763024806976,0.29921260476112366
n521,P01_n508,100.5,0.5,40,3,0.6555531620979309,91.52575789274707,0.0069452919997274876,-0.314681738615036,0.25984251499176025
n522,P01_n509,100.5,0.5,45,3,0.6555531620979309,91.52575789274707,-0.0024312336463481188,-0.3728627562522888,0.28346458077430725
n520,P01_n510,100.5,0.25,53,1,0.6555531620979309,91.52575789274707,-0.0045140585862100124,-0.37881210446357727,0.28346458077430725
n523,P01_n511,100.75,0.25,50,1,0.7930501103401184,75.65726202883646,0.0,-0.46385014057159424,0.28346458077430725
n525,P01_n513,101.0,1.0,45,3,0.7152811884880066,83.8830951598639,0.0045140585862100124,-0.5748500227928162,0.23622047901153564
n526,P01_n514,101.0,1.0,48,3,0.7152811884880066,83.8830951598639,-0.01006952952593565,-0.3546947240829468,0.25984251499176025
n524,P01_n512,101.0,0.25,52,1,0.7152811884880066,83.8830951598639,0.0055554709397256374,-0.6161180138587952,0.36220473051071167
n527,P01_n515,101.25,0.25,57,1,0.524993896484375,114.28704295762367,0.0,-0.23579618334770203,0.31496062874794006
n528,P01_n516,101.5,0.25,60,1,0.7041778564453125,85.20574660339335,0.0,-0.3348131477832794,0.32283464074134827
n529,P01_n517,101.75,0.25,64,1,0.570831298828125,105.10986367281475,0.0,-0.08679962158203125,0.26771652698516846
n531,P01_n519,102.0,0.5,44,3,0.7916717529296875,75.78898675866854,-0.001041412353515625,-0.6933479309082031,0.25196850299835205
n532,P01_n520,102.0,0.5,47,3,0.7916717529296875,75.78898675866854,-0.015625,-0.6811215877532959,0.25984251499176025
n530,P01_n518,102.0,0.25,52,1,0.7916717529296875,75.78898675866854,0.016666412353515625,-0.6995001435279846,0.23622047901153564
n533,P01_n521,102.25,0.25,64,1,0.5124918818473816,117.07502523497105,0.0,0.023292632773518562,0.29133859276771545
n535,P01_n523,102.5,0.5,44,3,0.6958363652229309,86.22716920058828,0.0031229655724018812,-0.5133458375930786,0.25984251499176025
n536,P01_n524,102.5,0.5,47,3,0.6958363652229309,86.22716920058828,-0.0104153947904706,-0.5763556957244873,0.30708661675453186
n534,P01_n522,102.5,0.25,56,1,0.6958363652229309,86.22716920058828,0.0072924294508993626,-0.5508206486701965,0.25984251499176025
n537,P01_n525,102.75,0.25,64,1,0.5305531620979309,113.08951540830708,0.0,-0.09764210134744644,0.32283464074134827
n539,P01_n527,103.0,1.0,45,3,0.7777811884880066,77.14251885757096,-0.0038210551720112562,-0.6770480871200562,0.25984251499176025
n540,P01_n528,103.0,1.0,48,3,0.7777811884880066,77.14251885757096,-0.011110941879451275,-0.4176223576068878,0.23622047901153564
n538,P01_n526,103.0,0.25,52,1,0.7777811884880066,77.14251885757096,0.0149319963529706,-0.6739620566368103,0.29133859276771545
n541,P01_n529,103.25,0.25,57,1,0.5291595458984375,113.38735257648722,0.0,-0.2607448399066925,0.32283464074134827
n542,P01_n530,103.5,0.25,60,1,0.6875,87.27272727272727,0.0,-0.35509490966796875,0.32283464074134827
n543,P01_n531,103.75,0.25,64,1,0.5791676640510559,103.59694389759778,0.0,-0.11894353479146957,0.26771652698516846
n545,P01_n533,104.0,0.5,44,3,0.7791697382926941,77.0050440247733,-0.0062510170973837376,-0.6400095224380493,0.24409449100494385
n546,P01_n534,104.0,0.5,47,3,0.7791697382926941,77.0050440247733,-0.012499491684138775,-0.7331188917160034,0.30708661675453186
n544,P01_n532,104.0,0.25,52,1,0.7791697382926941,77.0050440247733,0.0187505092471838,-0.6765353679656982,0.24409449100494385
n547,P01_n535,104.25,0.25,64,1,0.5041707158088684,119.00730867269581,0.0,0.03532138466835022,0.29133859276771545
n549,P01_n536,104.5,0.5,44,3,0.7041575312614441,85.20820602815199,0.0062497458420693874,-0.5935057401657104,0.29133859276771545
n550,P01_n538,104.5,0.5,47,3,0.7041575312614441,85.20820602815199,-0.01145807933062315,-0.5304959416389465,0.27559053897857666
n548,P01_n537,104.5,0.25,56,1,0.7041575312614441,85.20820602815199,0.0052083334885537624,-0.5553706288337708,0.25196850299835205
n551,P01_n539,104.75,0.25,64,1,0.4819539487361908,124.49322213737574,0.0,0.05303282290697098,0.32283464074134827
n553,P01_n541,105.0,1.0,40,3,0.8555552363395691,70.1298962960073,0.0069440207444131374,-0.6401642560958862,0.19685038924217224
n554,P01_n542,105.0,1.0,48,3,0.8555552363395691,70.1298962960073,-0.0149294538423419,-0.45300477743148804,0.22834645211696625
n552,P01_n540,105.0,0.25,52,1,0.8555552363395691,70.1298962960073,0.007985432632267475,-0.7045435905456543,0.27559053897857666
n555,P01_n543,105.25,0.25,57,1,0.541656494140625,110.77131105977801,0.0,-0.25415635108947754,0.31496062874794006
n556,P01_n544,105.5,0.25,60,1,0.6958465576171875,86.22590619038222,0.0,-0.3284492492675781,0.31496062874794006
n557,P01_n545,105.75,0.25,64,1,0.6305491328239441,95.15515425623879,0.0,-0.19717709720134735,0.26771652698516846
n559,P01_n547,106.0,0.5,47,3,0.7444508671760559,80.59631957660214,-0.0038197834510356188,-0.6107743978500366,0.25196850299835205
n560,P01_n548,106.0,0.5,50,3,0.7444508671760559,80.59631957660214,-0.015279133804142475,-0.48113909363746643,0.28346458077430725
n558,P01_n546,106.0,0.25,52,1,0.7444508671760559,80.59631957660214,0.01909891702234745,-0.6356491446495056,0.25984251499176025
n561,P01_n549,106.25,0.25,64,1,0.4944407045841217,121.34923246350948,0.0,0.004057727754116058,0.32283464074134827
n563,P01_n551,106.5,0.5,47,3,0.6763814091682434,88.70734645676161,-0.0034688313025981188,-0.6080899238586426,0.34645670652389526
n564,P01_n552,106.5,0.5,50,3,0.6763814091682434,88.70734645676161,-0.009724934585392475,-0.3204316794872284,0.25984251499176025
n562,P01_n550,106.5,0.25,56,1,0.6763814091682434,88.70734645676161,0.013193766586482525,-0.6989433765411377,0.4015747904777527
n565,P01_n553,106.75,0.25,64,1,0.5739593505859375,104.53701980592848,0.0,-0.3916655480861664,0.4488188922405243
n567,P01_n556,107.0,2.0,45,3,0.6492195129394531,92.41866395595486,-0.005466461181640625,-0.3994983434677124,0.24409449100494385
n568,P01_n555,107.0,2.0,48,3,0.6492195129394531,92.41866395595486,-0.004428863525390625,-0.2907305061817169,0.26771652698516846
n569,P01_n557,107.0,2.0,52,3,0.6492195129394531,92.41866395595486,-0.005466461181640625,-0.4714915454387665,0.33070865273475647
n566,P01_n554,107.0,2.0,57,1,0.6492195129394531,92.41866395595486,0.015361785888671875,-0.6326172351837158,0.4488188922405243
n572,P01_n558,110.0,0.5,45,3,0.45728302001953125,131.2097702587717,0.00989532470703125,-0.5783774852752686,0.31496062874794006
n571,P01_n559,110.0,0.5,76,2,0.45728302001953125,131.2097702587717,-0.00989532470703125,-0.7556819915771484,0.29133859276771545
n574,P01_n561,110.5,0.5,52,3,0.6708348393440247,89.4407929955918,-0.003124237060546875,-0.5495604276657104,0.4015747904777527
n573,P01_n560,110.5,0.5,74,2,0.6708348393440247,89.4407929955918,0.003124237060546875,-0.3884056806564331,0.30708661675453186
n577,P01_n563,111.0,0.5,60,3,0.5930582880973816,101.1704940377595,-0.0031255085486918688,-0.2106218934059143,0.29921260476112366
n576,P01_n562,111.0,0.5,72,2,0.5930582880973816,101.1704940377595,0.010416666977107525,-0.2402469366788864,0.30708661675453186
n575,P01_n564,111.0,0.5,81,1,0.5930582880973816,101.1704940377595,-0.0072911581955850124,-0.4666357934474945,0.34645670652389526
n580,P01_n566,111.5,0.5,57,3,0.60833740234375,98.62947727500753,-0.0013885498046875,-0.4150471091270447,0.26771652698516846
n579,P01_n567,111.5,0.5,71,2,0.60833740234375,98.62947727500753,-0.00243377685546875,-0.5244982242584229,0.33070865273475647
n578,P01_n565,111.5,0.5,79,1,0.60833740234375,98.62947727500753,0.00382232666015625,-0.5033336281776428,0.35433071851730347
n583,P01_n569,112.0,0.5,64,3,0.5236053466796875,114.59012093836515,-0.0013885498046875,-0.14689385890960693,0.29921260476112366
n582,P01_n568,112.0,0.5,72,2,0.5236053466796875,114.59012093836515,0.0069427490234375,-0.10925614088773727,0.30708661675453186
n581,P01_n570,112.0,1.0,81,1,0.5236053466796875,114.59012093836515,-0.00555419921875,-0.30455735325813293,0.33070865273475647
n585,P01_n571,112.5,0.5,52,3,0.5968780517578125,100.52304624587775,0.01354217529296875,-0.3679828345775604,0.29921260476112366
n584,P01_n572,112.5,0.5,69,2,0.5968780517578125,100.52304624587775,-0.01354217529296875,-0.44815319776535034,0.34645670652389526
n587,P01_n573,113.0,0.5,45,3,0.7052078247070312,85.08130213235533,0.0078125,-0.608595073223114,0.32283464074134827
n586,P01_n574,113.0,0.5,79,1,0.7052078247070312,85.08130213235533,-0.0078125,-0.4663729965686798,0.24409449100494385
n589,P01_n575,113.5,0.5,53,3,0.5989608764648438,100.17348771447132,0.006252288818359375,-0.5307996869087219,0.4251968562602997
n588,P01_n576,113.5,0.5,81,1,0.5989608764648438,100.17348771447132,-0.006252288818359375,-0.34724530577659607,0.26771652698516846
n591,P01_n578,114.0,0.5,60,3,0.617706298828125,97.1335408329628,-0.000518798828125,-0.23460368812084198,0.29921260476112366
n590,P01_n577,114.0,2.0,76,1,0.617706298828125,97.1335408329628,0.000518798828125,-0.30349093675613403,0.24409449100494385
n592,P01_n579,114.5,0.5,57,3,0.6125030517578125,97.95869559801699,0.0,-0.41831979155540466,0.26771652698516846
n593,P01_n580,115.0,0.5,65,3,0.5041656494140625,119.00850458521231,0.0,-0.1573091447353363,0.31496062874794006
n594,P01_n581,115.5,0.5,53,3,0.6374969482421875,94.11809760884655,0.0,-0.4694783389568329,0.33070865273475647
n596,P01_n582,116.0,0.5,45,3,0.7166748046875,83.71997956055186,0.00521087646484375,-0.6383785605430603,0.3385826647281647
n595,P01_n583,116.0,1.0,74,1,0.7166748046875,83.71997956055186,-0.00521087646484375,-0.43192771077156067,0.29133859276771545
n597,P01_n584,116.5,0.5,56,3,0.6166610717773438,97.29818006359261,0.0,-0.6169832348823547,0.4251968562602997
n599,P01_n586,117.0,0.5,62,3,0.6145858764648438,97.6267146669977,-0.011455535888671875,-0.31583383679389954,0.29921260476112366
n598,P01_n585,117.0,0.5,64,1,0.6145858764648438,97.6267146669977,0.011455535888671875,-0.5110901594161987,0.34645670652389526
n601,P01_n588,117.5,0.5,59,3,0.6208343505859375,96.64413694791948,-0.00624847412109375,-0.4912504553794861,0.28346458077430725
n600,P01_n587,117.5,0.5,65,1,0.6208343505859375,96.64413694791948,0.00624847412109375,-0.5753147006034851,0.3858267664909363
n603,P01_n589,118.0,0.5,65,3,0.4749908447265625,126.31822416396287,0.0,-0.07797474414110184,0.29133859276771545
n602,P01_n590,118.0,0.75,79,1,0.4749908447265625,126.31822416396287,0.0,-0.22800010442733765,0.3858267664909363
n604,P01_n591,118.5,0.5,53,3,0.66668701171875,89.99725350178522,0.0,-0.5146172046661377,0.32283464074134827
n605,P01_n592,118.75,0.25,77,1,0.5645751953125,106.27459459459459,0.0,-0.31394386291503906,0.3779527544975281
n607,P01_n593,119.0,0.5,45,3,0.6989593505859375,85.84190189272383,0.00260162353515625,-0.5572810769081116,0.32283464074134827
n606,P01_n594,119.0,3.0,76,1,0.6989593505859375,85.84190189272383,-0.00260162353515625,-0.40812820196151733,0.29133859276771545
n608,P01_n595,119.5,0.5,52,3,0.633331298828125,94.73714643665976,0.0,-0.533677339553833,0.4173228442668915
n609,P01_n596,120.0,0.5,60,3,0.6687469482421875,89.72003559449654,0.0,-0.17160479724407196,0.26771652698516846
n610,P01_n597,120.5,0.5,57,3,0.63958740234375,93.81047809905526,0.0,-0.26210394501686096,0.22834645211696625
n611,P01_n598,121.0,0.5,64,3,0.57916259765625,103.59785014226999,0.0,-0.1189308613538742,0.26771652698516846
n612,P01_n599,121.5,0.5,52,3,0.7156295776367188,83.84225844625209,0.0,-0.48753753304481506,0.29133859276771545
n614,P01_n600,122.0,0.5,41,3,0.7135391235351562,84.0878909382518,0.016147613525390625,-0.5070655941963196,0.25196850299835205
n613,P01_n601,122.0,1.0,81,1,0.7135391235351562,84.0878909382518,-0.016147613525390625,-0.4833170473575592,0.31496062874794006
n615,P01_n602,122.5,0.5,53,3,0.6763865351676941,88.70667418759957,0.0,-0.6493234038352966,0.4330708682537079
n618,P01_n604,123.0,0.5,60,3,0.6000010371208191,99.99982714682893,-0.00034586587571538985,-0.2510642111301422,0.29921260476112366
n616,P01_n603,123.0,0.5,81,1,0.6000010371208191,99.99982714682893,0.0059026083908975124,-0.469487726688385,0.31496062874794006
n617,P01_n605,123.0,0.5,84,1,0.6000010371208191,99.99982714682893,-0.0055567421950399876,-0.3244374394416809,0.3385826647281647
n621,P01_n607,123.5,0.5,57,3,0.5979207158088684,100.347752492288,0.0027796428184956312,-0.3194267153739929,0.24409449100494385
n619,P01_n606,123.5,0.5,79,1,0.5979207158088684,100.347752492288,0.015276591293513775,-0.49249136447906494,0.3385826647281647
n620,P01_n608,123.5,0.5,83,1,0.5979207158088684,100.347752492288,-0.01805623434484005,-0.5138651132583618,0.3385826647281647
n624,P01_n611,124.0,0.5,65,3,0.4881947934627533,122.90176135313021,-0.0076395669020712376,-0.039529383182525635,0.27559053897857666
n622,P01_n609,124.0,0.75,77,1,0.4881947934627533,122.90176135313021,0.013196309097111225,-0.18591882288455963,0.30708661675453186
n623,P01_n610,124.0,0.75,81,1,0.4881947934627533,122.90176135313021,-0.0055567421950399876,-0.2528107762336731,0.36220473051071167
n625,P01_n612,124.5,0.5,53,3,0.629150390625,95.36670547147847,0.0,-0.4118189513683319,0.29921260476112366
n626,P01_n613,124.75,0.25,72,1,0.6069539189338684,98.85429211066251,0.0,-0.24403506517410278,0.31496062874794006
n630,P01_n614,125.0,0.5,38,3,0.7027791142463684,85.37533171335285,0.0319417305290699,-0.3591149151325226,0.18897637724876404
n628,P01_n615,125.0,1.0,76,1,0.7027791142463684,85.37533171335285,0.0017369588604196906,-3.2281088829040527,0.22834645211696625
n629,P01_n616,125.0,1.0,79,1,0.7027791142463684,85.37533171335285,-0.03367869183421135,-0.4236193001270294,0.32283464074134827
n631,P01_n617,125.5,0.5,45,3,0.6951395869255066,86.31359964028317,0.0,-0.7529085874557495,0.4566929042339325
n634,P01_n620,126.0,0.5,57,3,0.5736134648323059,104.60005505195177,-0.009722392074763775,-0.38394224643707275,0.32283464074134827
n632,P01_n618,126.0,2.0,74,1,0.5736134648323059,104.60005505195177,0.012151082046329975,-0.2658376693725586,0.28346458077430725
n633,P01_n619,126.0,2.0,77,1,0.5736134648323059,104.60005505195177,-0.0024286906700581312,-0.35015398263931274,0.31496062874794006
n635,P01_n621,126.5,0.5,53,3,0.6604156494140625,90.85187495667844,0.0,-0.2804308533668518,0.22834645211696625
n636,P01_n622,127.0,0.5,62,3,0.524993896484375,114.28704295762367,0.0,-0.040625154972076416,0.29921260476112366
n637,P01_n623,127.5,0.5,50,3,0.6729202270507812,89.16361492500086,0.0,-0.3130301237106323,0.27559053897857666
n639,P01_n624,128.0,0.5,40,3,0.7947921752929688,75.49143268538516,0.009372711181640625,-0.5311459898948669,0.26771652698516846
n638,P01_n625,128.0,0.5,74,1,0.7947921752929688,75.49143268538516,-0.009372711181640625,-0.39066484570503235,0.24409449100494385
n641,P01_n627,128.5,0.5,52,3,0.6593780517578125,90.99483951588643,-0.00572967529296875,-0.6265882253646851,0.4566929042339325
n640,P01_n626,128.5,0.5,73,1,0.6593780517578125,90.99483951588643,0.00572967529296875,-0.3694303631782532,0.29921260476112366
n643,P01_n629,129.0,0.5,59,3,0.5812454223632812,103.22661941327033,-0.00208282470703125,-0.5094001293182373,0.36220473051071167
n642,P01_n628,129.0,0.5,74,1,0.5812454223632812,103.22661941327033,0.00208282470703125,-0.22929216921329498,0.25984251499176025
n645,P01_n630,129.5,0.5,56,3,0.647918701171875,92.6042108237954,0.004169464111328125,-0.4227943420410156,0.26771652698516846
n644,P01_n631,129.5,0.5,77,1,0.647918701171875,92.6042108237954,-0.004169464111328125,-0.39203202724456787,0.26771652698516846
n647,P01_n633,130.0,0.5,68,3,0.5,120.0,-0.010417938232421875,-0.20645086467266083,0.32283464074134827
n646,P01_n632,130.0,0.5,76,1,0.5,120.0,0.010417938232421875,-0.2134036123752594,0.31496062874794006
n649,P01_n635,130.5,0.5,59,3,0.5880165100097656,102.0379512796393,-0.004169464111328125,-0.5187673568725586,0.34645670652389526
n648,P01_n634,130.5,0.5,64,1,0.5880165100097656,102.0379512796393,0.004169464111328125,-0.3926263451576233,0.29921260476112366
n652,P01_n636,131.0,0.5,45,3,0.6348915100097656,94.50433507777905,0.029424667358398438,-0.4832882285118103,0.27559053897857666
n653,P01_n637,131.0,0.0,64,1,0.6348915100097656,94.50433507777905,0.0054683685302734375,0.0,0.29921260476112366
n650,P01_n638,131.0,1.0,71,1,0.6348915100097656,94.50433507777905,-0.0049457550048828125,-0.5510328412055969,0.34645670652389526
n651,P01_n639,131.0,1.0,74,1,0.6348915100097656,94.50433507777905,-0.029947280883789062,-0.3903856873512268,0.34645670652389526
n654,P01_n640,131.5,0.5,52,3,0.6638946533203125,90.37578432048542,0.0,-0.5948176383972168,0.4173228442668915
n657,P01_n643,132.0,0.5,60,3,0.6048583984375,99.19677093844601,-0.00555419921875,-0.24492193758487701,0.30708661675453186
n655,P01_n641,132.0,2.0,69,1,0.6048583984375,99.19677093844601,0.0059051513671875,-0.5091345310211182,0.33070865273475647
n656,P01_n642,132.0,2.0,72,1,0.6048583984375,99.19677093844601,-0.0003509521484375,-0.36617666482925415,0.36220473051071167
n658,P01_n644,132.5,0.5,57,3,0.60833740234375,98.62947727500753,0.0,-0.40847447514533997,0.26771652698516846
n659,P01_n645,133.0,0.5,64,3,0.508331298828125,118.03325929038843,0.0,-0.0915277972817421,0.29921260476112366
n660,P01_n646,133.5,0.5,52,3,0.6614608764648438,90.70831266796618,0.0,-0.4402535855770111,0.31496062874794006
n662,P01_n647,134.0,0.5,45,3,0.7867141962051392,76.26657849752941,0.004688262939453125,-0.7663861513137817,0.31496062874794006
n661,P01_n648,134.0,0.3330078125,76,1,0.7867141962051392,76.26657849752941,-0.004688262939453125,-0.6890278458595276,0.32283464074134827
n663,P01_n649,134.3330078125,0.333984375,75,1,0.4116867780685425,145.74186783820025,0.0,0.04310073330998421,0.35433071851730347
n664,P01_n650,134.5,0.5,52,3,0.5863487124443054,102.32818581604565,0.0,-0.4713853895664215,0.4173228442668915
n665,P01_n651,134.6669921875,0.3330078125,76,1,0.7147520780563354,83.94519140561479,0.0,-0.5231503844261169,0.30708661675453186
n667,P01_n652,135.0,0.5,60,3,0.6553450226783752,91.55482673047827,0.002605438232421875,-0.39635035395622253,0.29133859276771545
n666,P01_n653,135.0,0.3330078125,83,1,0.6553450226783752,91.55482673047827,-0.002605438232421875,-0.602320671081543,0.30708661675453186
n668,P01_n654,135.3330078125,0.333984375,81,1,0.3118603825569153,192.39378695063922,0.0,0.3220689296722412,0.32283464074134827
n669,P01_n655,135.5,0.5,57,3,0.5676626563072205,105.69657759471824,0.0,-0.28264138102531433,0.26771652698516846
n670,P01_n656,135.6669921875,0.3330078125,76,1,0.6662619113922119,90.05467515713875,0.0,-0.33380046486854553,0.24409449100494385
n672,P01_n658,136.0,0.5,64,3,0.6068548560142517,98.87042907437973,-0.0114593505859375,-0.3345649540424347,0.30708661675453186
n671,P01_n657,136.0,0.3330078125,72,1,0.6068548560142517,98.87042907437973,0.0114593505859375,-0.39048850536346436,0.3385826647281647
n673,P01_n659,136.3330078125,0.333984375,69,1,0.3056469261646271,196.30493508605707,0.0,0.25568366050720215,0.4015747904777527
n674,P01_n660,136.5,0.5,52,3,0.7111202478408813,84.37391591952739,0.0,-0.5570750832557678,0.31496062874794006
n675,P01_n661,136.6669921875,0.3330078125,64,1,0.6568915247917175,91.33928165540631,0.0,-0.48542681336402893,0.35433071851730347
n677,P01_n662,137.0,0.5,45,3,0.6193410754203796,96.877152801911,0.015625,-0.4675038456916809,0.32283464074134827
n676,P01_n663,137.0,0.5,79,1,0.6193410754203796,96.877152801911,-0.015625,-0.37020665407180786,0.33070865273475647
n678,P01_n664,137.3330078125,0.333984375,67,2,0.7485380172729492,80.1562494027894,0.0,-0.5670405626296997,0.28346458077430725
n680,P01_n665,137.5,0.5,53,3,0.5738760828971863,104.55218781220648,0.0,-0.5057889223098755,0.4251968562602997
n679,P01_n666,137.5,0.5,81,1,0.5738760828971863,104.55218781220648,0.0,-0.5207392573356628,0.3937007784843445
n681,P01_n667,137.6669921875,0.3330078125,68,2,0.621456503868103,96.54738445336845,0.0,-0.49469253420829773,0.33070865273475647
n684,P01_n670,138.0,0.5,60,3,0.6027781367301941,99.53911123166074,-0.0045140585862100124,-0.24585223197937012,0.29921260476112366
n683,P01_n669,138.0,2.0,69,2,0.6027781367301941,99.53911123166074,-0.0024312336463481188,-0.4900889992713928,0.31496062874794006
n682,P01_n668,138.0,2.0,77,1,0.6027781367301941,99.53911123166074,0.0069452919997274876,-0.49886995553970337,0.3700787425041199
n685,P01_n671,138.5,0.5,57,3,0.61041259765625,98.2941705829417,0.0,-0.4133875072002411,0.25984251499176025
n686,P01_n672,139.0,0.5,65,3,0.5041656494140625,119.00850458521231,0.0,-0.1573091447353363,0.31496062874794006
n687,P01_n673,139.5,0.5,53,3,0.6281280517578125,95.52192396453297,0.0,-0.45466145873069763,0.32283464074134827
n689,P01_n674,140.0,0.5,45,3,0.7656173706054688,78.36812787117219,0.00156402587890625,-0.7142311334609985,0.34645670652389526
n688,P01_n675,140.0,0.5,74,1,0.7656173706054688,78.36812787117219,-0.00156402587890625,-0.5908487439155579,0.3385826647281647
n691,P01_n676,140.5,0.5,56,3,0.6583404541015625,91.13825472244756,0.001041412353515625,-0.7569019198417664,0.4251968562602997
n690,P01_n677,140.5,0.25,89,1,0.6583404541015625,91.13825472244756,-0.001041412353515625,-0.5758759379386902,0.3700787425041199
n692,P01_n678,140.75,0.25,85,1,0.4875030517578125,123.07615261823531,0.0,-0.12890678644180298,0.3385826647281647
n694,P01_n680,141.0,0.5,62,3,0.7735060453414917,77.56888308935048,-0.002086639404296875,-0.6476317644119263,0.29921260476112366
n693,P01_n679,141.0,0.1669921875,88,1,0.7735060453414917,77.56888308935048,0.002086639404296875,-0.6504467725753784,0.27559053897857666
n695,P01_n681,141.1669921875,0.166015625,86,1,0.533318042755127,112.5032254488135,0.0,-0.2394244372844696,0.33070865273475647
n696,P01_n682,141.3330078125,0.1669921875,81,1,0.33685123920440674,178.1201700243443,0.0,0.4149984121322632,0.33070865273475647
n698,P01_n684,141.5,0.5,59,3,0.6861293911933899,87.44706285740297,-0.0041656494140625,-0.6085556745529175,0.27559053897857666
n697,P01_n683,141.5,0.1669921875,77,1,0.6861293911933899,87.44706285740297,0.0041656494140625,-0.5718423128128052,0.29921260476112366
n699,P01_n685,141.6669921875,0.166015625,74,1,0.5333639979362488,112.4935320572042,0.0,-0.23954875767230988,0.3385826647281647
n700,P01_n686,141.8330078125,0.1669921875,69,1,0.5738532543182373,104.55634702513383,0.0,-0.3535718023777008,0.35433071851730347
n702,P01_n688,142.0,0.5,65,3,0.5863715410232544,102.324201981727,-0.005207061767578125,-0.40206795930862427,0.29921260476112366
n701,P01_n687,142.0,0.1669921875,70,1,0.5863715410232544,102.324201981727,0.005207061767578125,-0.3847050070762634,0.36220473051071167
n703,P01_n689,142.1669921875,0.166015625,71,1,0.47058823704719543,127.49999952502549,0.0,-0.058893632143735886,0.3937007784843445
n704,P01_n690,142.3330078125,0.1669921875,72,1,0.4054504632949829,147.9835526944444,0.0,0.20647796988487244,0.36220473051071167
n706,P01_n691,142.5,0.5,53,3,0.8670732975006104,69.19830211927126,0.005207061767578125,-0.8873352408409119,0.31496062874794006
n705,P01_n692,142.5,0.1669921875,73,1,0.8670732975006104,69.19830211927126,-0.005207061767578125,-0.6927042603492737,0.31496062874794006
n707,P01_n693,142.6669921875,0.166015625,74,1,0.5772518515586853,103.94076664802209,0.0,-0.3536292314529419,0.3700787425041199
n708,P01_n694,142.8330078125,0.1669921875,75,1,0.3472374379634857,172.79242800515476,0.0,0.3711874783039093,0.35433071851730347
n711,P01_n695,143.0,0.5,45,3,0.6527811884880066,91.91441337176703,0.01735941506922245,-0.49714604020118713,0.30708661675453186
n709,P01_n696,143.0,0.75,74,1,0.6527811884880066,91.91441337176703,0.0069452919997274876,-0.25081557035446167,0.23622047901153564
n710,P01_n697,143.0,0.75,77,1,0.6527811884880066,91.91441337176703,-0.0243047084659338,-0.40484926104545593,0.31496062874794006
n712,P01_n698,143.5,0.5,52,3,0.6562347412109375,91.43069732834189,0.0,-0.5780752897262573,0.4094488322734833
n713,P01_n699,143.75,0.25,74,1,0.6659698486328125,90.09416886241264,0.014064788818359375,-0.4624384045600891,0.35433071851730347
n714,P01_n700,143.75,0.25,77,1,0.6659698486328125,90.09416886241264,-0.014064788818359375,-0.5390596389770508,0.36220473051071167
n717,P01_n703,144.0,0.5,60,3,0.622222900390625,96.42846632988376,-0.0059051513671875,-0.2623920142650604,0.29921260476112366
n715,P01_n701,144.0,2.0,72,1,0.622222900390625,96.42846632988376,0.01076507568359375,-0.36285918951034546,0.33070865273475647
n716,P01_n702,144.0,2.0,76,1,0.622222900390625,96.42846632988376,-0.00485992431640625,-0.48599210381507874,0.3937007784843445
n718,P01_n704,144.5,0.5,57,3,0.5979156494140625,100.34860278167666,0.0,-0.33835598826408386,0.24409449100494385
n719,P01_n705,145.0,0.5,64,3,0.5124969482421875,117.07386786554322,0.0,-0.1611461639404297,0.31496062874794006
n720,P01_n706,145.5,0.5,52,3,0.6437606811523438,93.20233707439054,0.0,-0.40730077028274536,0.30708661675453186
n722,P01_n707,146.0,0.5,41,3,0.759368896484375,79.01298074990957,0.014583587646484375,-0.6332464218139648,0.29133859276771545
n721,P01_n708,146.0,0.5,81,1,0.759368896484375,79.01298074990957,-0.014583587646484375,-0.6088966131210327,0.31496062874794006
n724,P01_n710,146.5,0.5,57,3,0.5843734741210938,102.67406488674196,-0.006771087646484375,-0.6004717946052551,0.4330708682537079
n723,P01_n709,146.5,0.5,80,1,0.5843734741210938,102.67406488674196,0.006771087646484375,-0.45237305760383606,0.31496062874794006
n726,P01_n711,147.0,0.5,60,3,0.6787939667701721,88.39206436305136,0.0041656494140625,-0.42312371730804443,0.25984251499176025
n725,P01_n712,147.0,0.3330078125,83,1,0.6787939667701721,88.39206436305136,-0.0041656494140625,-0.6220129132270813,0.29133859276771545
n727,P01_n713,147.3330078125,0.333984375,81,1,0.3305920958518982,181.4925424801426,0.0,0.2379169464111328,0.33070865273475647
n728,P01_n714,147.5,0.5,57,3,0.5551900863647461,108.07109397947983,0.0,-0.16920097172260284,0.23622047901153564
n729,P01_n715,147.6669921875,0.3330078125,76,1,0.6834677457809448,87.78761012554106,0.0,-0.37058427929878235,0.25196850299835205
n731,P01_n717,148.0,0.5,65,3,0.5865102410316467,102.30000399389878,-0.01406097412109375,-0.2667540907859802,0.27559053897857666
n730,P01_n716,148.0,0.3330078125,72,1,0.5865102410316467,102.30000399389878,0.01406097412109375,-0.30281928181648254,0.31496062874794006
n732,P01_n718,148.3330078125,0.333984375,69,1,0.31811952590942383,188.60835350635918,0.0,0.23450669646263123,0.3779527544975281
n733,P01_n719,148.5,0.5,53,3,0.679961621761322,88.24027427398103,0.0,-0.517525851726532,0.29133859276771545
n734,P01_n720,148.6669921875,0.3330078125,64,1,0.6037008166313171,99.38697836256577,0.0,-0.3540194630622864,0.3385826647281647
n737,P01_n721,149.0,0.5,38,3,0.7125040888786316,84.21004305312897,0.03229014202952385,-0.36257830262184143,0.19685038924217224
n735,P01_n722,149.0,1.0,72,1,0.7125040888786316,84.21004305312897,-0.0031255085486918688,-0.17945602536201477,0.26771652698516846
n736,P01_n723,149.0,1.0,76,1,0.7125040888786316,84.21004305312897,-0.02916463278234005,-0.34908249974250793,0.29133859276771545
n738,P01_n724,149.5,0.5,45,3,0.7020772099494934,85.46068601816077,0.0,-0.7672356367111206,0.4566929042339325
n741,P01_n727,150.0,0.5,57,3,0.5562540888786316,107.86437565062344,-0.0072911581955850124,-0.3672195076942444,0.32283464074134827
n739,P01_n726,150.0,2.0,71,1,0.5562540888786316,107.86437565062344,0.0031229655724018812,-0.3829868733882904,0.29133859276771545
n740,P01_n725,150.0,2.0,74,1,0.5562540888786316,107.86437565062344,0.0041681923903524876,-0.1872623860836029,0.26771652698516846
n742,P01_n728,150.5,0.5,53,3,0.662506103515625,90.56520337187342,0.0,-0.2849902808666229,0.22047244012355804
n743,P01_n729,151.0,0.5,62,3,0.524993896484375,114.28704295762367,0.0,-0.04652583599090576,0.29921260476112366
n744,P01_n730,151.5,0.5,50,3,0.6895828247070312,87.00912762073352,0.0,-0.348318487405777,0.27559053897857666
n746,P01_n731,152.0,0.5,40,3,0.7976654171943665,75.21950771168991,0.014583587646484375,-0.6382317543029785,0.24409449100494385
n745,P01_n732,152.0,0.3330078125,71,1,0.7976654171943665,75.21950771168991,-0.014583587646484375,-0.5849832892417908,0.26771652698516846
n747,P01_n733,152.3330078125,0.333984375,64,1,0.542671799659729,110.56406475814985,0.0,-0.25307032465934753,0.31496062874794006
n748,P01_n734,152.5,0.5,52,3,0.5738760828971863,104.55218781220648,0.0,-0.4983714818954468,0.4566929042339325
n749,P01_n735,152.6669921875,0.3330078125,65,1,0.6694006323814392,89.6324220467881,0.0,-0.5126417279243469,0.33070865273475647
n751,P01_n737,153.0,0.5,59,3,0.600006103515625,99.99898275774376,-0.00521087646484375,-0.6000840067863464,0.36220473051071167
n750,P01_n736,153.0,0.25,66,1,0.600006103515625,99.99898275774376,0.00521087646484375,-0.5117282271385193,0.32283464074134827
n752,P01_n738,153.25,0.25,67,1,0.5062408447265625,118.52066190433132,0.0,-0.32487356662750244,0.3700787425041199
n754,P01_n740,153.5,0.5,56,3,0.6770782470703125,88.61605030085863,-0.002605438232421875,-0.5113950967788696,0.25984251499176025
n753,P01_n739,153.5,0.25,68,1,0.6770782470703125,88.61605030085863,0.002605438232421875,-0.6438453197479248,0.34645670652389526
n755,P01_n741,153.75,0.25,69,1,0.5916748046875,101.4070559108727,0.0,-0.6262050271034241,0.3779527544975281
n757,P01_n743,154.0,0.5,68,3,0.5047042965888977,118.88149240162394,-0.01041412353515625,-0.26218944787979126,0.32283464074134827
n756,P01_n742,154.0,0.0908203125,70,1,0.5047042965888977,118.88149240162394,0.01041412353515625,0.710365355014801,0.36220473051071167
n758,P01_n744,154.0908203125,0.0908203125,71,1,0.42431116104125977,141.40566053638554,0.0,0.960681140422821,0.3858267664909363
n759,P01_n745,154.181640625,0.0908203125,72,1,0.5850134491920471,102.56174466222112,0.0,0.49733397364616394,0.3700787425041199
n760,P01_n746,154.2724609375,0.0908203125,73,1,0.5963541865348816,100.61135035980924,0.0,0.46963435411453247,0.3700787425041199
n761,P01_n747,154.36328125,0.0908203125,74,1,0.5849294066429138,102.5764807147551,0.0,0.4975411593914032,0.3700787425041199
n762,P01_n748,154.4541015625,0.091796875,75,1,0.13630318641662598,440.1951383337677,0.0,2.583554267883301,0.3700787425041199
n763,P01_n749,154.5,0.5,59,3,0.6808510422706604,88.12500279047535,0.0,-0.7900592684745789,0.34645670652389526
n764,P01_n750,154.5458984375,0.0908203125,76,1,0.6078628897666931,98.70646984721982,0.0,0.4420577585697174,0.36220473051071167
n765,P01_n751,154.63671875,0.0908203125,77,1,0.6078628897666931,98.70646984721982,0.0,0.4420577585697174,0.3779527544975281
n766,P01_n752,154.7275390625,0.0908203125,78,1,0.6996808052062988,85.7533886217004,0.0,0.23910687863826752,0.3858267664909363
n767,P01_n753,154.818359375,0.0908203125,79,1,0.6652385592460632,90.19320838527456,0.0,0.31193190813064575,0.32283464074134827
n768,P01_n755,154.9091796875,0.0908203125,80,1,0.3632112443447113,165.1931236552139,0.0,1.1849948167800903,0.29921260476112366
n770,P01_n754,155.0,0.5,45,3,0.6006825566291809,99.88636982684977,0.03715260699391365,-0.4711255729198456,0.28346458077430725
n771,P01_n756,155.0,0.0,69,1,0.6006825566291809,99.88636982684977,-0.009722392074763775,0.0,0.34645670652389526
n769,P01_n757,155.0,3.0,81,1,0.6006825566291809,99.88636982684977,-0.02743021585047245,-0.47807830572128296,0.3385826647281647
n772,P01_n758,155.5,0.5,52,3,0.63751220703125,94.11584490186692,0.0,-0.606363832950592,0.4173228442668915
n773,P01_n759,156.0,0.5,60,3,0.6062469482421875,98.96957036067555,0.0,-0.2541307508945465,0.30708661675453186
n774,P01_n760,156.5,0.5,57,3,0.625,96.0,0.0,-0.34007543325424194,0.22834645211696625
n775,P01_n761,157.0,0.5,64,3,0.4875030517578125,123.07615261823531,0.0,0.0061432248912751675,0.26771652698516846
n776,P01_n762,157.5,0.5,52,3,0.6374918818473816,94.11884560180842,0.0,-0.3325568437576294,0.26771652698516846
n779,P01_n763,158.0,0.5,36,3,0.7208302617073059,83.23734891191773,0.0364583320915699,-0.23986530303955078,0.18897637724876404
n777,P01_n764,158.0,3.0,64,1,0.7208302617073059,83.23734891191773,0.0052083334885537624,-0.23576787114143372,0.18110236525535583
n778,P01_n765,158.0,3.0,76,1,0.7208302617073059,83.23734891191773,-0.0416666679084301,-0.2840286195278168,0.28346458077430725
n780,P01_n766,158.5,0.5,43,3,0.6583404541015625,91.13825472244756,0.0,-0.6033565998077393,0.4330708682537079
n781,P01_n767,159.0,0.5,52,3,0.6270751953125,95.68230484718707,0.0,-0.262057363986969,0.27559053897857666
n782,P01_n768,159.5,0.5,48,3,0.8062591552734375,74.41775960937943,0.0,0.051252301782369614,0.14960630238056183
n783,P01_n769,160.0,0.5,60,3,0.635406494140625,94.4277412228039,0.0,0.16098560392856598,0.22047244012355804
n784,P01_n770,160.5,0.5,52,3,0.7236175537109375,82.91672816987538,0.0,-0.29553166031837463,0.21259842813014984
n787,P01_n771,161.0,0.5,36,3,0.78680419921875,76.25785431696532,0.0201416015625,-0.28950411081314087,0.15748031437397003
n785,P01_n772,161.0,3.0,63,1,0.78680419921875,76.25785431696532,0.0097198486328125,-0.3498900532722473,0.14173229038715363
n786,P01_n773,161.0,3.0,75,1,0.78680419921875,76.25785431696532,-0.0298614501953125,-0.39606019854545593,0.27559053897857666
n788,P01_n774,161.5,0.5,42,3,0.6770782470703125,88.61605030085863,0.0,-0.6095754504203796,0.4330708682537079
n789,P01_n775,162.0,0.5,51,3,0.645843505859375,92.90176251004111,0.0,-0.2208646684885025,0.25984251499176025
n790,P01_n776,162.5,0.5,48,3,0.7958221435546875,75.39373022720736,0.0,0.05558668076992035,0.15748031437397003
n791,P01_n777,163.0,0.5,60,3,0.631256103515625,95.04858593183467,0.0,0.1361904889345169,0.22834645211696625
n792,P01_n778,163.5,0.5,51,3,0.7687479853630066,78.04898502812688,0.0,-0.2606866955757141,0.18110236525535583
n795,P01_n779,164.0,0.5,36,3,0.7625020146369934,78.68831668407378,0.02499898336827755,-0.2583158612251282,0.11811023950576782
n793,P01_n780,164.0,1.0,62,1,0.7625020146369934,78.68831668407378,0.0072911581955850124,-0.49611303210258484,0.33070865273475647
n794,P01_n781,164.0,1.0,74,1,0.7625020146369934,78.68831668407378,-0.03229014202952385,-0.4282408654689789,0.3779527544975281
n796,P01_n782,164.5,0.5,43,3,0.6993052363395691,85.79944333616453,0.0,-0.642691969871521,0.3937007784843445
n799,P01_n784,165.0,0.5,50,3,0.5826416015625,102.97925832809554,0.0038197834510356188,-0.24492815136909485,0.29133859276771545
n797,P01_n783,165.0,0.5,69,1,0.5826416015625,102.97925832809554,0.013196309097111225,-0.3396686315536499,0.25196850299835205
n798,P01_n785,165.0,0.5,81,1,0.5826416015625,102.97925832809554,-0.0170160923153162,-0.37937840819358826,0.3385826647281647
n802,P01_n787,165.5,0.5,47,3,0.6541595458984375,91.72074362622752,-0.0038172404747456312,-0.3579670488834381,0.25196850299835205
n800,P01_n786,165.5,0.5,67,1,0.6541595458984375,91.72074362622752,0.0243047084659338,-0.4937051236629486,0.27559053897857666
n801,P01_n788,165.5,0.5,79,1,0.6541595458984375,91.72074362622752,-0.02048746682703495,-0.3877144455909729,0.25196850299835205
n805,P01_n790,166.0,0.5,55,3,0.5826466679573059,102.97836287359763,-0.011110941879451275,-0.24494074285030365,0.25984251499176025
n803,P01_n789,166.0,0.75,62,1,0.5826466679573059,102.97836287359763,0.0243047084659338,-0.3506025969982147,0.30708661675453186
n804,P01_n791,166.0,0.75,74,1,0.5826466679573059,102.97836287359763,-0.013193766586482525,-0.19684650003910065,0.29921260476112366
n806,P01_n792,166.5,0.5,50,3,0.6999969482421875,85.71465940054496,0.0,-0.3699432611465454,0.25984251499176025
n807,P01_n793,166.75,0.25,63,1,0.5291697382926941,113.38516861070546,0.024997711181640625,-0.10604993253946304,0.30708661675453186
n808,P01_n794,166.75,0.25,75,1,0.5291697382926941,113.38516861070546,-0.024997711181640625,-0.0114131486043334,0.32283464074134827
n811,P01_n795,167.0,0.5,36,3,0.7895762324333191,75.9901293065671,0.02500406838953495,-0.3468725085258484,0.13385826349258423
n809,P01_n796,167.0,1.0,65,1,0.7895762324333191,75.9901293065671,0.0208307895809412,-0.4706439971923828,0.14173229038715363
n810,P01_n797,167.0,1.0,77,1,0.7895762324333191,75.9901293065671,-0.04583485797047615,-0.4036496579647064,0.30708661675453186
n812,P01_n798,167.5,0.5,43,3,0.6555582880973816,91.52504222643151,0.0,-0.3090018928050995,0.27559053897857666
n815,P01_n801,168.0,0.5,52,3,0.5840352177619934,102.73353074480391,-0.0170160923153162,-0.09209896624088287,0.23622047901153564
n813,P01_n799,168.0,2.0,64,1,0.5840352177619934,102.73353074480391,0.0288213100284338,-0.4116290807723999,0.34645670652389526
n814,P01_n800,168.0,2.0,76,1,0.5840352177619934,102.73353074480391,-0.011805216781795025,-0.22713610529899597,0.3385826647281647
n816,P01_n802,168.5,0.5,48,3,0.5895843505859375,101.7666088666891,0.0,0.02024618536233902,0.25196850299835205
n817,P01_n803,169.0,1.0,35,3,0.7565943598747253,79.30273232533034,0.0,-0.62796550989151,0.4173228442668915
n820,P01_n804,170.0,0.5,33,3,0.7774302363395691,77.17734298900224,0.0180536899715662,-0.75577312707901,0.4330708682537079
n818,P01_n805,170.0,0.5,72,1,0.7774302363395691,77.17734298900224,0.0170160923153162,-0.37375062704086304,0.19685038924217224
n819,P01_n806,170.0,0.5,76,1,0.7774302363395691,77.17734298900224,-0.0350697822868824,-0.5663958191871643,0.3937007784843445
n822,P01_n808,170.5,0.5,52,3,0.617706298828125,97.1335408329628,-0.0046844482421875,-0.5045244097709656,0.4409448802471161
n821,P01_n807,170.5,0.5,84,1,0.617706298828125,97.1335408329628,0.0046844482421875,-0.2403399646282196,0.35433071851730347
n824,P01_n809,171.0,0.5,60,3,0.5812530517578125,103.22526448428845,0.00208282470703125,-0.23538562655448914,0.33070865273475647
n823,P01_n810,171.0,0.5,83,1,0.5812530517578125,103.22526448428845,-0.00208282470703125,-0.4875043034553528,0.3385826647281647
n826,P01_n812,171.5,0.5,57,3,0.6385421752929688,93.96403608339806,-0.0031280517578125,-0.43319594860076904,0.26771652698516846
n825,P01_n811,171.5,0.5,80,1,0.6385421752929688,93.96403608339806,0.0031280517578125,-0.531823992729187,0.32283464074134827
n828,P01_n814,172.0,0.5,64,3,0.5333328247070312,112.50010728846291,-0.000522613525390625,-0.21209603548049927,0.31496062874794006
n827,P01_n813,172.0,0.5,83,1,0.5333328247070312,112.50010728846291,0.000522613525390625,-0.40754157304763794,0.35433071851730347
n830,P01_n815,172.5,0.5,60,3,0.5437469482421875,110.34544689210047,0.00572967529296875,-0.14525482058525085,0.31496062874794006
n829,P01_n816,172.5,0.5,81,1,0.5437469482421875,110.34544689210047,-0.00572967529296875,-0.3205387592315674,0.3385826647281647
n832,P01_n817,173.0,0.5,45,3,0.6866064667701721,87.38630191213129,0.01718902587890625,-0.5189559459686279,0.29133859276771545
n831,P01_n818,173.0,0.5,79,1,0.6866064667701721,87.38630191213129,-0.01718902587890625,-0.32552704215049744,0.21259842813014984
n833,P01_n819,173.3330078125,0.333984375,67,2,0.8140305280685425,73.70730940811586,0.0,-0.6880478858947754,0.27559053897857666
n835,P01_n820,173.5,0.5,53,3,0.5146427154541016,116.58573646973363,0.008853912353515625,-0.3412034213542938,0.4251968562602997
n834,P01_n821,173.5,0.5,81,1,0.5146427154541016,116.58573646973363,-0.008853912353515625,-0.2550467550754547,0.30708661675453186
n836,P01_n822,173.6669921875,0.3330078125,68,2,0.6256033182144165,95.90741969088448,0.0,-0.5145556330680847,0.3385826647281647
n839,P01_n825,174.0,0.5,60,3,0.6041666865348816,99.31034156173372,-0.0052083334885537624,-0.2790422737598419,0.29921260476112366
n838,P01_n824,174.0,2.0,69,2,0.6041666865348816,99.31034156173372,2.543131586207892e-06,-0.5199131965637207,0.3385826647281647
n837,P01_n823,174.0,2.0,77,1,0.6041666865348816,99.31034156173372,0.0052057900466024876,-0.5615235567092896,0.3858267664909363
n840,P01_n826,174.5,0.5,57,3,0.60833740234375,98.62947727500753,0.0,-0.34434419870376587,0.24409449100494385
n841,P01_n827,175.0,0.5,65,3,0.508331298828125,118.03325929038843,0.0,-0.12983165681362152,0.29921260476112366
n842,P01_n828,175.5,0.5,53,3,0.6097259521484375,98.40486498661127,0.0,-0.3413744568824768,0.29133859276771545
n845,P01_n829,176.0,1.0,40,3,0.8236083984375,72.85015562472209,0.018402099609375,-0.7412247061729431,0.30708661675453186
n843,P01_n830,176.0,0.5,68,1,0.8236083984375,72.85015562472209,0.01631927490234375,-0.794031023979187,0.3700787425041199
n844,P01_n831,176.0,0.5,71,1,0.8236083984375,72.85015562472209,-0.03472137451171875,-0.8720335960388184,0.4488188922405243
n846,P01_n832,176.5,0.25,88,1,0.475006103515625,126.31416639897205,0.0,-0.16048316657543182,0.4015747904777527
n847,P01_n833,176.75,0.25,87,1,0.5687332153320312,105.49761888792005,0.0,-0.25982457399368286,0.34645670652389526
n849,P01_n837,177.0,4.0,52,3,0.5489136576652527,109.30680838805101,-0.013021469116210938,-0.1673288345336914,0.30708661675453186
n850,P01_n836,177.0,2.0,56,3,0.5489136576652527,109.30680838805101,-0.0015621185302734375,-0.2684025764465332,0.28346458077430725
n851,P01_n835,177.0,2.0,62,3,0.5489136576652527,109.30680838805101,0.0026035308837890625,-0.11672917753458023,0.30708661675453186
n848,P01_n834,177.0,0.1337890625,86,1,0.5489136576652527,109.30680838805101,0.011980056762695312,0.030351225286722183,0.32283464074134827
n852,P01_n838,177.1337890625,0.1328125,85,1,0.6274701356887817,95.62208077701938,0.0,-0.1520470678806305,0.32283464074134827
n853,P01_n839,177.2666015625,0.1337890625,84,1,0.7318658828735352,81.98223390933482,0.0,-0.38464879989624023,0.32283464074134827
n854,P01_n840,177.400390625,0.1328125,83,1,0.5725528597831726,104.79381767951027,0.0,-0.019909149035811424,0.36220473051071167
n855,P01_n841,177.533203125,0.1337890625,82,1,0.5761290788650513,104.14332864120891,0.0,-0.03946166858077049,0.35433071851730347
n856,P01_n842,177.6669921875,0.1328125,81,1,0.5804228186607361,103.37291724409391,0.0,-0.03960445895791054,0.34645670652389526
n857,P01_n843,177.7998046875,0.1337890625,80,1,0.591697096824646,101.40323540877785,0.0,-0.07792830467224121,0.3385826647281647
n858,P01_n844,177.93359375,0.1328125,79,1,0.6039177179336548,99.35128282921397,0.0,-0.09685233235359192,0.3385826647281647
n859,P01_n845,178.06640625,0.1337890625,78,1,0.599509596824646,100.08180072144825,0.0,-0.09685233235359192,0.31496062874794006
n860,P01_n846,178.2001953125,0.1328125,77,1,0.6117876768112183,98.07324056073531,0.0,-0.11553134769201279,0.33070865273475647
n861,P01_n847,178.3330078125,0.1337890625,76,1,0.622890055179596,96.32518532134918,0.0,-0.1520470678806305,0.31496062874794006
n862,P01_n848,178.466796875,0.1328125,75,1,0.6196001768112183,96.83664118495078,0.0,-0.13383784890174866,0.30708661675453186
n863,P01_n849,178.599609375,0.1337890625,74,1,0.615077555179596,97.54867413830546,0.0,-0.13383784890174866,0.30708661675453186
n864,P01_n850,178.7333984375,0.1328125,73,1,0.6196001768112183,96.83664118495078,0.0,-0.13383784890174866,0.32283464074134827
n865,P01_n851,178.8662109375,0.1337890625,72,1,0.895358145236969,67.01229035462694,0.0,-0.6755343675613403,0.34645670652389526
n866,P01_n852,179.0,0.142578125,71,1,0.533336877822876,112.499252339206,0.0,-0.019909149035811424,0.4015747904777527
n868,P01_n853,179.142578125,0.1435546875,74,1,0.6313244104385376,95.03830203289958,0.0,-0.27309131622314453,0.4094488322734833
n869,P01_n854,179.2861328125,0.142578125,77,1,0.606378436088562,98.9481096772329,0.0,-0.20508041977882385,0.3858267664909363
n870,P01_n855,179.4287109375,0.142578125,80,1,0.606378436088562,98.9481096772329,0.0,-0.20508041977882385,0.3700787425041199
n871,P01_n856,179.5712890625,0.142578125,83,1,0.3799229562282562,157.92675598142122,0.0,0.46943116188049316,0.35433071851730347
n872,P01_n857,179.7138671875,0.1435546875,77,1,0.5514987111091614,108.79445190239774,0.0,-0.07806733250617981,0.32283464074134827
n873,P01_n858,179.857421875,0.142578125,74,1,0.6282641291618347,95.50123461615709,0.0,-0.25623321533203125,0.31496062874794006
n874,P01_n859,180.0,0.2001953125,71,1,0.5099466443061829,117.65936822985488,0.0,-0.38597023487091064,0.32283464074134827
n875,P01_n860,180.2001953125,0.2001953125,68,1,0.5255335569381714,114.1696837582894,0.0,-0.3183754086494446,0.30708661675453186
n876,P01_n861,180.400390625,0.19921875,65,1,0.5176164507865906,115.91594492180766,0.0,-0.16983957588672638,0.29921260476112366
n877,P01_n862,180.599609375,0.2001953125,62,1,0.551562488079071,108.78187203948957,0.0,-0.2044050544500351,0.32283464074134827
n878,P01_n863,180.7998046875,0.2001953125,59,1,0.3121951222419739,192.18749982101144,0.0,0.263034462928772,0.4488188922405243
n880,P01_n864,181.0,0.3330078125,45,3,0.8070473074913025,74.3450841642844,0.0,-0.8313344717025757,0.3779527544975281
n881,P01_n865,181.3330078125,0.333984375,52,3,0.648711621761322,92.4910206434926,0.0,-0.4715736210346222,0.3700787425041199
n882,P01_n866,181.6669921875,0.3330078125,57,3,0.6006002426147461,99.90005954507562,0.0,-0.4251241087913513,0.29921260476112366
n883,P01_n867,182.0,0.3330078125,64,3,0.5943227410316467,100.95524848308824,0.0,-0.062042444944381714,0.20472441613674164
n884,P01_n868,182.3330078125,0.333984375,57,3,0.6549707651138306,91.60714217461646,0.0,-1.5443204641342163,0.25984251499176025
n885,P01_n869,182.6669921875,0.3330078125,52,3,0.6787939667701721,88.39206436305136,0.0,-0.23018279671669006,0.21259842813014984
n886,P01_n870,183.0,0.3330078125,48,3,0.7257148027420044,82.67710645187202,0.0,-0.2881374955177307,0.18897637724876404
n887,P01_n871,183.3330078125,0.333984375,52,3,0.4584704041481018,130.86995247051524,0.0,0.019524937495589256,0.32283464074134827
n888,P01_n872,183.6669921875,0.3330078125,40,3,0.8831561803817749,67.93815333326764,0.0,-0.7318680882453918,0.28346458077430725
n891,P01_n873,184.0,0.3330078125,45,3,0.6245647072792053,96.06690756091284,0.01180267333984375,-0.5970473289489746,0.4251968562602997
n889,P01_n874,184.0,1.0,64,1,0.6245647072792053,96.06690756091284,0.0086822509765625,-0.48972123861312866,0.4015747904777527
n890,P01_n875,184.0,1.0,76,1,0.6245647072792053,96.06690756091284,-0.02048492431640625,-0.3000355362892151,0.31496062874794006
n892,P01_n876,184.3330078125,0.333984375,52,3,0.6331323385238647,94.76691735552284,0.0,-0.42691731452941895,0.35433071851730347
n893,P01_n877,184.6669921875,0.3330078125,57,3,0.6902645230293274,86.9231982786558,0.0,-0.5762864351272583,0.29921260476112366
n896,P01_n879,185.0,0.3330078125,64,3,0.5234222412109375,114.63020727050112,-0.0045115151442587376,-0.12917780876159668,0.26771652698516846
n894,P01_n878,185.0,0.5,69,1,0.5234222412109375,114.63020727050112,0.0183995570987463,-0.41069522500038147,0.35433071851730347
n895,P01_n880,185.0,0.5,81,1,0.5234222412109375,114.63020727050112,-0.013888041488826275,-0.28643712401390076,0.33070865273475647
n897,P01_n881,185.3330078125,0.333984375,57,3,0.5738989114761353,104.54802893016989,0.0,-0.40467068552970886,0.29133859276771545
n898,P01_n882,185.5,0.5,67,1,0.5988441109657288,100.1930200219231,0.019794464111328125,-0.5160913467407227,0.3385826647281647
n899,P01_n883,185.5,0.5,79,1,0.5988441109657288,100.1930200219231,-0.019794464111328125,-0.4597838819026947,0.3937007784843445
n900,P01_n884,185.6669921875,0.3330078125,52,3,0.6235184669494629,96.22810418678921,0.0,-0.17141710221767426,0.22834645211696625
n903,P01_n885,186.0,0.3330078125,48,3,0.6276957988739014,95.58770364186152,0.011805216781795025,-0.2223913073539734,0.22047244012355804
n901,P01_n886,186.0,1.0,69,1,0.6276957988739014,95.58770364186152,0.0076395669020712376,-0.35544484853744507,0.22834645211696625
n902,P01_n887,186.0,1.0,81,1,0.6276957988739014,95.58770364186152,-0.01944478414952755,-0.4701564908027649,0.3937007784843445
n904,P01_n888,186.3330078125,0.333984375,52,3,0.4772021174430847,125.73288719146584,0.0,-0.04796208441257477,0.34645670652389526
n905,P01_n889,186.6669921875,0.3330078125,40,3,0.933192789554596,64.29539605491104,0.0,-0.7861373424530029,0.32283464074134827
n908,P01_n891,187.0,0.3330078125,52,3,0.6339580416679382,94.64348751242355,-0.001739501953125,-0.44380924105644226,0.3700787425041199
n906,P01_n890,187.0,0.5,67,1,0.6339580416679382,94.64348751242355,0.0159759521484375,-0.40385979413986206,0.22834645211696625
n907,P01_n892,187.0,0.5,79,1,0.6339580416679382,94.64348751242355,-0.0142364501953125,-0.4291708767414093,0.26771652698516846
n909,P01_n893,187.3330078125,0.333984375,57,3,0.5738760828971863,104.55218781220648,0.0,-0.4150298833847046,0.32283464074134827
n910,P01_n894,187.5,0.5,67,1,0.6799159646034241,88.24619971233697,0.02187347412109375,-0.7064627408981323,0.32283464074134827
n911,P01_n895,187.5,0.5,81,1,0.6799159646034241,88.24619971233697,-0.02187347412109375,-0.6921074390411377,0.3779527544975281
n912,P01_n896,187.6669921875,0.666015625,64,3,0.5833829641342163,102.84839237471472,0.0,-0.24382568895816803,0.26771652698516846
n913,P01_n897,188.0,1.0,67,1,0.5208142399787903,115.2042232993542,0.010936737060546875,-0.31109535694122314,0.36220473051071167
n914,P01_n898,188.0,1.0,76,1,0.5208142399787903,115.2042232993542,-0.010936737060546875,-0.19094429910182953,0.32283464074134827
n916,P01_n899,188.3330078125,0.333984375,57,3,0.5707693696022034,105.12126823101401,0.0,-0.39678189158439636,0.29133859276771545
n917,P01_n900,188.6669921875,0.3330078125,52,3,0.6162252426147461,97.36699481087473,0.0,-0.18741996586322784,0.23622047901153564
n918,P01_n901,189.0,0.3330078125,48,3,0.7382239699363708,81.2761471361754,0.0,-0.29768648743629456,0.19685038924217224
n919,P01_n902,189.3330078125,0.333984375,52,3,0.5146198868751526,116.59090822223914,0.0,-0.10893439501523972,0.30708661675453186
n920,P01_n903,189.6669921875,0.3330078125,45,3,0.6850371360778809,87.58649252728787,0.0,-0.6352213025093079,0.33070865273475647
n924,P01_n905,190.0,0.3330078125,45,3,0.6443708539009094,93.11408117975914,0.009372711181640625,-0.5469304323196411,0.36220473051071167
n921,P01_n904,190.0,1.0,64,1,0.6443708539009094,93.11408117975914,0.019794464111328125,-0.481690913438797,0.32283464074134827
n922,P01_n906,190.0,1.0,72,1,0.6443708539009094,93.11408117975914,-0.004169464111328125,-0.24494782090187073,0.28346458077430725
n923,P01_n907,190.0,1.0,76,1,0.6443708539009094,93.11408117975914,-0.024997711181640625,-0.3450758159160614,0.29133859276771545
n925,P01_n908,190.3330078125,0.333984375,48,3,0.6955180764198303,86.26662919941516,0.0,-0.3332974910736084,0.30708661675453186
n926,P01_n909,190.6669921875,0.3330078125,55,3,0.6842638850212097,87.6854694708025,0.0,-0.5347384810447693,0.30708661675453186
n930,P01_n910,191.0,0.3330078125,60,3,0.5294228792190552,113.33095405416786,0.009115219116210938,-0.07209406793117523,0.28346458077430725
n927,P01_n912,191.0,0.5,69,1,0.5294228792190552,113.33095405416786,-0.0044269561767578125,-0.3169576823711395,0.33070865273475647
n928,P01_n911,191.0,0.5,72,1,0.5294228792190552,113.33095405416786,0.0039043426513671875,-0.15649305284023285,0.31496062874794006
n929,P01_n913,191.0,0.5,81,1,0.5294228792190552,113.33095405416786,-0.008592605590820312,-0.3527584671974182,0.3700787425041199
n931,P01_n914,191.3330078125,0.333984375,55,3,0.6487420797348022,92.48667825667677,0.0,-0.5007876753807068,0.29133859276771545
n932,P01_n915,191.5,0.5,67,1,0.5738913416862488,104.54940794838215,0.02083333395421505,-0.3309529721736908,0.26771652698516846
n933,P01_n916,191.5,0.5,72,1,0.5738913416862488,104.54940794838215,-2.543131586207892e-06,-0.29195886850357056,0.3937007784843445
n934,P01_n917,191.5,0.5,79,1,0.5738913416862488,104.54940794838215,-0.0208307895809412,-0.3846408724784851,0.35433071851730347
n935,P01_n918,191.6669921875,0.3330078125,52,3,0.6623613834381104,90.58499106418131,0.0,-0.266777366399765,0.22834645211696625
n939,P01_n921,192.0,0.3330078125,55,3,0.5544412136077881,108.21706346390768,-0.0023441314697265625,-0.28971579670906067,0.28346458077430725
n936,P01_n919,192.0,1.0,69,1,0.5544412136077881,108.21706346390768,0.016408920288085938,-0.3212873935699463,0.27559053897857666
n937,P01_n920,192.0,1.0,72,1,0.5544412136077881,108.21706346390768,0.013280868530273438,-0.24542540311813354,0.33070865273475647
n938,P01_n922,192.0,1.0,81,1,0.5544412136077881,108.21706346390768,-0.027345657348632812,-0.30110952258110046,0.34645670652389526
n940,P01_n923,192.3330078125,0.333984375,52,3,0.523985743522644,114.50693218604162,0.0,-0.125556081533432,0.29921260476112366
n941,P01_n924,192.6669921875,0.3330078125,43,3,0.8390991687774658,71.50525495981317,0.0,-0.829026997089386,0.36220473051071167
n945,P01_n927,193.0,0.3330078125,52,3,0.5966825485229492,100.55598265531026,0.003387451171875,-0.3758816421031952,0.34645670652389526
n942,P01_n925,193.0,0.5,67,1,0.5966825485229492,100.55598265531026,0.0085906982421875,-0.3871389925479889,0.26771652698516846
n943,P01_n926,193.0,0.5,72,1,0.5966825485229492,100.55598265531026,0.0085906982421875,-0.32903608679771423,0.35433071851730347
n944,P01_n928,193.0,0.5,79,1,0.5966825485229492,100.55598265531026,-0.02056884765625,-0.4070386290550232,0.35433071851730347
n946,P01_n929,193.3330078125,0.333984375,55,3,0.6008924245834351,99.85148346909952,0.0,-0.4199966788291931,0.30708661675453186
n947,P01_n930,193.5,0.5,67,1,0.7027899622917175,85.37401388652006,0.02743021585047245,-0.6769568920135498,0.30708661675453186
n948,P01_n931,193.5,0.5,72,1,0.7027899622917175,85.37401388652006,-0.010068257339298725,-0.479192852973938,0.32283464074134827
n949,P01_n932,193.5,0.5,81,1,0.7027899622917175,85.37401388652006,-0.0173619594424963,-0.6769568920135498,0.33070865273475647
n950,P01_n933,193.6669921875,0.666015625,64,3,0.5640960931777954,106.36485649456327,0.0,-0.24186591804027557,0.29133859276771545
n951,P01_n934,194.0,1.0,67,1,0.5494944453239441,109.19127665545032,0.0076421103440225124,-0.31855350732803345,0.28346458077430725
n952,P01_n935,194.0,1.0,72,1,0.5494944453239441,109.19127665545032,-0.0006968180532567203,-0.166550412774086,0.29921260476112366
n953,P01_n936,194.0,1.0,76,1,0.5494944453239441,109.19127665545032,-0.0069452919997274876,-0.2584325671195984,0.32283464074134827
n955,P01_n937,194.3330078125,0.333984375,55,3,0.6113166809082031,98.14880220651095,0.0,-0.29280686378479004,0.23622047901153564
n956,P01_n938,194.6669921875,0.666015625,52,3,0.641243577003479,93.56818867547811,0.0,-0.21593858301639557,0.22834645211696625
n958,P01_n939,195.3330078125,0.333984375,52,3,0.508383572101593,118.02112281474326,0.0,-0.08194597065448761,0.29133859276771545
n959,P01_n940,195.6669921875,0.3330078125,43,3,0.731961727142334,81.97149902119496,0.0,-0.6319539546966553,0.30708661675453186
n962,P01_n941,196.0,0.3330078125,41,3,0.6568991541862488,91.33822081766354,0.0187505092471838,-0.5343531370162964,0.35433071851730347
n960,P01_n942,196.0,1.0,65,1,0.6568991541862488,91.33822081766354,0.009373982436954975,-0.36399635672569275,0.25196850299835205
n961,P01_n943,196.0,1.0,69,1,0.6568991541862488,91.33822081766354,-0.0281244907528162,-0.40581658482551575,0.29921260476112366
n963,P01_n944,196.3330078125,0.333984375,48,3,0.6736796498298645,89.06310293795099,0.0,-0.26302462816238403,0.31496062874794006
n964,P01_n945,196.6669921875,0.3330078125,53,3,0.7330080270767212,81.85449242525146,0.0,-0.4630284905433655,0.26771652698516846
n967,P01_n947,197.0,0.3330078125,60,3,0.5714045763015747,105.00440928973822,-0.0017369588604196906,-0.07015945762395859,0.26771652698516846
n965,P01_n946,197.0,0.5,64,1,0.5714045763015747,105.00440928973822,0.009722392074763775,-0.33792388439178467,0.31496062874794006
n966,P01_n948,197.0,0.5,72,1,0.5714045763015747,105.00440928973822,-0.007985432632267475,-0.09947499632835388,0.27559053897857666
n968,P01_n949,197.3330078125,0.333984375,53,3,0.6611841917037964,90.7462712400713,0.0,-0.3016026020050049,0.22834645211696625
n969,P01_n950,197.5,0.5,62,1,0.5177266001701355,115.89128312179204,0.02083587646484375,-0.07450989633798599,0.26771652698516846
n970,P01_n951,197.5,0.5,71,1,0.5177266001701355,115.89128312179204,-0.02083587646484375,-0.20226550102233887,0.33070865273475647
n971,P01_n952,197.6669921875,0.3330078125,48,3,0.7585570812225342,79.09754122036611,0.0,-0.20760267972946167,0.19685038924217224
n972,P01_n953,198.0,1.0,60,1,0.5552259087562561,108.06412138512069,0.016147613525390625,-0.1662536859512329,0.27559053897857666
n973,P01_n954,198.0,1.0,69,1,0.5552259087562561,108.06412138512069,-0.016147613525390625,-0.2865478992462158,0.32283464074134827
n974,P01_n955,198.3330078125,0.333984375,48,3,0.5863715410232544,102.324201981727,0.0,-0.06277697533369064,0.27559053897857666
n975,P01_n956,198.6669921875,0.3330078125,41,3,0.7267457842826843,82.55981843667858,0.0,-0.5024892091751099,0.28346458077430725
n978,P01_n957,199.0,0.3330078125,41,3,0.7152675986289978,83.88468891224221,0.0097198486328125,-0.6179049611091614,0.3858267664909363
n976,P01_n958,199.0,0.5,62,1,0.7152675986289978,83.88468891224221,0.0086822509765625,-0.41221827268600464,0.21259842813014984
n977,P01_n959,199.0,0.5,65,1,0.7152675986289978,83.88468891224221,-0.018402099609375,-0.4986329972743988,0.32283464074134827
n979,P01_n960,199.3330078125,0.333984375,50,3,0.7298519611358643,82.20845211763542,0.0,-0.4525664448738098,0.32283464074134827
n980,P01_n961,199.5,0.5,62,1,0.648711621761322,92.4910206434926,0.01041412353515625,-0.3636765480041504,0.27559053897857666
n981,P01_n962,199.5,0.5,70,1,0.648711621761322,92.4910206434926,-0.01041412353515625,-0.6101143956184387,0.4015747904777527
n982,P01_n963,199.6669921875,0.3330078125,53,3,0.6329118013381958,94.79993874839926,0.0,-0.34771183133125305,0.26771652698516846
n985,P01_n966,200.0,0.3330078125,62,3,0.5526179075241089,108.57411456103131,-0.007985432632267475,-0.10732074081897736,0.29921260476112366
n983,P01_n964,200.0,0.5,64,1,0.5526179075241089,108.57411456103131,0.011805216781795025,-0.30305200815200806,0.33070865273475647
n984,P01_n965,200.0,0.5,72,1,0.5526179075241089,108.57411456103131,-0.0038197834510356188,-0.09124286472797394,0.28346458077430725
n986,P01_n967,200.3330078125,0.333984375,53,3,0.7048839330673218,85.12039668560519,0.0,-0.4982726573944092,0.25984251499176025
n987,P01_n968,200.5,0.5,65,1,0.5551671981811523,108.07554948594398,0.014583587646484375,-0.21868111193180084,0.26771652698516846
n988,P01_n969,200.5,0.5,74,1,0.5551671981811523,108.07554948594398,-0.014583587646484375,-0.11537040024995804,0.31496062874794006
n989,P01_n970,200.6669921875,0.3330078125,46,3,0.6756628751754761,88.80168232480943,0.0,-0.4420110285282135,0.25196850299835205
n992,P01_n973,201.0,0.3330078125,53,3,0.5630422234535217,106.56394405374984,-0.011456807143986225,-0.17895051836967468,0.25984251499176025
n990,P01_n971,201.0,0.5,67,1,0.5630422234535217,106.56394405374984,0.01874796487390995,-0.3434959948062897,0.27559053897857666
n991,P01_n972,201.0,0.5,76,1,0.5630422234535217,106.56394405374984,-0.0072911581955850124,-0.2773056924343109,0.35433071851730347
n993,P01_n974,201.3330078125,0.333984375,50,3,0.7516675591468811,79.82252163190081,0.0,-0.4453042149543762,0.24409449100494385
n994,P01_n975,201.5,0.5,69,1,0.3150356411933899,190.45464117238723,0.016147613525390625,0.4390026032924652,0.35433071851730347
n995,P01_n976,201.5,0.5,77,1,0.3150356411933899,190.45464117238723,-0.016147613525390625,0.5733036398887634,0.30708661675453186
n996,P01_n977,201.6669921875,0.3330078125,41,3,0.7593303322792053,79.01699359210905,0.0,-0.5310006737709045,0.25984251499176025
n1000,P01_n978,202.0,0.3330078125,39,3,0.695215106010437,86.30422365865456,0.020570755004882812,-0.5014292001724243,0.36220473051071167
n997,P01_n979,202.0,0.5,63,1,0.695215106010437,86.30422365865456,0.018487930297851562,-0.25313901901245117,0.15748031437397003
n998,P01_n980,202.0,0.5,72,1,0.695215106010437,86.30422365865456,-0.011716842651367188,-0.10165119171142578,0.17322835326194763
n999,P01_n981,202.0,0.5,75,1,0.695215106010437,86.30422365865456,-0.027341842651367188,-0.37119466066360474,0.30708661675453186
n1001,P01_n982,202.3330078125,0.333984375,48,3,0.7266767024993896,82.56766701564977,0.0,-0.3172342777252197,0.29921260476112366
n1002,P01_n983,202.5,0.5,60,1,0.683045506477356,87.84187792909387,0.015102386474609375,-0.4203062057495117,0.33070865273475647
n1003,P01_n984,202.5,0.5,72,1,0.683045506477356,87.84187792909387,-0.015102386474609375,-0.4085769057273865,0.35433071851730347
n1004,P01_n985,202.6669921875,0.3330078125,51,3,0.6767014861106873,88.6653882568626,0.0,-0.33925753831863403,0.25984251499176025
n1007,P01_n987,203.0,0.3330078125,60,3,0.558887779712677,107.35607787102784,-0.0017344156512990594,-0.04652074724435806,0.29133859276771545
n1005,P01_n986,203.0,0.5,62,1,0.558887779712677,107.35607787102784,0.011807759292423725,-0.1606305092573166,0.23622047901153564
n1006,P01_n988,203.0,0.5,74,1,0.558887779712677,107.35607787102784,-0.010073344223201275,-0.1308831125497818,0.30708661675453186
n1008,P01_n989,203.3330078125,0.333984375,51,3,0.648734450340271,92.48776593955985,0.0,-0.08573326468467712,0.19685038924217224
n1009,P01_n990,203.5,0.5,63,1,0.6798930764198303,88.24917046654895,0.012500762939453125,-0.361585795879364,0.24409449100494385
n1010,P01_n991,203.5,0.5,75,1,0.6798930764198303,88.24917046654895,-0.012500762939453125,-0.45545265078544617,0.33070865273475647
n1011,P01_n992,203.6669921875,0.3330078125,48,3,0.7246761918067932,82.79559985323303,0.0,-0.06802435219287872,0.18110236525535583
n1014,P01_n994,204.0,0.3330078125,51,3,0.4608764052391052,130.18674707131441,-0.0034739177208393812,0.20642055571079254,0.23622047901153564
n1012,P01_n993,204.0,0.5,65,1,0.4608764052391052,130.18674707131441,0.012151082046329975,-0.08198327571153641,0.3779527544975281
n1013,P01_n995,204.0,0.5,77,1,0.4608764052391052,130.18674707131441,-0.008677165023982525,-0.03445494547486305,0.3779527544975281
n1015,P01_n996,204.3330078125,0.333984375,39,3,0.9169408082962036,65.43497623525762,0.0,-0.61468106508255,0.20472441613674164
n1016,P01_n997,204.5,0.5,67,1,0.4927814304828644,121.7578347893659,0.03125,0.038902170956134796,0.24409449100494385
n1017,P01_n998,204.5,0.5,79,1,0.4927814304828644,121.7578347893659,-0.03125,0.05660407245159149,0.33070865273475647
n1018,P01_n999,204.6669921875,0.3330078125,36,3,0.8516140580177307,70.45444991791199,0.0,-0.4377385377883911,0.25984251499176025
n1022,P01_n1000,205.0,0.3330078125,38,3,0.6091859936714172,98.49208718407075,0.023180007934570312,-0.33868667483329773,0.3385826647281647
n1019,P01_n1001,205.0,0.5,68,1,0.6091859936714172,98.49208718407075,0.017969131469726562,-0.13114939630031586,0.17322835326194763
n1020,P01_n1002,205.0,0.5,77,1,0.6091859936714172,98.49208718407075,-0.013280868530273438,-0.18061794340610504,0.23622047901153564
n1021,P01_n1003,205.0,0.5,80,1,0.6091859936714172,98.49208718407075,-0.027868270874023438,-0.3780640661716461,0.31496062874794006
n1023,P01_n1004,205.3330078125,0.333984375,48,3,0.7516447305679321,79.8249459617243,0.0,-0.42905017733573914,0.35433071851730347
n1024,P01_n1005,205.5,0.5,64,1,0.7267452478408813,82.55987937761763,0.02135467529296875,-0.6262332797050476,0.31496062874794006
n1025,P01_n1006,205.5,0.5,76,1,0.7267452478408813,82.55987937761763,-0.02135467529296875,-0.582226037979126,0.36220473051071167
n1026,P01_n1007,205.6669921875,0.3330078125,53,3,0.6521833539009094,91.9986682289904,0.0,-0.4750494062900543,0.32283464074134827
n1029,P01_n1008,206.0,0.3330078125,56,3,0.5677579641342163,105.67883462717253,0.005725860595703125,-0.284697949886322,0.27559053897857666
n1030,P01_n1010,206.0,0.3330078125,60,3,0.5677579641342163,105.67883462717253,0.002605438232421875,-0.012013393454253674,0.22834645211696625
n1027,P01_n1009,206.0,0.5,65,1,0.5677579641342163,105.67883462717253,0.004688262939453125,-0.3220541775226593,0.31496062874794006
n1028,P01_n1011,206.0,0.5,77,1,0.5677579641342163,105.67883462717253,-0.013019561767578125,-0.3023359775543213,0.33070865273475647
n1031,P01_n1012,206.3330078125,0.333984375,53,3,0.5800895690917969,103.43230286649964,0.0,-0.10446235537528992,0.22047244012355804
n1032,P01_n1013,206.5,0.5,67,1,0.5801352262496948,103.42416265233913,0.0114593505859375,-0.32693585753440857,0.27559053897857666
n1033,P01_n1014,206.5,0.5,79,1,0.5801352262496948,103.42416265233913,-0.0114593505859375,-0.38664212822914124,0.35433071851730347
n1034,P01_n1015,206.6669921875,0.666015625,48,3,0.7288306355476379,82.32365253817362,0.0,-0.1126299798488617,0.18897637724876404
n1035,P01_n1016,207.0,0.5,68,1,0.5129902958869934,116.96127681373801,0.015625,-0.307269424200058,0.3779527544975281
n1036,P01_n1017,207.0,0.5,80,1,0.5129902958869934,116.96127681373801,-0.015625,-0.2856825590133667,0.3858267664909363
n1038,P01_n1018,207.3330078125,0.1669921875,41,3,0.6903325915336609,86.91462743588917,0.0,-0.3638419508934021,0.25984251499176025
n1041,P01_n1020,207.5,0.5,38,3,0.6626815795898438,90.54122198045107,0.01735687255859375,-0.4003888964653015,0.32283464074134827
n1039,P01_n1019,207.5,0.5,70,1,0.6626815795898438,90.54122198045107,0.02361297607421875,-0.34173473715782166,0.28346458077430725
n1040,P01_n1021,207.5,0.5,82,1,0.6626815795898438,90.54122198045107,-0.0409698486328125,-0.41846054792404175,0.34645670652389526
n1045,P01_n1022,208.0,0.3330078125,37,3,0.6138539910316467,97.74311298223155,0.021610260009765625,-0.32186535000801086,0.31496062874794006
n1042,P01_n1023,208.0,0.5,71,1,0.6138539910316467,97.74311298223155,0.020572662353515625,-0.36365434527397156,0.31496062874794006
n1043,P01_n1024,208.0,0.5,77,1,0.6138539910316467,97.74311298223155,-0.008586883544921875,-0.3263411223888397,0.29921260476112366
n1044,P01_n1025,208.0,0.5,83,1,0.6138539910316467,97.74311298223155,-0.033596038818359375,-0.4817589223384857,0.3700787425041199
n1046,P01_n1026,208.3330078125,0.333984375,44,3,0.835914671421051,71.77766110744328,0.0,-0.9472296237945557,0.4173228442668915
n1047,P01_n1027,208.5,0.5,72,1,0.5863258242607117,102.33218036345744,0.035419464111328125,-0.13104060292243958,0.24409449100494385
n1048,P01_n1028,208.5,0.5,77,1,0.5863258242607117,102.33218036345744,0.003131866455078125,-0.3037751317024231,0.28346458077430725
n1049,P01_n1029,208.5,0.5,80,1,0.5863258242607117,102.33218036345744,-0.009380340576171875,-0.4501645863056183,0.4015747904777527
n1050,P01_n1030,208.5,0.5,84,1,0.5863258242607117,102.33218036345744,-0.029170989990234375,-0.20592783391475677,0.34645670652389526
n1051,P01_n1031,208.6669921875,0.3330078125,53,3,0.6324963569641113,94.86220646074722,0.0,-0.5721847414970398,0.4015747904777527
n1056,P01_n1032,209.0,0.3330078125,56,3,0.5405241847038269,111.00335877269988,0.01583251915872097,-0.39952656626701355,0.3937007784843445
n1052,P01_n1034,209.0,0.5,73,1,0.5405241847038269,111.00335877269988,0.00957641564309597,-0.2184217870235443,0.33070865273475647
n1053,P01_n1033,209.0,0.5,77,1,0.5405241847038269,111.00335877269988,0.01166686974465847,-0.38269710540771484,0.36220473051071167
n1054,P01_n1035,209.0,0.5,80,1,0.5405241847038269,111.00335877269988,-0.01228942908346653,-0.38269710540771484,0.3700787425041199
n1055,P01_n1036,209.0,0.5,85,1,0.5405241847038269,111.00335877269988,-0.02478637732565403,-0.19914273917675018,0.34645670652389526
n1057,P01_n1037,209.3330078125,0.333984375,60,3,0.7630969882011414,78.62696476032332,0.0,-0.6492792367935181,0.4015747904777527
n1058,P01_n1038,209.5,0.5,76,1,0.5218993425369263,114.96469742296098,0.014928181655704975,-0.2822335958480835,0.33070865273475647
n1059,P01_n1039,209.5,0.5,83,1,0.5218993425369263,114.96469742296098,0.0055592856369912624,-0.46093952655792236,0.4015747904777527
n1060,P01_n1040,209.5,0.5,88,1,0.5218993425369263,114.96469742296098,-0.02048746682703495,-0.22726719081401825,0.35433071851730347
n1061,P01_n1041,209.6669921875,0.3330078125,65,3,0.6326521039009094,94.83885318651787,0.0,-0.6487755179405212,0.4173228442668915
n1065,P01_n1045,210.0,0.3330078125,68,3,0.5747800469398499,104.38775722894734,-0.013275146484375,-0.26421263813972473,0.24409449100494385
n1062,P01_n1043,210.0,0.5,77,1,0.5747800469398499,104.38775722894734,0.0085906982421875,-0.4713479280471802,0.33070865273475647
n1063,P01_n1042,210.0,0.5,80,1,0.5747800469398499,104.38775722894734,0.0148468017578125,-0.5844106078147888,0.4094488322734833
n1064,P01_n1044,210.0,0.5,89,1,0.5747800469398499,104.38775722894734,-0.010162353515625,-0.44263654947280884,0.3700787425041199
n1066,P01_n1046,210.3330078125,0.333984375,72,3,0.5509868264198303,108.89552548808555,0.0,0.02702021412551403,0.25984251499176025
n1067,P01_n1047,210.5,0.5,79,1,0.6653874516487122,90.17302603367501,0.0180511474609375,-0.772262692451477,0.35433071851730347
n1068,P01_n1048,210.5,0.5,83,1,0.6653874516487122,90.17302603367501,-0.0069427490234375,-0.8597254753112793,0.4173228442668915
n1069,P01_n1049,210.5,0.5,91,1,0.6653874516487122,90.17302603367501,-0.0111083984375,-0.7044472694396973,0.33070865273475647
n1070,P01_n1050,210.6669921875,0.3330078125,77,3,0.3459585905075073,173.43116097213374,0.0,0.37068167328834534,0.28346458077430725
n1075,P01_n1051,211.0,0.3330078125,38,3,0.6268694996833801,95.71370122538241,0.07979126274585724,0.2419876903295517,0.7165354490280151
n1071,P01_n1052,211.0,0.5,80,1,0.6268694996833801,95.71370122538241,0.02041931077837944,-0.4452250599861145,0.31496062874794006
n1072,P01_n1053,211.0,0.5,84,1,0.6268694996833801,95.71370122538241,-0.014996337704360485,-0.3262370526790619,0.3858267664909363
n1073,P01_n1054,211.0,0.5,89,1,0.6268694996833801,95.71370122538241,-0.03687744215130806,-0.41294869780540466,0.3700787425041199
n1074,P01_n1055,211.0,0.5,92,1,0.6268694996833801,95.71370122538241,-0.04833679273724556,-0.4322277307510376,0.34645670652389526
n1076,P01_n1056,211.3330078125,0.333984375,45,3,0.7828261852264404,76.64536666290026,0.0,-0.8946914672851562,0.4566929042339325
n1077,P01_n1057,211.5,0.5,81,1,0.5832191109657288,102.87728723540702,0.027606964111328125,-0.46366453170776367,0.3700787425041199
n1078,P01_n1058,211.5,0.5,84,1,0.5832191109657288,102.87728723540702,0.004688262939453125,-0.2710195481777191,0.3385826647281647
n1079,P01_n1059,211.5,0.5,89,1,0.5832191109657288,102.87728723540702,-0.003643035888671875,-0.4779488444328308,0.3937007784843445
n1080,P01_n1060,211.5,0.5,93,1,0.5832191109657288,102.87728723540702,-0.028652191162109375,-0.4285607635974884,0.34645670652389526
n1081,P01_n1061,211.6669921875,0.3330078125,53,3,0.6021581888198853,99.64159105365404,0.0,-0.600048303604126,0.4094488322734833
n1085,P01_n1063,212.0,0.3330078125,60,3,0.555237352848053,108.06189405708028,0.01302337646484375,-0.1770743727684021,0.3779527544975281
n1082,P01_n1062,212.0,0.5,84,1,0.555237352848053,108.06189405708028,0.02864837646484375,-0.22517713904380798,0.33070865273475647
n1083,P01_n1064,212.0,0.5,89,1,0.555237352848053,108.06189405708028,-0.01406097412109375,-0.28988274931907654,0.36220473051071167
n1084,P01_n1065,212.0,0.5,96,1,0.555237352848053,108.06189405708028,-0.02761077880859375,-0.20008617639541626,0.3858267664909363
n1086,P01_n1066,212.3330078125,0.333984375,62,3,0.7516675591468811,79.82252163190081,0.0,-0.6840910911560059,0.3779527544975281
n1087,P01_n1068,212.5,0.5,83,1,0.4958653151988983,121.00059867251088,0.013019561767578125,-0.36352938413619995,0.3779527544975281
n1088,P01_n1067,212.5,0.5,86,1,0.4958653151988983,121.00059867251088,0.014057159423828125,-0.22957484424114227,0.34645670652389526
n1089,P01_n1069,212.5,0.5,89,1,0.4958653151988983,121.00059867251088,-0.010936737060546875,-0.2582862079143524,0.34645670652389526
n1090,P01_n1070,212.5,0.5,95,1,0.4958653151988983,121.00059867251088,-0.016139984130859375,-0.37134888768196106,0.4015747904777527
n1091,P01_n1071,212.6669921875,0.3330078125,65,3,0.6200054883956909,96.7733368865078,0.0,-0.5015884637832642,0.35433071851730347
n1096,P01_n1072,213.0,0.3330078125,67,3,0.5530150532722473,108.49614245575015,0.008544921875,-0.4106266498565674,0.32283464074134827
n1092,P01_n1074,213.0,1.0,81,1,0.5530150532722473,108.49614245575015,0.0054168701171875,-0.4635666012763977,0.31496062874794006
n1093,P01_n1073,213.0,1.0,86,1,0.5530150532722473,108.49614245575015,0.008544921875,-0.34837764501571655,0.34645670652389526
n1094,P01_n1075,213.0,1.0,89,1,0.5530150532722473,108.49614245575015,0.002288818359375,-0.43757134675979614,0.36220473051071167
n1095,P01_n1076,213.0,1.0,93,1,0.5530150532722473,108.49614245575015,-0.0247955322265625,-0.4412563443183899,0.3700787425041199
n1097,P01_n1077,213.3330078125,0.333984375,69,3,0.5146198868751526,116.59090822223914,0.0,-0.3439543545246124,0.33070865273475647
n1098,P01_n1078,213.6669921875,0.3330078125,65,3,0.6143786907196045,97.65963713637868,0.0,-0.44779348373413086,0.30708661675453186
n1103,P01_n1081,214.0,0.3330078125,64,3,0.5399010181427002,111.13148148229925,0.007708740420639515,-0.2513762414455414,0.29921260476112366
n1099,P01_n1079,214.0,0.5,79,1,0.5399010181427002,111.13148148229925,0.015002441592514515,-0.40294763445854187,0.35433071851730347
n1100,P01_n1080,214.0,0.5,84,1,0.5399010181427002,111.13148148229925,0.011874389834702015,-0.2897370159626007,0.35433071851730347
n1101,P01_n1082,214.0,0.5,88,1,0.5399010181427002,111.13148148229925,-0.006878661923110485,-0.3738012909889221,0.3937007784843445
n1102,P01_n1083,214.0,0.5,91,1,0.5399010181427002,111.13148148229925,-0.02770690992474556,-0.32417047023773193,0.35433071851730347
n1104,P01_n1084,214.3330078125,0.333984375,62,3,0.6029788255691528,99.5059817289038,0.0,-0.29114148020744324,0.29921260476112366
n1105,P01_n1085,214.5,0.5,77,1,0.5509868264198303,108.89552548808555,0.0142364501953125,-0.3959287106990814,0.3779527544975281
n1106,P01_n1086,214.5,0.5,84,1,0.5509868264198303,108.89552548808555,-0.0003509521484375,-0.12216779589653015,0.29921260476112366
n1107,P01_n1087,214.5,0.5,89,1,0.5509868264198303,108.89552548808555,-0.013885498046875,-0.292092889547348,0.32283464074134827
n1108,P01_n1088,214.6669921875,0.3330078125,60,3,0.6396856904029846,93.79606406734162,0.0,-0.24968889355659485,0.28346458077430725
n1112,P01_n1090,215.0,0.3330078125,57,3,0.5583531856536865,107.45886571732476,0.00885772705078125,-0.3817363679409027,0.30708661675453186
n1109,P01_n1089,215.0,0.5,74,1,0.5583531856536865,107.45886571732476,0.02031707763671875,-0.3314308822154999,0.33070865273475647
n1110,P01_n1091,215.0,0.5,79,1,0.5583531856536865,107.45886571732476,-0.01198577880859375,-0.36570075154304504,0.32283464074134827
n1111,P01_n1092,215.0,0.5,86,1,0.5583531856536865,107.45886571732476,-0.01718902587890625,-0.2523593008518219,0.3385826647281647
n1113,P01_n1093,215.3330078125,0.333984375,55,3,0.6029788255691528,99.5059817289038,0.0,-0.44517526030540466,0.31496062874794006
n1114,P01_n1094,215.5,0.5,72,1,0.6259137392044067,95.8598545484326,0.02569580078125,-0.1756438910961151,0.22047244012355804
n1115,P01_n1095,215.5,0.5,77,1,0.6259137392044067,95.8598545484326,-0.0013885498046875,-0.44302377104759216,0.31496062874794006
n1116,P01_n1096,215.5,0.5,84,1,0.6259137392044067,95.8598545484326,-0.0243072509765625,-0.2253018170595169,0.33070865273475647
n1117,P01_n1097,215.6669921875,0.3330078125,53,3,0.6468658447265625,92.75493595640789,0.0,-0.317017525434494,0.23622047901153564
n1122,P01_n1100,216.0,0.3330078125,55,3,0.5605663657188416,107.03460583665073,-0.005413818173110485,-0.17259256541728973,0.22047244012355804
n1118,P01_n1099,216.0,0.5,69,1,0.5605663657188416,107.03460583665073,0.014376831240952015,-0.4352230429649353,0.35433071851730347
n1119,P01_n1098,216.0,0.5,72,1,0.5605663657188416,107.03460583665073,0.01854247972369194,-0.27094772458076477,0.34645670652389526
n1120,P01_n1101,216.0,0.5,76,1,0.5605663657188416,107.03460583665073,-0.007504272274672985,-0.3169601857662201,0.35433071851730347
n1121,P01_n1102,216.0,0.5,81,1,0.5605663657188416,107.03460583665073,-0.02000122144818306,-0.33713802695274353,0.30708661675453186
n1123,P01_n1103,216.3330078125,0.333984375,53,3,0.6440515518188477,93.16024444092356,0.0,-0.34126296639442444,0.24409449100494385
n1124,P01_n1104,216.5,0.5,67,1,0.3477247953414917,172.5502489434943,0.01796722412109375,0.3175313472747803,0.32283464074134827
n1125,P01_n1107,216.5,0.5,71,1,0.3477247953414917,172.5502489434943,-0.01535797119140625,0.28951698541641235,0.34645670652389526
n1126,P01_n1105,216.5,0.5,74,1,0.3477247953414917,172.5502489434943,0.00234222412109375,0.3984513580799103,0.33070865273475647
n1127,P01_n1106,216.5,0.5,77,1,0.3477247953414917,172.5502489434943,-0.00495147705078125,0.3786427974700928,0.30708661675453186
n1128,P01_n1108,216.6669921875,0.3330078125,43,3,0.6913031339645386,86.79260522935483,0.0,-0.46598079800605774,0.25984251499176025
n1133,P01_n1109,217.0,0.3330078125,36,3,0.6506597995758057,92.21408797518563,0.0343780517578125,-0.3517657220363617,0.33070865273475647
n1129,P01_n1110,217.0,1.5,64,1,0.6506597995758057,92.21408797518563,0.024993896484375,-0.2497766762971878,0.18110236525535583
n1130,P01_n1112,217.0,1.5,67,1,0.6506597995758057,92.21408797518563,-0.015625,-0.4001533091068268,0.35433071851730347
n1131,P01_n1111,217.0,1.5,72,1,0.6506597995758057,92.21408797518563,-0.0052032470703125,-0.3230065405368805,0.35433071851730347
n1132,P01_n1113,217.0,1.5,76,1,0.6506597995758057,92.21408797518563,-0.038543701171875,-0.2868659496307373,0.29133859276771545
n1134,P01_n1114,217.3330078125,0.333984375,43,3,0.6299799084663391,95.24113260384382,0.0,-0.539179801940918,0.4330708682537079
n1135,P01_n1115,217.6669921875,0.3330078125,48,3,0.7632423043251038,78.61199472303221,0.0,-0.3761426508426666,0.32283464074134827
n1136,P01_n1116,218.0,0.3330078125,60,3,0.6443823575973511,93.11241888079688,0.0,-0.007027233485132456,0.25196850299835205
n1137,P01_n1117,218.3330078125,0.333984375,62,3,1.1415387392044067,52.56063411550701,0.0,-0.9458673000335693,0.28346458077430725
n1138,P01_n1118,218.5,0.5,84,1,0.5676169395446777,105.70509056359361,0.0,-0.13568392395973206,0.30708661675453186
n1139,P01_n1119,218.6669921875,0.3330078125,64,3,0.516144335269928,116.24655333787942,0.0,0.059899792075157166,0.22834645211696625
n1141,P01_n1121,219.0,1.0,56,3,0.6458333134651184,92.90322866449752,-0.0020853679161518812,-0.3692338168621063,0.19685038924217224
n1142,P01_n1122,219.0,1.0,65,3,0.6458333134651184,92.90322866449752,-0.01874796487390995,-0.3782789707183838,0.28346458077430725
n1140,P01_n1120,219.0,0.5,72,1,0.6458333134651184,92.90322866449752,0.02083333395421505,-0.3513118326663971,0.28346458077430725
n1143,P01_n1123,219.5,0.5,74,1,0.4885406494140625,122.81475466158604,0.0,0.003075867425650358,0.31496062874794006
n1147,P01_n1124,220.0,0.3330078125,36,3,0.7272956371307373,82.49740124484552,0.04843902587890625,-0.2761698365211487,0.4488188922405243
n1144,P01_n1125,220.0,1.3330078125,64,1,0.7272956371307373,82.49740124484552,0.01509857177734375,-0.4422294497489929,0.20472441613674164
n1145,P01_n1126,220.0,1.0,67,1,0.7272956371307373,82.49740124484552,-0.01822662353515625,-0.49040231108665466,0.29921260476112366
n1146,P01_n1127,220.0,1.3330078125,76,1,0.7272956371307373,82.49740124484552,-0.04531097412109375,-0.4763273000717163,0.4094488322734833
n1148,P01_n1128,220.3330078125,0.333984375,43,3,0.6674433350563049,89.89527177605041,0.0,-0.6225193738937378,0.4566929042339325
n1149,P01_n1129,220.6669921875,0.3330078125,48,3,0.6913031339645386,86.79260522935483,0.0,-0.26434701681137085,0.28346458077430725
n1152,P01_n1130,221.0,0.5,60,3,0.850806474685669,70.52132510177128,0.0,-0.5189753770828247,0.33070865273475647
n1153,P01_n1131,221.3330078125,0.333984375,79,1,0.6300255656242371,95.23423059912064,0.0,-0.5497009754180908,0.3700787425041199
n1154,P01_n1132,221.5,0.5,64,3,0.5240314602851868,114.49694254491321,0.0,0.008377733640372753,0.24409449100494385
n1155,P01_n1133,221.6669921875,0.3330078125,81,1,0.5171523690223694,116.01996547637337,0.0,-0.346811980009079,0.3385826647281647
n1157,P01_n1135,222.0,1.0,56,3,0.6451314091682434,93.00430756790612,0.00034077963209711015,-0.35569238662719727,0.18897637724876404
n1158,P01_n1136,222.0,1.0,65,3,0.6451314091682434,93.00430756790612,-0.01839701272547245,-0.3767101764678955,0.28346458077430725
n1156,P01_n1134,222.0,0.5,72,1,0.6451314091682434,93.00430756790612,0.01805623434484005,-0.37368878722190857,0.32283464074134827
n1159,P01_n1137,222.5,0.5,74,1,0.443756103515625,135.2094078811636,0.0,0.06617044657468796,0.3385826647281647
n1161,P01_n1138,223.0,0.3330078125,36,3,0.8414589166641235,71.30472897935857,0.0291595458984375,-0.3779963254928589,0.4881889820098877
n1160,P01_n1139,223.0,1.5,75,1,0.8414589166641235,71.30472897935857,-0.0291595458984375,-0.43224629759788513,0.23622047901153564
n1162,P01_n1140,223.3330078125,0.333984375,43,3,0.648711621761322,92.4910206434926,0.0,-0.5918678641319275,0.4566929042339325
n1163,P01_n1141,223.6669921875,0.3330078125,48,3,0.7382239699363708,81.2761471361754,0.0,-0.4647965431213379,0.3385826647281647
n1164,P01_n1142,224.0,0.3330078125,60,3,0.6474981904029846,92.66435163727283,0.0,-0.013986405916512012,0.27559053897857666
n1165,P01_n1143,224.3330078125,0.333984375,62,3,1.0417580604553223,57.59494673242628,0.0,-0.8215208649635315,0.29921260476112366
n1166,P01_n1144,224.5,0.5,79,1,0.5738304257392883,104.56050656899141,0.0,-0.4261067807674408,0.3385826647281647
n1167,P01_n1145,224.6669921875,0.3330078125,63,3,0.5943609476089478,100.94875890041861,0.0,-0.24800162017345428,0.28346458077430725
n1169,P01_n1147,225.0,0.3330078125,56,3,0.5630345940589905,106.56538804738818,0.0020802814979106188,-0.19719327986240387,0.21259842813014984
n1170,P01_n1148,225.0,0.3330078125,65,3,0.5630345940589905,106.56538804738818,-0.01874796487390995,-0.07396149635314941,0.24409449100494385
n1168,P01_n1146,225.0,0.5,72,1,0.5630345940589905,106.56538804738818,0.01666768454015255,-0.22020508348941803,0.31496062874794006
n1171,P01_n1149,225.3330078125,0.333984375,53,3,0.6362390518188477,94.30417675317959,0.0,-0.28006651997566223,0.22834645211696625
n1172,P01_n1150,225.5,0.5,74,1,0.5115131735801697,117.2990317728272,0.0,-0.014921280555427074,0.3385826647281647
n1173,P01_n1151,225.6669921875,0.3330078125,44,3,0.6131094098091125,97.86181559125082,0.0,-0.3386106491088867,0.28346458077430725
n1175,P01_n1152,226.0,0.3330078125,36,3,0.766381025314331,78.29003852932163,0.01770782470703125,-0.5020240545272827,0.3700787425041199
n1174,P01_n1153,226.0,1.5,75,1,0.766381025314331,78.29003852932163,-0.01770782470703125,-0.19509747624397278,0.19685038924217224
n1176,P01_n1154,226.3330078125,0.333984375,43,3,0.6424981951713562,93.385476334292,0.0,-0.5884752869606018,0.4488188922405243
n1177,P01_n1155,226.6669921875,0.3330078125,48,3,0.7475714683532715,80.2598848939035,0.0,-0.37724003195762634,0.33070865273475647
n1178,P01_n1156,227.0,0.3330078125,60,3,0.6787939667701721,88.39206436305136,0.0,-0.19170857965946198,0.32283464074134827
n1179,P01_n1157,227.3330078125,0.333984375,62,3,1.0105080604553223,59.37607263910864,0.0,-0.6603437662124634,0.24409449100494385
n1180,P01_n1158,227.5,0.5,79,1,0.5801352262496948,103.42416265233913,0.0,-0.43485119938850403,0.3385826647281647
n1181,P01_n1159,227.6669921875,0.3330078125,63,3,0.5974767804145813,100.42231257651015,0.0,-0.2645900845527649,0.29133859276771545
n1183,P01_n1160,228.0,0.3330078125,56,3,0.5599187612533569,107.15840252555974,0.0062459311448037624,-0.23588040471076965,0.22834645211696625
n1184,P01_n1162,228.0,0.3330078125,65,3,0.5599187612533569,107.15840252555974,-0.0041605629958212376,-0.10876848548650742,0.22047244012355804
n1182,P01_n1161,228.0,0.6669921875,77,1,0.5599187612533569,107.15840252555974,-0.0020853679161518812,-0.18671372532844543,0.25196850299835205
n1185,P01_n1163,228.3330078125,0.333984375,53,3,0.5208562016487122,115.19494211660857,0.0,-0.14529533684253693,0.29921260476112366
n1187,P01_n1165,228.6669921875,0.3330078125,44,3,0.7434399724006653,80.70591066855354,-0.00208282470703125,-0.6260201334953308,0.3385826647281647
n1186,P01_n1164,228.6669921875,0.3330078125,64,1,0.7434399724006653,80.70591066855354,0.00208282470703125,-0.3929607570171356,0.21259842813014984
n1190,P01_n1167,229.0,0.3330078125,45,3,0.6767167448997498,88.66338900611736,0.0059102377854287624,-0.6591104865074158,0.4015747904777527
n1188,P01_n1166,229.0,1.0,64,1,0.6767167448997498,88.66338900611736,0.02048238180577755,-0.5329430103302002,0.27559053897857666
n1189,P01_n1168,229.0,1.0,76,1,0.6767167448997498,88.66338900611736,-0.02639261819422245,-0.5043108463287354,0.3937007784843445
n1191,P01_n1169,229.3330078125,0.333984375,52,3,0.6362390518188477,94.30417675317959,0.0,-0.43397918343544006,0.35433071851730347
n1192,P01_n1170,229.6669921875,0.3330078125,57,3,0.700681209564209,85.6309533936513,0.0,-0.6076762676239014,0.29921260476112366
n1195,P01_n1171,230.0,0.3330078125,64,3,0.516144335269928,116.24655333787942,0.0031229655724018812,-0.15691152215003967,0.28346458077430725
n1193,P01_n1172,230.0,0.5,69,1,0.516144335269928,116.24655333787942,0.0010477701434865594,-0.3161123991012573,0.33070865273475647
n1194,P01_n1173,230.0,0.5,81,1,0.516144335269928,116.24655333787942,-0.0041707358323037624,-0.3753081262111664,0.3779527544975281
n1196,P01_n1174,230.3330078125,0.333984375,57,3,0.5551443696022034,108.07999375548717,0.0,-0.2662246525287628,0.25984251499176025
n1197,P01_n1175,230.5,0.5,67,1,0.5364126563072205,111.85418407733486,0.00937652587890625,-0.20095081627368927,0.26771652698516846
n1198,P01_n1176,230.5,0.5,79,1,0.5364126563072205,111.85418407733486,-0.00937652587890625,-0.20095081627368927,0.29133859276771545
n1199,P01_n1177,230.6669921875,0.666015625,52,3,0.6725394129753113,89.21410231492646,0.0,-0.40391337871551514,0.26771652698516846
n1200,P01_n1178,231.0,1.0,69,1,0.5880910754203796,102.02501365474856,0.02500152587890625,-0.5299773216247559,0.3385826647281647
n1201,P01_n1179,231.0,1.0,81,1,0.5880910754203796,102.02501365474856,-0.02500152587890625,-0.4827907085418701,0.3858267664909363
n1203,P01_n1180,231.3330078125,0.333984375,52,3,0.5177266001701355,115.89128312179204,0.0,-0.1851808875799179,0.3385826647281647
n1204,P01_n1181,231.6669921875,0.3330078125,45,3,0.7778592109680176,77.13478114546227,0.0,-0.8495751023292542,0.3937007784843445
n1207,P01_n1183,232.0,0.3330078125,52,3,0.601631224155426,99.72886644011605,0.009033203125,-0.4075607657432556,0.35433071851730347
n1205,P01_n1182,232.0,0.5,67,1,0.601631224155426,99.72886644011605,0.0111083984375,-0.3859393894672394,0.29133859276771545
n1206,P01_n1184,232.0,0.5,79,1,0.601631224155426,99.72886644011605,-0.0201416015625,-0.3924822211265564,0.32283464074134827
n1208,P01_n1185,232.3330078125,0.333984375,57,3,0.542671799659729,110.56406475814985,0.0,-0.334370493888855,0.32283464074134827
n1209,P01_n1186,232.5,0.5,67,1,0.7173793911933899,83.63775254288745,0.0124969482421875,-0.6529117226600647,0.26771652698516846
n1210,P01_n1187,232.5,0.5,81,1,0.7173793911933899,83.63775254288745,-0.0124969482421875,-0.7272590398788452,0.3385826647281647
n1211,P01_n1188,232.6669921875,0.666015625,64,3,0.586487352848053,102.30399634132398,0.0,-0.2980249524116516,0.28346458077430725
n1212,P01_n1189,233.0,1.0,67,1,0.5333348512649536,112.49967981221015,0.01093292236328125,-0.40754708647727966,0.3858267664909363
n1213,P01_n1190,233.0,1.0,76,1,0.5333348512649536,112.49967981221015,-0.01093292236328125,-0.24178090691566467,0.30708661675453186
n1215,P01_n1191,233.3330078125,0.333984375,57,3,0.558296799659729,107.46971868111876,0.0,-0.2841748893260956,0.25984251499176025
n1216,P01_n1192,233.6669921875,0.666015625,52,3,0.6537527441978455,91.77781742793293,0.0,-0.2561243772506714,0.22834645211696625
n1218,P01_n1193,234.3330078125,0.333984375,52,3,0.527092456817627,113.83202173344684,0.0,-0.13408459722995758,0.29133859276771545
n1219,P01_n1194,234.6669921875,0.3330078125,45,3,0.6686331629753113,89.73530378452894,0.0,-0.6208642721176147,0.3385826647281647
n1223,P01_n1196,235.0,0.3330078125,43,3,0.6608206629753113,90.7961923131354,0.012241363525390625,-0.5529241561889648,0.34645670652389526
n1220,P01_n1195,235.0,1.0,64,1,0.6608206629753113,90.7961923131354,0.025775909423828125,-0.48585399985313416,0.26771652698516846
n1221,P01_n1197,235.0,1.0,67,1,0.6608206629753113,90.7961923131354,-0.006511688232421875,-0.42657822370529175,0.26771652698516846
n1222,P01_n1198,235.0,1.0,76,1,0.6608206629753113,90.7961923131354,-0.031505584716796875,-0.3873803913593292,0.34645670652389526
n1224,P01_n1199,235.3330078125,0.333984375,48,3,0.6986019611358643,85.8858167280913,0.0,-0.33968016505241394,0.31496062874794006
n1225,P01_n1200,235.6669921875,0.3330078125,55,3,0.6944419145584106,86.40031475944747,0.0,-0.49982374906539917,0.27559053897857666
n1229,P01_n1202,236.0,0.3330078125,60,3,0.5505177974700928,108.98830205986127,0.00521087646484375,-0.04998869076371193,0.25196850299835205
n1226,P01_n1201,236.0,0.5,69,1,0.5505177974700928,108.98830205986127,0.00833892822265625,-0.4384213387966156,0.3937007784843445
n1227,P01_n1203,236.0,0.5,72,1,0.5505177974700928,108.98830205986127,0.00312042236328125,-0.20026163756847382,0.32283464074134827
n1228,P01_n1204,236.0,0.5,81,1,0.5505177974700928,108.98830205986127,-0.01667022705078125,-0.31104204058647156,0.32283464074134827
n1230,P01_n1205,236.3330078125,0.333984375,55,3,0.6009685397148132,99.83883686901933,0.0,-0.29548385739326477,0.24409449100494385
n1231,P01_n1207,236.5,0.5,67,1,0.41584429144859314,144.28477493580607,0.0024261474609375,0.08009322732686996,0.30708661675453186
n1232,P01_n1206,236.5,0.5,71,1,0.41584429144859314,144.28477493580607,0.0076446533203125,-0.09411154687404633,0.4015747904777527
n1233,P01_n1208,236.5,0.5,79,1,0.41584429144859314,144.28477493580607,-0.01007080078125,0.06635318696498871,0.31496062874794006
n1234,P01_n1209,236.6669921875,0.666015625,48,3,0.7799211740493774,76.9308514711531,0.0,-0.3472089469432831,0.22834645211696625
n1235,P01_n1210,237.0,1.0,69,1,0.5619959831237793,106.76232891647739,0.0253448486328125,-0.2237732708454132,0.22834645211696625
n1236,P01_n1211,237.0,1.0,72,1,0.5619959831237793,106.76232891647739,-0.0059051513671875,-0.1959390491247177,0.3385826647281647
n1237,P01_n1212,237.0,1.0,81,1,0.5619959831237793,106.76232891647739,-0.019439697265625,-0.3925277292728424,0.3779527544975281
n1239,P01_n1213,237.3330078125,0.333984375,48,3,0.5863487124443054,102.32818581604565,0.0,-0.11163032054901123,0.30708661675453186
n1240,P01_n1214,237.6669921875,0.3330078125,43,3,0.7859466671943665,76.34105786615908,0.0,-0.8232747912406921,0.4015747904777527
n1244,P01_n1216,238.0,0.3330078125,52,3,0.612330436706543,97.9863100105128,0.00130462646484375,-0.39373236894607544,0.3385826647281647
n1241,P01_n1215,238.0,0.5,67,1,0.612330436706543,97.9863100105128,0.02526092529296875,-0.4510801434516907,0.26771652698516846
n1242,P01_n1217,238.0,0.5,72,1,0.612330436706543,97.9863100105128,-0.00078582763671875,-0.3663829565048218,0.36220473051071167
n1243,P01_n1218,238.0,0.5,79,1,0.612330436706543,97.9863100105128,-0.02577972412109375,-0.41791319847106934,0.31496062874794006
n1245,P01_n1219,238.3330078125,0.333984375,55,3,0.6268731951713562,95.71313698235089,0.0,-0.4710794687271118,0.30708661675453186
n1246,P01_n1220,238.5,0.5,67,1,0.6830683350563049,87.83894219756831,0.02239227294921875,-0.6496332883834839,0.28346458077430725
n1247,P01_n1221,238.5,0.5,81,1,0.6830683350563049,87.83894219756831,-0.02239227294921875,-0.6021049618721008,0.3385826647281647
n1248,P01_n1222,238.6669921875,0.666015625,64,3,0.5609420537948608,106.96291995597514,0.0,-0.2432682067155838,0.29133859276771545
n1249,P01_n1223,239.0,1.0,67,1,0.5463709831237793,109.81549506337366,0.013885498046875,-0.420133501291275,0.34645670652389526
n1250,P01_n1224,239.0,1.0,72,1,0.5463709831237793,109.81549506337366,0.0003509521484375,-0.17997494339942932,0.33070865273475647
n1251,P01_n1225,239.0,1.0,76,1,0.5463709831237793,109.81549506337366,-0.0142364501953125,-0.22106213867664337,0.31496062874794006
n1253,P01_n1226,239.3330078125,0.333984375,55,3,0.6081871390342712,98.65384541881772,0.0,-0.29444730281829834,0.23622047901153564
n1254,P01_n1227,239.6669921875,0.666015625,52,3,0.6428244113922119,93.33808569910033,0.0,-0.22358350455760956,0.22047244012355804
n1256,P01_n1228,240.3330078125,0.333984375,52,3,0.5052540302276611,118.75214527821728,0.0,-0.07303740829229355,0.29133859276771545
n1257,P01_n1229,240.6669921875,0.3330078125,43,3,0.7090053558349609,84.62559486499356,0.0,-0.5859822630882263,0.29921260476112366
n1260,P01_n1231,241.0,0.3330078125,41,3,0.6986192464828491,85.88369172774141,0.011113484390079975,-0.5742781758308411,0.3385826647281647
n1258,P01_n1230,241.0,1.0,64,1,0.6986192464828491,85.88369172774141,0.01631673239171505,-0.5502651333808899,0.29921260476112366
n1259,P01_n1232,241.0,1.0,76,1,0.6986192464828491,85.88369172774141,-0.02743021585047245,-0.4440251588821411,0.3779527544975281
n1261,P01_n1233,241.3330078125,0.333984375,48,3,0.6768091917037964,88.65127828562179,0.0,-0.2617183327674866,0.30708661675453186
n1262,P01_n1234,241.6669921875,0.3330078125,53,3,0.7465328574180603,80.37154614669538,0.0,-0.4894053041934967,0.26771652698516846
n1265,P01_n1236,242.0,0.3330078125,60,3,0.5359542965888977,111.94984419729886,0.0038197834510356188,-0.028383024036884308,0.26771652698516846
n1263,P01_n1235,242.0,0.5,69,1,0.5359542965888977,111.94984419729886,0.007985432632267475,-0.3205719292163849,0.28346458077430725
n1264,P01_n1237,242.0,0.5,81,1,0.5359542965888977,111.94984419729886,-0.011805216781795025,-0.30663275718688965,0.34645670652389526
n1266,P01_n1238,242.3330078125,0.333984375,53,3,0.5957145690917969,100.7193765488624,0.0,-0.15958373248577118,0.22047244012355804
n1267,P01_n1239,242.5,0.5,67,1,0.5645559430122375,106.27821873571068,0.01406097412109375,-0.33388617634773254,0.31496062874794006
n1268,P01_n1240,242.5,0.5,79,1,0.5645559430122375,106.27821873571068,-0.01406097412109375,-0.33388617634773254,0.33070865273475647
n1269,P01_n1241,242.6669921875,0.3330078125,48,3,0.8539451956748962,70.26212022023306,0.0,-0.4132537841796875,0.21259842813014984
n1270,P01_n1242,243.0,2.0,74,1,0.4066394865512848,147.55084536639774,0.00208282470703125,0.12599681317806244,0.34645670652389526
n1271,P01_n1243,243.0,2.0,77,1,0.4066394865512848,147.55084536639774,-0.00208282470703125,0.09519074112176895,0.29133859276771545
n1272,P01_n1244,243.3330078125,0.333984375,48,3,0.5676626563072205,105.69657759471824,0.0,-0.032115381211042404,0.28346458077430725
n1273,P01_n1245,243.6669921875,0.3330078125,41,3,0.7726356387138367,77.65626770708978,0.0,-0.700451135635376,0.3700787425041199
n1276,P01_n1246,244.0,0.3330078125,45,3,0.6787481904029846,88.39802573083392,0.0,-0.7502394914627075,0.4251968562602997
n1277,P01_n1247,244.3330078125,0.333984375,52,3,0.6705957651138306,89.47267955057139,0.0,-0.5485860109329224,0.35433071851730347
n1278,P01_n1248,244.6669921875,0.3330078125,62,3,0.5619959831237793,106.76232891647739,0.0,-0.13159818947315216,0.29133859276771545
n1281,P01_n1251,245.0,0.3330078125,64,3,0.5703353881835938,105.20125744097385,-0.00347900390625,-0.22499887645244598,0.25984251499176025
n1279,P01_n1249,245.0,1.0,68,1,0.5703353881835938,105.20125744097385,0.0048675537109375,-0.449314683675766,0.32283464074134827
n1280,P01_n1250,245.0,1.0,76,1,0.5703353881835938,105.20125744097385,-0.0013885498046875,-0.34188565611839294,0.32283464074134827
n1282,P01_n1252,245.3330078125,0.333984375,56,3,0.542717456817627,110.55476334191735,0.0,-0.18562854826450348,0.25196850299835205
n1283,P01_n1253,245.6669921875,0.666015625,47,3,0.6631231904029846,90.48092551783263,0.0,-0.49424755573272705,0.27559053897857666
n1284,P01_n1254,246.0,0.3330078125,65,1,0.6078934669494629,98.70150488882962,0.01458740234375,-0.27149200439453125,0.24409449100494385
n1285,P01_n1255,246.0,0.3330078125,74,1,0.6078934669494629,98.70150488882962,-0.01458740234375,-0.20152950286865234,0.27559053897857666
n1289,P01_n1258,246.3330078125,0.333984375,52,3,0.6061007380485535,98.99344487383469,-0.012151082046329975,-0.31697049736976624,0.32283464074134827
n1287,P01_n1256,246.3330078125,0.333984375,64,1,0.6061007380485535,98.99344487383469,0.014933268539607525,-0.33558616042137146,0.30708661675453186
n1288,P01_n1257,246.3330078125,0.333984375,72,1,0.6061007380485535,98.99344487383469,-0.0027821857947856188,-0.2014932483434677,0.29133859276771545
n1292,P01_n1259,246.6669921875,0.3330078125,44,3,0.6245723366737366,96.0657340661931,0.019439697265625,-0.4917120337486267,0.33070865273475647
n1290,P01_n1260,246.6669921875,0.3330078125,62,1,0.6245723366737366,96.0657340661931,0.0059051513671875,-0.2236066311597824,0.26771652698516846
n1291,P01_n1261,246.6669921875,0.3330078125,71,1,0.6245723366737366,96.0657340661931,-0.0253448486328125,-0.4917120337486267,0.3858267664909363
n1295,P01_n1262,247.0,0.3330078125,45,3,0.6871486902236938,87.31734609065128,0.008677165023982525,-0.6499298214912415,0.4015747904777527
n1293,P01_n1263,247.0,1.0,64,1,0.6871486902236938,87.31734609065128,0.0076395669020712376,-0.3266659080982208,0.18897637724876404
n1294,P01_n1264,247.0,1.0,72,1,0.6871486902236938,87.31734609065128,-0.01631673239171505,-0.23372782766819,0.25196850299835205
n1296,P01_n1265,247.3330078125,0.333984375,52,3,0.6393457651138306,93.84593325540753,0.0,-0.41262486577033997,0.34645670652389526
n1297,P01_n1266,247.6669921875,0.3330078125,57,3,0.6683773398399353,89.76965020144003,0.0,-0.5297998189926147,0.29921260476112366
n1298,P01_n1267,248.0,0.5,62,1,0.5734665393829346,104.6268541919841,0.01632181741297245,-0.33648738265037537,0.29921260476112366
n1300,P01_n1268,248.0,0.3330078125,64,3,0.5734665393829346,104.6268541919841,-0.0055592856369912624,-0.24217532575130463,0.29133859276771545
n1299,P01_n1269,248.0,0.5,71,1,0.5734665393829346,104.6268541919841,-0.010762532241642475,-0.49734145402908325,0.3700787425041199
n1301,P01_n1270,248.3330078125,0.333984375,57,3,0.6300255656242371,95.23423059912064,0.0,-0.4585530459880829,0.25984251499176025
n1302,P01_n1271,248.5,0.5,64,1,0.4989948868751526,120.24171304787711,0.0052032470703125,-0.03362276777625084,0.29133859276771545
n1303,P01_n1272,248.5,0.5,72,1,0.4989948868751526,120.24171304787711,-0.0052032470703125,0.056014444679021835,0.29921260476112366
n1304,P01_n1273,248.6669921875,0.666015625,52,3,0.6350347995758057,94.48301107290365,0.0,-0.21009893715381622,0.22047244012355804
n1305,P01_n1274,249.0,1.5,60,1,0.6756323575973511,88.80569340013392,0.0114593505859375,-0.33557626605033875,0.24409449100494385
n1306,P01_n1275,249.0,1.5,69,1,0.6756323575973511,88.80569340013392,-0.0114593505859375,-0.4978031516075134,0.27559053897857666
n1308,P01_n1276,249.3330078125,0.333984375,52,3,0.5302448868751526,113.15526370012341,0.0,-0.14268730580806732,0.29921260476112366
n1309,P01_n1277,249.6669921875,0.3330078125,45,3,0.6600073575973511,90.90807747722721,0.0,-0.581521213054657,0.34645670652389526
n1312,P01_n1278,250.0,0.3330078125,45,3,0.6913031339645386,86.79260522935483,0.0,-0.7004461288452148,0.36220473051071167
n1313,P01_n1279,250.3330078125,0.333984375,52,3,0.5863487124443054,102.32818581604565,0.0,-0.3746647238731384,0.35433071851730347
n1314,P01_n1280,250.5,1.0,62,1,0.7360197305679321,81.51955376753614,0.0,-0.5698891878128052,0.3385826647281647
n1315,P01_n1281,250.6669921875,0.3330078125,57,3,0.5787206888198853,103.676957052202,0.0,-0.4021746516227722,0.29921260476112366
n1316,P01_n1282,251.0,0.3330078125,59,3,0.5473790168762207,109.6132627487397,0.0,-0.41770756244659424,0.29133859276771545
n1317,P01_n1283,251.3330078125,0.333984375,56,3,0.5863487124443054,102.32818581604565,0.0,-0.3354053199291229,0.25984251499176025
n1318,P01_n1284,251.5,0.5,64,1,0.46162280440330505,129.97624776695375,0.0,0.028501952067017555,0.30708661675453186
n1319,P01_n1285,251.6669921875,0.666015625,47,3,0.6318731904029846,94.95576155357104,0.0,-0.43422383069992065,0.27559053897857666
n1320,P01_n1286,252.0,2.0,65,1,0.7069281339645386,84.87425682652172,0.0,-0.38554608821868896,0.23622047901153564
n1322,P01_n1287,252.3330078125,0.333984375,52,3,0.48656797409057617,123.31267817645312,0.0,-0.0566377155482769,0.32283464074134827
n1323,P01_n1288,252.6669921875,0.3330078125,44,3,0.7100439667701721,84.50180947656847,0.0,-0.6465896964073181,0.3385826647281647
n1325,P01_n1289,253.0,0.3330078125,45,3,0.6662847995758057,90.05158160324139,0.0,-0.6054465174674988,0.32283464074134827
n1326,P01_n1290,253.3330078125,0.333984375,50,3,0.6768091917037964,88.65127828562179,0.0,-0.3778599500656128,0.29921260476112366
n1327,P01_n1291,253.6669921875,0.666015625,57,3,0.5536565184593201,108.37043907107635,0.0,-0.38543257117271423,0.31496062874794006
n1328,P01_n1292,254.0,0.5,64,1,0.5724431872367859,104.81389478949559,0.0,-0.21335174143314362,0.25984251499176025
n1330,P01_n1293,254.3330078125,0.333984375,53,3,0.6238121390342712,96.18280287537607,0.0,-0.3865388035774231,0.29921260476112366
n1331,P01_n1294,254.5,1.0,62,1,0.5925621390342712,101.25520354335337,0.0,-0.17751437425613403,0.29921260476112366
n1332,P01_n1295,254.6669921875,0.3330078125,48,3,0.7726356387138367,77.65626770708978,0.0,-0.28304266929626465,0.21259842813014984
n1333,P01_n1296,255.0,0.3330078125,50,3,0.6443823575973511,93.11241888079688,0.0,-0.11665172129869461,0.19685038924217224
n1334,P01_n1297,255.3330078125,0.333984375,53,3,0.5239400863647461,114.51691054276462,0.0,-0.11609242111444473,0.27559053897857666
n1335,P01_n1298,255.5,1.0,60,1,0.5364583134651184,111.8446643364421,0.0,0.030490325763821602,0.29133859276771545
n1336,P01_n1299,255.6669921875,0.3330078125,45,3,0.5130131840705872,116.95605856348597,0.0,-0.1776772290468216,0.29133859276771545
n1338,P01_n1300,256.0,0.3330078125,33,3,0.9509255886077881,63.09641965555222,0.0,-0.8556054830551147,0.32283464074134827
n1339,P01_n1301,256.3330078125,0.333984375,45,3,0.4927814304828644,121.7578347893659,0.0,-0.27033987641334534,0.3858267664909363
n1340,P01_n1302,256.5,1.5,58,1,0.6924341917037964,86.65083370935889,0.0,-0.5564604997634888,0.29133859276771545
n1341,P01_n1303,256.6669921875,0.3330078125,50,3,0.6381048560142517,94.02843346902839,0.0,-0.2545314431190491,0.26771652698516846
n1343,P01_n1304,257.0,0.3330078125,53,3,0.5974615216255188,100.4248772988049,0.0,-0.31064969301223755,0.27559053897857666
n1344,P01_n1305,257.3330078125,0.333984375,50,3,0.683022677898407,87.84481385686058,0.0,-0.2590486407279968,0.23622047901153564
n1345,P01_n1306,257.6669921875,0.666015625,46,3,0.6037390232086182,99.38068882996053,0.0,-0.23496341705322266,0.22047244012355804
n1346,P01_n1307,258.0,0.5,62,1,0.7382239699363708,81.2761471361754,0.0,-0.43010213971138,0.25196850299835205
n1348,P01_n1308,258.3330078125,0.333984375,53,3,0.43658626079559326,137.4298858847773,0.0,0.174699068069458,0.26771652698516846
n1349,P01_n1309,258.5,1.5,60,1,0.5926535129547119,101.23959225495209,0.0,-0.09325773268938065,0.29133859276771545
n1350,P01_n1310,258.6669921875,0.3330078125,45,3,0.5004582405090332,119.89012297803698,0.0,-0.10267150402069092,0.26771652698516846
n1352,P01_n1311,259.0,0.3330078125,33,3,0.8664772510528564,69.24590337148956,0.0,-0.6791240572929382,0.23622047901153564
n1353,P01_n1312,259.3330078125,0.333984375,40,3,0.6581231951713562,91.16834118629984,0.0,-0.4923539459705353,0.3779527544975281
n1354,P01_n1313,259.6669921875,0.3330078125,45,3,0.5880681872367859,102.02898456712636,0.0,-0.5322059988975525,0.3937007784843445
n1356,P01_n1314,260.0,0.3330078125,48,3,0.6631231904029846,90.48092551783263,0.0,-0.35282787680625916,0.34645670652389526
n1357,P01_n1315,260.3330078125,0.333984375,52,3,0.6393914222717285,93.83923197909465,0.0,-0.4700610637664795,0.3858267664909363
n1358,P01_n1316,260.6669921875,0.3330078125,57,3,0.5974615216255188,100.4248772988049,0.0,-0.5662088990211487,0.4173228442668915
n1359,P01_n1317,261.0,0.3330078125,60,3,0.6725165247917175,89.21713859534138,0.0,-0.29694893956184387,0.31496062874794006
n1360,P01_n1318,261.3330078125,0.333984375,64,3,0.6768091917037964,88.65127828562179,0.0,-0.5136367082595825,0.3700787425041199
n1361,P01_n1319,261.6669921875,0.3330078125,69,3,0.6110092997550964,98.1981780376323,0.0,-0.39061620831489563,0.29133859276771545
n1362,P01_n1320,262.0,3.0,60,3,0.4856492877006531,123.5459446138076,0.008677165023982525,0.00856679305434227,0.28346458077430725
n1363,P01_n1321,262.0,3.0,64,3,0.4856492877006531,123.5459446138076,0.0045115151442587376,-0.04151014983654022,0.29921260476112366
n1364,P01_n1322,262.0,3.0,69,3,0.4856492877006531,123.5459446138076,-0.013188679702579975,-0.19954150915145874,0.3700787425041199
