score_id,performance_id,onset_beat,duration_beat,pitch,voice,beat_period,tempo_bpm,timing,articulation_log,velocity_norm
n1,P01_n0,0.0,3.0,57,3,0.5,120.0,0.0,0.0,0.6299212574958801
n0,P00_n0,0.0,1.0,76,1,0.5,120.0,0.0,0.0,0.6062992215156555
n4,P00_n1,1.0,0.5,81,1,0.5,120.0,0.0,0.0,0.7007874250411987
n5,P00_n2,1.5,0.5,79,1,0.5,120.0,0.0,0.0,0.4803149700164795
n6,P00_n3,2.0,1.0,81,1,0.5,120.0,0.0,0.0,0.5748031735420227
n8,P01_n1,3.0,3.0,55,3,0.5,120.0,0.0,0.0,0.29921260476112366
n9,P01_n2,3.0,3.0,60,3,0.5,120.0,0.0,-4.321928024291992,0.4881889820098877
n10,P01_n3,3.0,3.0,64,3,0.5,120.0,0.0,-4.321928024291992,0.36220473051071167
n7,P00_n4,3.0,0.5,79,1,0.5,120.0,0.0,0.0,0.32283464074134827
n11,P00_n5,3.5,0.5,81,1,0.5,120.0,0.0,0.0,0.5748031735420227
n13,P00_n6,5.0,1.0,76,1,0.5,120.0,0.0,-2.7369654178619385,0.5748031735420227
n15,P01_n4,6.0,3.0,53,3,0.5,120.0,0.0,0.0,0.4566929042339325
n16,P01_n5,6.0,3.0,60,3,0.5,120.0,0.0,-4.321928024291992,0.17322835326194763
n17,P01_n6,6.0,3.0,64,3,0.5,120.0,0.0,-4.321928024291992,0.6141732335090637
n14,P00_n7,6.0,1.5,74,1,0.5,120.0,0.0,0.0,0.35433071851730347
n18,P00_n8,7.5,0.5,76,1,0.5,120.0,0.0,0.0,0.32283464074134827
n19,P00_n9,8.0,0.5,79,1,0.5,120.0,0.0,0.0,0.6062992215156555
n20,P00_n10,8.5,0.5,74,1,0.5,120.0,0.0,0.0,0.5433070659637451
n22,P01_n7,9.0,0.5,52,3,0.5,120.0,0.0,0.0,0.4881889820098877
n21,P00_n11,9.0,0.5,76,1,0.5,120.0,0.0,0.0,0.5748031735420227
n24,P01_n8,9.5,0.5,60,3,0.5,120.0,0.0,0.0,0.3937007784843445
n23,P00_n12,9.5,0.5,69,1,0.5,120.0,0.0,0.0,0.4803149700164795
n26,P01_n9,10.0,2.0,59,3,0.5,120.0,0.0,0.0,0.3937007784843445
n25,P00_n13,10.0,2.0,68,1,0.5,120.0,0.0,0.0,0.6377952694892883
n28,P01_n10,12.0,0.5,53,3,0.5,120.0,0.0,0.0,0.33070865273475647
n27,P00_n14,12.0,1.0,81,1,0.5,120.0,0.0,0.0,0.3858267664909363
n29,P01_n11,12.5,0.5,57,3,0.5,120.0,0.0,0.0,0.6377952694892883
n31,P01_n12,13.0,2.0,64,3,0.5,120.0,0.0,0.0,0.3937007784843445
n30,P00_n15,13.0,0.5,84,1,0.5,120.0,0.0,0.0,0.4173228442668915
n32,P00_n16,13.5,0.5,83,1,0.5,120.0,0.0,0.0,0.6062992215156555
n33,P00_n17,14.0,1.0,81,1,0.5,120.0,0.0,0.0,0.5433070659637451
n35,P01_n13,15.0,0.5,50,3,0.5,120.0,0.0,0.0,0.4566929042339325
n34,P00_n18,15.0,0.5,86,1,0.5,120.0,0.0,0.0,0.5433070659637451
n37,P01_n14,15.5,0.5,57,3,0.5,120.0,0.0,0.0,0.6141732335090637
n36,P00_n19,15.5,0.5,84,1,0.5,120.0,0.0,0.0,0.6062992215156555
n39,P01_n15,16.0,1.0,64,3,0.5,120.0,0.0,0.0,0.5511810779571533
n38,P00_n20,16.0,1.0,83,1,0.5,120.0,0.0,0.0,0.6377952694892883
n41,P01_n16,17.0,1.0,65,3,0.5,120.0,0.0,0.0,0.29921260476112366
n40,P00_n21,17.0,1.0,81,1,0.5,120.0,0.0,0.0,0.6377952694892883
n43,P01_n17,18.0,0.5,52,3,0.5,120.0,0.0,0.0,0.4881889820098877
n42,P00_n22,18.0,1.5,79,1,0.5,120.0,0.0,0.0,0.6062992215156555
n44,P01_n18,18.5,0.5,59,3,0.5,120.0,0.0,0.0,0.5433070659637451
n45,P01_n19,19.0,2.0,67,3,0.5,120.0,0.0,0.0,0.4488188922405243
n46,P00_n23,19.5,0.5,76,1,0.5,120.0,0.0,0.0,0.5748031735420227
n47,P00_n24,20.0,0.5,79,1,0.5,120.0,0.0,0.0,0.4488188922405243
n50,P01_n20,21.0,3.0,45,4,0.5,120.0,0.0,0.0,0.36220473051071167
n49,P00_n25,21.0,3.0,81,1,0.5,120.0,0.0,-4.321928024291992,0.6062992215156555
n52,P01_n21,21.5,0.5,59,3,0.5,120.0,0.0,0.0,0.4566929042339325
n51,P00_n26,21.5,0.5,74,2,0.5,120.0,0.0,0.0,0.5748031735420227
n54,P01_n22,22.0,2.0,57,3,0.5,120.0,0.0,0.0,0.33070865273475647
n53,P00_n27,22.0,2.0,73,2,0.5,120.0,0.0,0.0,0.6062992215156555
n55,P00_n28,24.0,1.0,76,1,0.5,120.0,0.0,0.0,0.3858267664909363
n56,P00_n29,24.5,0.25,72,2,0.5,120.0,0.0,0.0,0.4173228442668915
n57,P00_n30,24.75,0.25,71,2,0.5,120.0,0.0,0.0,0.5433070659637451
n59,P00_n31,25.0,0.25,69,2,0.5,120.0,0.0,0.0,0.6141732335090637
n60,P00_n32,25.25,0.25,68,2,0.5,120.0,0.0,0.0,0.3858267664909363
n61,P00_n33,25.5,0.25,69,2,0.5,120.0,0.0,0.0,0.5433070659637451
n62,P00_n34,25.75,0.25,71,2,0.5,120.0,0.0,0.0,0.5433070659637451
n64,P01_n23,26.0,0.25,57,3,0.5,120.0,0.0,0.0,0.29921260476112366
n63,P00_n35,26.0,0.25,72,2,0.5,120.0,0.0,0.0,0.4488188922405243
n66,P01_n24,26.25,0.25,59,3,0.5,120.0,0.0,0.0,0.4251968562602997
n65,P00_n36,26.25,0.25,74,2,0.5,120.0,0.0,0.0,0.6062992215156555
n69,P01_n25,26.5,0.25,60,3,0.5,120.0,0.0,0.0,0.5196850299835205
n68,P00_n37,26.5,0.5,76,2,0.5,120.0,0.0,0.0,0.33070865273475647
n67,P00_n38,26.5,0.5,81,1,0.5,120.0,0.0,-1.736965537071228,0.4803149700164795
n70,P01_n26,26.75,0.25,62,3,1.5,40.0,0.0,-1.5849624872207642,0.5118110179901123
n72,P01_n27,27.0,1.25,64,3,0.1666666716337204,359.9999892711643,-0.25,-1.473931074142456,0.29921260476112366
n71,P00_n39,27.0,0.5,79,1,0.1666666716337204,359.9999892711643,0.25,1.5849624872207642,0.5433070659637451
n73,P00_n40,27.25,0.25,72,2,0.1666666716337204,359.9999892711643,0.1666666716337204,1.5849624872207642,0.6377952694892883
n75,P00_n41,27.5,0.25,71,2,0.1666666716337204,359.9999892711643,0.0833333358168602,1.5849624872207642,0.4881889820098877
n74,P00_n42,27.5,0.5,81,1,0.1666666716337204,359.9999892711643,0.0833333358168602,1.5849624872207642,0.5433070659637451
n76,P00_n43,27.75,0.25,69,2,1.5,40.0,0.0,-1.5849624872207642,0.4803149700164795
n78,P00_n45,28.0,1.25,67,2,0.1666666716337204,359.9999892711643,-0.25,-1.473931074142456,0.4173228442668915
n77,P00_n44,28.0,2.0,76,1,0.1666666716337204,359.9999892711643,0.25,1.5849624872207642,0.7322834730148315
n80,P01_n28,28.25,0.25,63,3,0.1666666716337204,359.9999892711643,0.1666666716337204,1.5849624872207642,0.6377952694892883
n81,P01_n29,28.5,0.25,64,3,0.1666666716337204,359.9999892711643,0.0833333358168602,1.5849624872207642,0.5748031735420227
n82,P01_n30,28.75,0.25,65,3,0.5,120.0,0.0,0.0,0.6377952694892883
n84,P01_n31,29.0,0.5,64,3,0.5,120.0,0.0,0.0,0.4251968562602997
n85,P00_n46,29.25,0.25,72,2,0.5,120.0,0.0,0.0,0.4173228442668915
n87,P01_n32,29.5,0.5,55,3,0.5,120.0,0.0,0.0,0.4881889820098877
n86,P00_n47,29.5,0.25,71,2,0.5,120.0,0.0,0.0,0.5433070659637451
n88,P00_n48,29.75,0.25,72,2,0.5,120.0,0.0,0.0,0.3858267664909363
n91,P01_n33,30.0,0.5,53,3,0.5,120.0,0.0,0.0,0.23622047901153564
n89,P00_n49,30.0,1.5,74,1,0.5,120.0,0.0,-2.5849626064300537,0.23622047901153564
n92,P00_n50,30.25,0.25,72,2,1.0,60.0,0.0,-1.0,0.4488188922405243
n94,P01_n34,30.5,0.25,65,3,0.25,240.0,0.125,1.0,0.4566929042339325
n93,P00_n51,30.5,1.75,71,2,0.25,240.0,-0.125,-2.5443203449249268,0.4173228442668915
n95,P01_n35,30.75,0.25,64,3,0.25,240.0,0.0625,1.0,0.5433070659637451
n97,P01_n36,31.0,0.25,62,3,0.5,120.0,0.0,0.0,0.36220473051071167
n98,P01_n37,31.25,0.25,60,3,0.5,120.0,0.0,0.0,0.35433071851730347
n100,P01_n38,31.5,0.25,59,3,0.5,120.0,0.0,0.0,0.5196850299835205
n99,P00_n52,31.5,0.5,76,1,0.5,120.0,0.0,0.0,0.4488188922405243
n101,P01_n39,31.75,0.25,60,3,0.5,120.0,0.0,0.0,0.5748031735420227
n104,P01_n40,32.0,0.5,62,3,0.5,120.0,0.0,0.0,0.36220473051071167
n102,P00_n54,32.0,1.0,79,1,0.5,120.0,0.0,0.0,0.5433070659637451
n105,P00_n55,32.25,0.25,69,2,0.5,120.0,0.0,0.0,0.6377952694892883
n107,P01_n41,32.5,0.5,53,3,0.5,120.0,0.0,0.0,0.5511810779571533
n106,P00_n56,32.5,0.25,71,2,0.5,120.0,0.0,0.0,0.5433070659637451
n108,P00_n57,32.75,0.25,72,2,1.5,40.0,0.0,-1.5849624872207642,0.3858267664909363
n110,P00_n58,33.0,0.25,71,2,0.25,240.0,0.25,1.0,0.33070865273475647
n109,P00_n61,33.0,1.25,76,1,0.25,240.0,-0.25,-2.0588936805725098,0.5118110179901123
n111,P00_n59,33.25,0.25,69,2,0.25,240.0,0.1875,1.0,0.4803149700164795
n113,P01_n42,33.5,0.25,52,3,0.25,240.0,0.125,1.0,0.17322835326194763
n112,P00_n60,33.5,2.5,68,2,0.25,240.0,-0.125,-3.0588936805725098,0.4566929042339325
n114,P01_n43,33.75,0.25,50,3,0.25,240.0,0.0625,1.0,0.4173228442668915
n117,P01_n44,34.0,0.5,52,3,0.5,120.0,0.0,0.0,0.36220473051071167
n118,P00_n62,34.25,0.25,75,1,0.5,120.0,0.0,0.0,0.5118110179901123
n120,P01_n45,34.5,0.25,64,3,0.5,120.0,0.0,0.0,0.3937007784843445
n119,P00_n63,34.5,0.25,76,1,0.5,120.0,0.0,0.0,0.5748031735420227
n122,P01_n46,34.75,0.25,62,3,0.5,120.0,0.0,0.0,0.5511810779571533
n121,P00_n64,34.75,0.25,78,1,0.5,120.0,0.0,0.0,0.5118110179901123
n124,P01_n47,35.0,0.25,64,3,0.5,120.0,0.0,0.0,0.4251968562602997
n123,P00_n65,35.0,0.25,80,1,0.5,120.0,0.0,0.0,0.4488188922405243
n126,P01_n48,35.25,0.25,62,3,0.5,120.0,0.0,0.0,0.36220473051071167
n125,P00_n66,35.25,0.25,81,1,0.5,120.0,0.0,0.0,0.6692913174629211
n128,P01_n49,35.5,0.25,60,3,0.5,120.0,0.0,0.0,0.4566929042339325
n127,P00_n67,35.5,0.25,83,1,0.5,120.0,0.0,0.0,0.5748031735420227
n130,P01_n50,35.75,0.25,59,3,0.5,120.0,0.0,0.0,0.36220473051071167
n129,P00_n68,35.75,0.25,80,1,0.5,120.0,0.0,0.0,0.6692913174629211
n133,P01_n51,36.0,0.25,57,3,0.5,120.0,0.0,0.0,0.4566929042339325
n132,P00_n69,36.0,0.5,72,2,0.5,120.0,0.0,0.0,0.4251968562602997
n131,P00_n70,36.0,0.75,81,1,0.5,120.0,0.0,0.0,0.6377952694892883
n134,P01_n52,36.25,0.25,60,3,0.5,120.0,0.0,0.0,0.4488188922405243
n136,P01_n53,36.5,0.25,59,3,0.6666666865348816,89.99999731779107,0.0,-0.41503751277923584,0.5196850299835205
n135,P00_n71,36.5,0.25,74,2,0.6666666865348816,89.99999731779107,0.0,-0.41503751277923584,0.35433071851730347
n139,P01_n54,36.75,0.25,60,3,0.3333333432674408,179.99999463558214,0.0416666679084301,0.5849624872207642,0.36220473051071167
n138,P00_n73,36.75,0.75,72,2,0.3333333432674408,179.99999463558214,-0.0833333358168602,-1.736965537071228,0.4566929042339325
n137,P00_n72,36.75,0.25,76,1,0.3333333432674408,179.99999463558214,0.0416666679084301,0.5849624872207642,0.5748031735420227
n142,P01_n55,37.0,0.25,62,3,0.5,120.0,0.0,0.0,0.4881889820098877
n140,P00_n74,37.0,2.0,77,1,0.5,120.0,0.0,0.0,0.4488188922405243
n143,P01_n56,37.25,0.25,60,3,0.5,120.0,0.0,0.0,0.5748031735420227
n145,P01_n57,37.5,0.25,59,3,0.5,120.0,0.0,0.0,0.26771652698516846
n144,P00_n75,37.5,0.5,69,2,0.5,120.0,0.0,0.0,0.6062992215156555
n146,P01_n58,37.75,0.25,60,3,0.5,120.0,0.0,0.0,0.4803149700164795
n148,P01_n59,38.0,0.75,62,3,0.5,120.0,0.0,0.0,0.5196850299835205
n147,P00_n76,38.0,0.25,71,2,0.5,120.0,0.0,0.0,0.35433071851730347
n149,P00_n77,38.25,0.25,69,2,0.5,120.0,0.0,0.0,0.5433070659637451
n150,P00_n78,38.5,0.25,67,2,0.5,120.0,0.0,0.0,0.6692913174629211
n152,P01_n60,38.75,0.25,57,3,0.5,120.0,0.0,0.0,0.5196850299835205
n151,P00_n79,38.75,0.25,65,2,0.5,120.0,0.0,0.0,0.5433070659637451
n155,P01_n61,39.0,0.25,59,3,0.5,120.0,0.0,0.0,0.23622047901153564
n154,P00_n80,39.0,1.0,64,2,0.5,120.0,0.0,0.0,0.29921260476112366
n153,P00_n81,39.0,0.75,79,1,0.5,120.0,0.0,0.0,0.6692913174629211
n156,P01_n62,39.25,0.25,55,3,0.5,120.0,0.0,0.0,0.4803149700164795
n157,P01_n63,39.5,0.25,57,3,0.5,120.0,0.0,0.0,0.6062992215156555
n159,P01_n64,39.75,0.25,55,3,0.5,120.0,0.0,0.0,0.23622047901153564
n158,P00_n82,39.75,0.25,71,1,0.5,120.0,0.0,0.0,0.4173228442668915
n162,P01_n65,40.0,0.25,57,3,0.5,120.0,0.0,0.0,0.23622047901153564
n161,P00_n83,40.0,0.5,69,2,0.5,120.0,0.0,0.0,0.5511810779571533
n160,P00_n84,40.0,2.0,72,1,0.5,120.0,0.0,0.0,0.6692913174629211
n163,P01_n66,40.25,0.25,59,3,0.5,120.0,0.0,0.0,0.5748031735420227
n165,P01_n67,40.5,0.25,60,3,0.5,120.0,0.0,0.0,0.26771652698516846
n164,P00_n85,40.5,0.5,64,2,0.5,120.0,0.0,0.0,0.3858267664909363
n166,P01_n68,40.75,0.25,59,3,0.5,120.0,0.0,0.0,0.6062992215156555
n168,P01_n69,41.0,0.75,60,3,0.5,120.0,0.0,0.0,0.5196850299835205
n167,P00_n86,41.0,0.25,69,2,0.5,120.0,0.0,0.0,0.4173228442668915
n169,P00_n87,41.25,0.25,67,2,0.5,120.0,0.0,0.0,0.32283464074134827
n170,P00_n88,41.5,0.25,65,2,0.5,120.0,0.0,0.0,0.5118110179901123
n172,P01_n70,41.75,0.25,48,3,0.5,120.0,0.0,0.0,0.26771652698516846
n171,P00_n89,41.75,0.25,64,2,0.5,120.0,0.0,0.0,0.3858267664909363
n175,P01_n71,42.0,0.75,50,3,0.5,120.0,0.0,0.0,0.4251968562602997
n174,P00_n90,42.0,0.25,62,2,0.5,120.0,0.0,0.0,0.26771652698516846
n173,P00_n91,42.0,0.5,77,1,0.5,120.0,0.0,0.0,0.6062992215156555
n176,P00_n92,42.25,0.25,60,2,0.5,120.0,0.0,0.0,0.5433070659637451
n178,P00_n93,42.5,0.25,62,2,0.5,120.0,0.0,0.0,0.5826771855354309
n177,P00_n94,42.5,0.5,71,1,0.5,120.0,0.0,0.0,0.35433071851730347
n180,P01_n72,42.75,0.25,45,3,1.1666666269302368,51.428573180218194,0.0,-1.2223924398422241,0.3937007784843445
n179,P00_n95,42.75,0.25,64,2,1.1666666269302368,51.428573180218194,0.0,-1.2223924398422241,0.5433070659637451
n183,P01_n73,43.0,1.0,50,3,0.1666666716337204,359.9999892711643,0.1666666716337204,1.5849624872207642,0.4881889820098877
n182,P00_n100,43.0,1.5,65,2,0.1666666716337204,359.9999892711643,-0.3333333432674408,-1.736965537071228,0.36220473051071167
n181,P00_n96,43.0,0.25,72,1,0.1666666716337204,359.9999892711643,0.1666666716337204,1.5849624872207642,0.6377952694892883
n184,P00_n97,43.25,0.25,71,1,0.1666666716337204,359.9999892711643,0.0833333358168602,1.5849624872207642,0.6692913174629211
n185,P00_n98,43.5,0.25,69,1,0.5,120.0,0.0,0.0,0.6062992215156555
n186,P00_n99,43.75,0.25,71,1,0.5,120.0,0.0,0.0,0.5433070659637451
n189,P01_n74,44.0,0.75,62,3,0.5,120.0,0.0,0.0,0.17322835326194763
n187,P00_n101,44.0,0.25,72,1,0.5,120.0,0.0,0.0,0.35433071851730347
n190,P00_n102,44.25,0.25,71,1,0.5,120.0,0.0,0.0,0.4173228442668915
n192,P00_n103,44.5,0.5,69,2,0.5,120.0,0.0,0.0,0.5511810779571533
n191,P00_n104,44.5,0.25,72,1,0.5,120.0,0.0,0.0,0.4803149700164795
n194,P01_n75,44.75,0.25,60,3,0.5,120.0,0.0,0.0,0.17322835326194763
n193,P00_n105,44.75,0.25,74,1,0.5,120.0,0.0,0.0,0.5433070659637451
n196,P01_n76,45.0,0.25,59,3,0.5,120.0,0.0,0.0,0.3937007784843445
n195,P00_n106,45.0,0.75,76,1,0.5,120.0,0.0,0.0,0.3858267664909363
n197,P01_n77,45.25,0.25,62,3,0.5,120.0,0.0,0.0,0.5433070659637451
n198,P01_n78,45.5,0.25,60,3,0.5,120.0,0.0,0.0,0.6377952694892883
n200,P01_n79,45.75,0.25,59,3,2.5,24.0,0.0,-2.321928024291992,0.36220473051071167
n199,P00_n107,45.75,0.25,68,1,2.5,24.0,0.0,-2.321928024291992,0.6062992215156555
n202,P01_n80,46.0,0.25,60,3,0.10000000149011612,599.9999910593034,0.5,2.321928024291992,0.4566929042339325
n201,P00_n108,46.0,2.25,69,1,0.10000000149011612,599.9999910593034,-0.5,-1.5849624872207642,0.6062992215156555
n203,P01_n81,46.25,0.25,59,3,0.10000000149011612,599.9999910593034,0.4000000059604645,2.321928024291992,0.35433071851730347
n204,P01_n82,46.5,0.25,57,3,0.10000000149011612,599.9999910593034,0.30000001192092896,2.321928024291992,0.5118110179901123
n205,P01_n83,46.75,0.25,55,3,0.10000000149011612,599.9999910593034,0.20000000298023224,2.321928024291992,0.4173228442668915
n206,P01_n84,47.0,0.25,53,3,0.10000000149011612,599.9999910593034,0.10000000149011612,2.321928024291992,0.6062992215156555
n207,P01_n85,47.25,0.25,52,3,0.5,120.0,0.0,0.0,0.4803149700164795
n208,P01_n86,47.5,0.25,50,3,0.5,120.0,0.0,0.0,0.7007874250411987
n209,P01_n87,47.75,0.25,48,3,0.5,120.0,0.0,0.0,0.6377952694892883
n211,P01_n88,48.0,0.5,47,3,0.5,120.0,0.0,0.0,0.4881889820098877
n212,P00_n109,48.25,0.25,68,1,0.5,120.0,0.0,0.0,0.4488188922405243
n214,P01_n89,48.5,0.5,56,3,0.5,120.0,0.0,0.0,0.29921260476112366
n213,P00_n110,48.5,0.25,69,1,0.5,120.0,0.0,0.0,0.3858267664909363
n215,P00_n111,48.75,0.25,71,1,0.5,120.0,0.0,0.0,0.4488188922405243
n217,P01_n90,49.0,0.5,57,3,0.5,120.0,0.0,0.0,0.3937007784843445
n216,P00_n112,49.0,0.25,72,1,0.5,120.0,0.0,0.0,0.4173228442668915
n218,P00_n113,49.25,0.25,71,1,0.5,120.0,0.0,0.0,0.29133859276771545
n220,P01_n91,49.5,0.5,48,3,0.5,120.0,0.0,0.0,0.33070865273475647
n219,P00_n114,49.5,0.25,72,1,0.5,120.0,0.0,0.0,0.5433070659637451
n221,P00_n115,49.75,0.25,74,1,0.5,120.0,0.0,0.0,0.6692913174629211
n223,P01_n92,50.0,0.5,53,3,0.5,120.0,0.0,0.0,0.4251968562602997
n222,P00_n116,50.0,0.25,72,1,0.5,120.0,0.0,0.0,0.5433070659637451
n224,P00_n117,50.25,0.25,71,1,0.5,120.0,0.0,0.0,0.7007874250411987
n226,P01_n93,50.5,0.5,50,3,0.5,120.0,0.0,0.0,0.4566929042339325
n225,P00_n118,50.5,0.25,69,1,0.5,120.0,0.0,0.0,0.3858267664909363
n227,P00_n119,50.75,0.25,67,1,0.5,120.0,0.0,0.0,0.7322834730148315
n229,P01_n94,51.0,1.0,52,3,0.5,120.0,0.0,0.0,0.5196850299835205
n228,P00_n120,51.0,0.25,64,1,0.5,120.0,0.0,0.0,0.6062992215156555
n230,P00_n121,51.25,0.25,71,1,0.5,120.0,0.0,0.0,0.6377952694892883
n231,P00_n122,51.5,0.25,68,1,0.5,120.0,0.0,0.0,0.6692913174629211
n233,P00_n123,52.0,0.25,64,1,0.5,120.0,0.0,-0.736965537071228,0.6062992215156555
n234,P00_n124,52.25,0.25,72,1,0.5,120.0,0.0,0.0,0.5748031735420227
n236,P01_n95,52.5,0.5,57,3,0.5,120.0,0.0,0.0,0.4566929042339325
n235,P00_n125,52.5,0.25,69,1,0.5,120.0,0.0,0.0,0.4173228442668915
n239,P01_n96,53.0,0.75,56,3,0.5,120.0,0.0,0.0,0.29921260476112366
n238,P00_n126,53.0,0.25,64,1,0.5,120.0,0.0,-0.736965537071228,0.5118110179901123
n240,P00_n127,53.25,0.25,74,1,0.5,120.0,0.0,0.0,0.5748031735420227
n241,P00_n128,53.5,0.25,71,1,0.5,120.0,0.0,0.0,0.5433070659637451
n243,P01_n97,53.75,0.25,62,3,0.5,120.0,0.0,0.0,0.3937007784843445
n242,P00_n129,53.75,0.25,65,1,0.5,120.0,0.0,0.0,0.6062992215156555
n245,P01_n98,54.0,1.0,60,3,0.5,120.0,0.0,0.0,0.26771652698516846
n244,P00_n130,54.0,0.25,64,1,0.5,120.0,0.0,0.0,0.5748031735420227
n246,P00_n131,54.25,0.25,71,1,0.5,120.0,0.0,0.0,0.6062992215156555
n247,P00_n132,54.5,0.25,68,1,0.5,120.0,0.0,0.0,0.3858267664909363
n249,P00_n133,55.0,0.25,64,1,0.5,120.0,0.0,-0.736965537071228,0.5748031735420227
n250,P00_n134,55.25,0.25,72,1,0.5,120.0,0.0,0.0,0.6692913174629211
n252,P01_n99,55.5,0.5,48,3,0.5,120.0,0.0,0.0,0.4251968562602997
n251,P00_n135,55.5,0.25,69,1,0.5,120.0,0.0,0.0,0.5748031735420227
n255,P01_n100,56.0,0.75,50,3,0.5,120.0,0.0,0.0,0.20472441613674164
n254,P00_n136,56.0,0.25,64,1,0.5,120.0,0.0,-0.736965537071228,0.6377952694892883
n256,P00_n137,56.25,0.25,74,1,0.5,120.0,0.0,0.0,0.4173228442668915
n257,P00_n138,56.5,0.25,71,1,0.5,120.0,0.0,0.0,0.4173228442668915
n259,P01_n101,56.75,0.25,45,3,0.5,120.0,0.0,0.0,0.29921260476112366
n258,P00_n139,56.75,0.25,65,1,0.5,120.0,0.0,0.0,0.6377952694892883
n261,P01_n102,57.0,1.0,44,3,0.5,120.0,0.0,0.0,0.5196850299835205
n260,P00_n140,57.0,0.25,64,1,0.5,120.0,0.0,0.0,0.7637795209884644
n262,P00_n141,57.25,0.25,71,1,0.5,120.0,0.0,0.0,0.3858267664909363
n263,P00_n142,57.5,0.25,68,1,0.5,120.0,0.0,0.0,0.6377952694892883
n265,P00_n143,58.0,0.25,64,1,0.5,120.0,0.0,-0.736965537071228,0.6062992215156555
n266,P00_n144,58.25,0.25,72,1,0.5,120.0,0.0,0.0,0.4488188922405243
n268,P01_n103,58.5,0.5,45,3,0.5,120.0,0.0,0.0,0.4566929042339325
n267,P00_n145,58.5,0.25,69,1,0.5,120.0,0.0,0.0,0.6377952694892883
n271,P01_n104,59.0,0.5,47,3,0.5,120.0,0.0,0.0,0.36220473051071167
n270,P00_n146,59.0,0.25,64,1,0.5,120.0,0.0,-0.736965537071228,0.4173228442668915
n272,P00_n147,59.25,0.25,74,1,0.5,120.0,0.0,0.0,0.6062992215156555
n274,P01_n105,59.5,0.5,41,3,0.5,120.0,0.0,0.0,0.4251968562602997
n273,P00_n148,59.5,0.25,71,1,0.5,120.0,0.0,0.0,0.4173228442668915
n275,P00_n149,59.75,0.25,65,1,0.5,120.0,0.0,0.0,0.5118110179901123
n278,P01_n106,60.0,2.0,40,3,0.5,120.0,0.0,0.0,0.5196850299835205
n279,P01_n107,60.0,2.0,56,3,0.5,120.0,0.0,0.0,0.4251968562602997
n276,P00_n150,60.0,2.0,59,1,0.5,120.0,0.0,0.0,0.3937007784843445
n277,P00_n151,60.0,2.0,64,1,0.5,120.0,0.0,0.0,0.5433070659637451
n281,P01_n108,63.0,0.25,57,3,0.5,120.0,0.0,0.0,0.36220473051071167
n280,P00_n152,63.0,1.0,76,1,0.5,120.0,0.0,0.0,0.4803149700164795
n282,P01_n109,63.25,0.25,64,3,0.5,120.0,0.0,0.0,0.32283464074134827
n283,P01_n110,63.5,0.25,60,3,0.5,120.0,0.0,0.0,0.5748031735420227
n284,P01_n111,63.75,0.25,64,3,0.5,120.0,0.0,0.0,0.4803149700164795
n286,P01_n112,64.0,0.25,57,3,0.5,120.0,0.0,0.0,0.5196850299835205
n287,P01_n113,64.25,0.25,64,3,0.5,120.0,0.0,0.0,0.5433070659637451
n288,P01_n114,64.5,0.25,60,3,0.5,120.0,0.0,0.0,0.5118110179901123
n289,P01_n115,64.75,0.25,64,3,0.5,120.0,0.0,0.0,0.5748031735420227
n291,P01_n116,65.0,0.25,59,3,0.5,120.0,0.0,0.0,0.4251968562602997
n290,P00_n153,65.0,0.75,81,1,0.5,120.0,0.0,-2.321928024291992,0.5748031735420227
n292,P01_n117,65.25,0.25,65,3,0.5,120.0,0.0,0.0,0.4173228442668915
n293,P01_n118,65.5,0.25,62,3,0.5,120.0,0.0,0.0,0.7322834730148315
n295,P01_n119,65.75,0.25,65,3,0.5,120.0,0.0,0.0,0.4881889820098877
n298,P01_n120,66.0,0.25,60,3,0.5,120.0,0.0,0.0,0.33070865273475647
n296,P00_n154,66.0,0.25,76,1,0.5,120.0,0.0,0.0,0.6141732335090637
n297,P00_n155,66.0,0.25,79,1,0.5,120.0,0.0,-0.736965537071228,0.4173228442668915
n301,P01_n121,66.25,0.25,67,3,0.5,120.0,0.0,0.0,0.5196850299835205
n299,P00_n156,66.25,0.25,77,1,0.5,120.0,0.0,0.0,0.5196850299835205
n300,P00_n157,66.25,0.25,81,1,0.5,120.0,0.0,0.0,0.5433070659637451
n304,P01_n122,66.5,0.25,64,3,0.5,120.0,0.0,0.0,0.36220473051071167
n302,P00_n158,66.5,0.5,72,1,0.5,120.0,0.0,0.0,0.36220473051071167
n303,P00_n159,66.5,0.5,76,1,0.5,120.0,0.0,0.0,0.6062992215156555
n305,P01_n123,66.75,0.25,67,3,0.5,120.0,0.0,0.0,0.5118110179901123
n308,P01_n124,67.0,0.25,62,3,0.5,120.0,0.0,0.0,0.36220473051071167
n306,P00_n160,67.0,0.25,74,1,0.5,120.0,0.0,0.0,0.5826771855354309
n307,P00_n161,67.0,0.25,77,1,0.5,120.0,0.0,0.0,0.5748031735420227
n311,P01_n125,67.25,0.25,69,3,0.5,120.0,0.0,0.0,0.4566929042339325
n309,P00_n162,67.25,0.25,76,1,0.5,120.0,0.0,0.0,0.5511810779571533
n310,P00_n163,67.25,0.25,79,1,0.5,120.0,0.0,0.0,0.6377952694892883
n314,P01_n126,67.5,0.25,65,3,0.5,120.0,0.0,0.0,0.36220473051071167
n312,P00_n164,67.5,0.5,71,1,0.5,120.0,0.0,0.0,0.5511810779571533
n313,P00_n165,67.5,0.5,74,1,0.5,120.0,0.0,0.0,0.5748031735420227
n315,P01_n127,67.75,0.25,69,3,0.5,120.0,0.0,0.0,0.4173228442668915
n318,P01_n128,68.0,0.25,64,3,0.5,120.0,0.0,0.0,0.3937007784843445
n316,P00_n166,68.0,0.25,72,1,0.5,120.0,0.0,0.0,0.4881889820098877
n317,P00_n167,68.0,0.25,76,1,0.5,120.0,0.0,0.0,0.4488188922405243
n321,P01_n129,68.25,0.25,71,3,0.5,120.0,0.0,0.0,0.33070865273475647
n319,P00_n168,68.25,0.25,74,1,0.5,120.0,0.0,0.0,0.4566929042339325
n320,P00_n169,68.25,0.25,77,1,0.5,120.0,0.0,0.0,0.5118110179901123
n322,P01_n130,68.5,0.5,68,1,0.5,120.0,0.0,-1.0,0.5196850299835205
n324,P00_n170,68.5,0.25,68,3,0.5,120.0,0.0,1.0,0.29921260476112366
n323,P00_n171,68.5,0.5,71,1,0.5,120.0,0.0,0.0,0.4803149700164795
n325,P01_n131,68.75,0.25,71,3,0.5,120.0,0.0,0.0,0.6377952694892883
n328,P01_n132,69.0,0.25,57,3,0.5,120.0,0.0,0.0,0.33070865273475647
n329,P01_n133,69.25,0.25,69,3,0.5,120.0,0.0,0.0,0.5118110179901123
n330,P01_n134,69.5,0.25,64,3,0.5,120.0,0.0,0.0,0.4488188922405243
n331,P01_n135,69.75,0.25,69,3,0.5,120.0,0.0,0.0,0.5748031735420227
n334,P01_n136,70.0,0.25,60,3,0.5,120.0,0.0,0.0,0.17322835326194763
n332,P00_n172,70.0,2.0,72,1,0.5,120.0,0.0,-3.7369654178619385,0.4566929042339325
n333,P00_n173,70.0,2.0,76,1,0.5,120.0,0.0,-3.7369654178619385,0.5118110179901123
n335,P01_n137,70.25,0.25,69,3,0.5,120.0,0.0,0.0,0.6062992215156555
n336,P01_n138,70.5,0.25,64,3,0.5,120.0,0.0,0.0,0.5118110179901123
n337,P01_n139,70.75,0.25,69,3,0.5,120.0,0.0,0.0,0.3858267664909363
n338,P01_n140,71.0,0.25,57,3,0.5,120.0,0.0,0.0,0.6062992215156555
n339,P01_n141,71.25,0.25,64,3,0.5,120.0,0.0,0.0,0.35433071851730347
n340,P01_n142,71.5,0.25,60,3,0.5,120.0,0.0,0.0,0.35433071851730347
n341,P01_n143,71.75,0.25,64,3,0.5,120.0,0.0,0.0,0.4803149700164795
n344,P01_n144,72.0,0.25,53,3,0.5,120.0,0.0,0.0,0.5511810779571533
n342,P00_n174,72.0,1.0,65,1,0.5,120.0,0.0,0.0,0.33070865273475647
n345,P01_n145,72.25,0.25,60,3,0.5,120.0,0.0,0.0,0.5748031735420227
n346,P01_n146,72.5,0.25,57,3,0.5,120.0,0.0,0.0,0.6377952694892883
n347,P01_n147,72.75,0.25,60,3,0.5,120.0,0.0,0.0,0.3858267664909363
n350,P01_n148,73.0,0.25,53,3,0.5,120.0,0.0,0.0,0.3937007784843445
n348,P00_n175,73.0,1.0,69,1,0.5,120.0,0.0,-2.7369654178619385,0.29921260476112366
n351,P01_n149,73.25,0.25,60,3,0.5,120.0,0.0,0.0,0.6062992215156555
n352,P01_n150,73.5,0.25,57,3,0.5,120.0,0.0,0.0,0.6692913174629211
n353,P01_n151,73.75,0.25,60,3,0.5,120.0,0.0,0.0,0.35433071851730347
n356,P01_n152,74.0,0.25,53,3,0.5,120.0,0.0,0.0,0.29921260476112366
n354,P00_n176,74.0,1.0,69,1,0.5,120.0,0.0,-2.7369654178619385,0.4251968562602997
n355,P00_n177,74.0,1.0,72,1,0.5,120.0,0.0,-2.7369654178619385,0.6062992215156555
n357,P01_n153,74.25,0.25,60,3,0.5,120.0,0.0,0.0,0.5433070659637451
n358,P01_n154,74.5,0.25,57,3,0.5,120.0,0.0,0.0,0.4803149700164795
n359,P01_n155,74.75,0.25,60,3,0.5,120.0,0.0,0.0,0.6692913174629211
n362,P01_n156,75.0,0.25,50,3,0.5,120.0,0.0,0.0,0.33070865273475647
n360,P00_n178,75.0,0.25,67,1,0.5,120.0,0.0,0.0,0.20472441613674164
n361,P00_n179,75.0,0.25,71,1,0.5,120.0,0.0,0.0,0.7322834730148315
n365,P01_n157,75.25,0.25,57,3,0.5,120.0,0.0,0.0,0.5511810779571533
n364,P00_n180,75.25,0.25,72,1,0.5,120.0,0.0,0.0,0.6062992215156555
n368,P01_n158,75.5,0.25,53,3,0.5,120.0,0.0,0.0,0.36220473051071167
n366,P00_n181,75.5,0.5,65,1,0.5,120.0,0.0,0.0,0.3937007784843445
n367,P00_n182,75.5,0.5,69,1,0.5,120.0,0.0,-1.736965537071228,0.6062992215156555
n369,P01_n159,75.75,0.25,57,3,0.5,120.0,0.0,0.0,0.6692913174629211
n372,P01_n160,76.0,0.25,52,3,0.5,120.0,0.0,0.0,0.29921260476112366
n370,P00_n183,76.0,0.25,69,1,0.5,120.0,0.0,-0.736965537071228,0.4251968562602997
n371,P00_n184,76.0,0.25,72,1,0.5,120.0,0.0,0.0,0.4173228442668915
n375,P01_n161,76.25,0.25,59,3,0.5,120.0,0.0,0.0,0.4566929042339325
n374,P00_n185,76.25,0.25,74,1,0.5,120.0,0.0,0.0,0.5748031735420227
n378,P01_n162,76.5,0.25,56,3,0.5,120.0,0.0,0.0,0.33070865273475647
n376,P00_n186,76.5,0.5,68,1,0.5,120.0,0.0,0.0,0.23622047901153564
n377,P00_n187,76.5,0.5,71,1,0.5,120.0,0.0,-1.736965537071228,0.3858267664909363
n379,P01_n163,76.75,0.25,59,3,0.5,120.0,0.0,0.0,0.35433071851730347
n382,P01_n164,77.0,0.25,40,3,0.5,120.0,0.0,0.0,0.5826771855354309
n380,P00_n188,77.0,0.25,65,1,0.5,120.0,0.0,0.0,0.3937007784843445
n381,P00_n189,77.0,0.25,69,1,0.5,120.0,0.0,0.0,0.6377952694892883
n385,P01_n165,77.25,0.25,62,3,0.5,120.0,0.0,0.0,0.29921260476112366
n384,P00_n190,77.25,0.25,71,1,0.5,120.0,0.0,0.0,0.6062992215156555
n388,P01_n166,77.5,0.25,59,3,0.5,120.0,0.0,0.0,0.29921260476112366
n387,P00_n191,77.5,0.5,68,1,0.5,120.0,0.0,-1.736965537071228,0.5748031735420227
n389,P01_n167,77.75,0.25,62,3,0.5,120.0,0.0,0.0,0.6377952694892883
n393,P01_n168,78.0,1.0,57,3,0.5,120.0,0.0,0.0,0.4251968562602997
n390,P00_n192,78.0,2.0,60,1,0.5,120.0,0.0,0.0,0.33070865273475647
n391,P00_n193,78.0,2.0,64,1,0.5,120.0,0.0,-3.7369654178619385,0.29921260476112366
n392,P00_n194,78.0,2.0,69,1,0.5,120.0,0.0,0.0,0.4803149700164795
n394,P01_n169,79.0,1.0,45,3,0.5,120.0,0.0,0.0,0.35433071851730347
n395,P00_n195,80.25,0.25,81,1,0.5,120.0,0.0,0.0,0.4173228442668915
n396,P00_n196,80.5,0.25,80,1,0.5,120.0,0.0,0.0,0.6062992215156555
n397,P00_n197,80.75,0.25,81,1,0.5,120.0,0.0,0.0,0.7007874250411987
n398,P00_n198,81.0,0.25,83,1,0.5,120.0,0.0,0.0,0.6062992215156555
n399,P00_n199,81.25,0.25,86,1,0.5,120.0,0.0,0.0,0.5748031735420227
n400,P00_n200,81.5,0.25,80,1,0.5,120.0,0.0,0.0,0.6062992215156555
n403,P00_n201,81.75,0.25,83,1,0.5,120.0,0.0,0.0,0.6692913174629211
n405,P01_n170,82.0,0.5,52,3,0.5,120.0,0.0,-1.736965537071228,0.5196850299835205
n406,P01_n171,82.0,0.5,56,3,0.5,120.0,0.0,-1.736965537071228,0.4251968562602997
n404,P00_n202,82.0,0.25,76,1,0.5,120.0,0.0,0.0,0.7637795209884644
n407,P00_n203,82.25,0.25,80,1,0.5,120.0,0.0,0.0,0.5748031735420227
n409,P01_n172,82.5,0.5,52,3,0.5,120.0,0.0,-1.736965537071228,0.6456692814826965
n410,P01_n173,82.5,0.5,56,3,0.5,120.0,0.0,-1.736965537071228,0.4881889820098877
n408,P00_n204,82.5,0.25,71,1,0.5,120.0,0.0,0.0,0.5748031735420227
n411,P00_n205,82.75,0.25,80,1,0.5,120.0,0.0,0.0,0.6377952694892883
n415,P01_n174,83.0,1.0,52,3,0.5,120.0,0.0,-2.7369654178619385,0.3937007784843445
n416,P01_n175,83.0,1.0,57,3,0.5,120.0,0.0,0.0,0.4251968562602997
n412,P00_n206,83.0,1.0,72,1,0.5,120.0,0.0,0.0,0.5826771855354309
n413,P00_n207,83.0,1.0,76,1,0.5,120.0,0.0,0.0,0.5196850299835205
n414,P00_n208,83.0,1.0,81,1,0.5,120.0,0.0,0.0,0.5118110179901123
n417,P01_n176,84.0,1.0,45,3,0.5,120.0,0.0,0.0,0.6692913174629211
n418,P00_n209,84.25,0.25,69,1,0.5,120.0,0.0,0.0,0.6377952694892883
n419,P00_n210,84.5,0.25,68,1,0.5,120.0,0.0,0.0,0.5433070659637451
n420,P00_n211,84.75,0.25,69,1,0.5,120.0,0.0,0.0,0.6062992215156555
n421,P00_n212,85.0,0.25,71,1,0.5,120.0,0.0,0.0,0.6377952694892883
n422,P00_n213,85.25,0.25,74,1,0.5,120.0,0.0,0.0,0.4173228442668915
n423,P00_n214,85.5,0.25,68,1,0.5,120.0,0.0,0.0,0.7322834730148315
n426,P00_n215,85.75,0.25,71,1,0.5,120.0,0.0,0.0,0.5748031735420227
n428,P01_n177,86.0,0.5,40,3,0.5,120.0,0.0,-1.736965537071228,0.5196850299835205
n429,P01_n178,86.0,0.5,44,3,0.5,120.0,0.0,-1.736965537071228,0.4251968562602997
n427,P00_n216,86.0,0.25,64,1,0.5,120.0,0.0,0.0,0.5118110179901123
n430,P00_n217,86.25,0.25,68,1,0.5,120.0,0.0,0.0,0.35433071851730347
n432,P01_n179,86.5,0.5,40,3,0.5,120.0,0.0,-1.736965537071228,0.4566929042339325
n433,P01_n180,86.5,0.5,44,3,0.5,120.0,0.0,-1.736965537071228,0.33070865273475647
n431,P00_n218,86.5,0.25,59,1,0.5,120.0,0.0,0.0,0.6377952694892883
n434,P00_n219,86.75,0.25,62,1,0.5,120.0,0.0,0.0,0.6377952694892883
n438,P01_n181,87.0,1.0,40,3,0.5,120.0,0.0,-2.7369654178619385,0.4251968562602997
n439,P01_n182,87.0,1.0,45,3,0.5,120.0,0.0,0.0,0.5826771855354309
n435,P00_n220,87.0,1.0,60,1,0.5,120.0,0.0,0.0,0.33070865273475647
n436,P00_n221,87.0,1.0,64,1,0.5,120.0,0.0,0.0,0.36220473051071167
n437,P00_n222,87.0,1.0,69,1,0.5,120.0,0.0,0.0,0.5118110179901123
n440,P00_n223,88.25,0.25,81,1,0.5,120.0,0.0,0.0,0.7007874250411987
n441,P00_n224,88.5,0.25,80,1,0.5,120.0,0.0,0.0,0.5748031735420227
n442,P00_n225,88.75,0.25,81,1,0.5,120.0,0.0,0.0,0.7007874250411987
n443,P00_n226,89.0,0.25,83,1,0.5,120.0,0.0,0.0,0.6377952694892883
n444,P00_n227,89.25,0.25,86,1,0.5,120.0,0.0,0.0,0.32283464074134827
n445,P00_n228,89.5,0.25,80,1,0.5,120.0,0.0,0.0,0.5433070659637451
n448,P00_n229,89.75,0.25,83,1,0.5,120.0,0.0,0.0,0.4803149700164795
n450,P01_n183,90.0,0.5,52,3,0.5,120.0,0.0,-1.736965537071228,0.6141732335090637
n451,P01_n184,90.0,0.5,56,3,0.5,120.0,0.0,-1.736965537071228,0.29921260476112366
n449,P00_n230,90.0,0.25,76,1,0.5,120.0,0.0,0.0,0.5748031735420227
n452,P00_n231,90.25,0.25,80,1,0.5,120.0,0.0,0.0,0.7322834730148315
n454,P01_n185,90.5,0.5,52,3,0.5,120.0,0.0,-1.736965537071228,0.36220473051071167
n455,P01_n186,90.5,0.5,56,3,0.5,120.0,0.0,-1.736965537071228,0.4566929042339325
n453,P00_n232,90.5,0.25,71,1,0.5,120.0,0.0,0.0,0.6377952694892883
n456,P00_n233,90.75,0.25,74,1,0.5,120.0,0.0,0.0,0.6062992215156555
n457,P00_n234,91.0,0.25,84,1,0.5,120.0,0.0,0.0,0.4488188922405243
n458,P00_n235,91.25,0.25,88,1,0.5,120.0,0.0,0.0,0.5118110179901123
n459,P00_n236,91.5,0.25,81,1,0.5,120.0,0.0,0.0,0.6062992215156555
n462,P00_n237,91.75,0.25,84,1,0.5,120.0,0.0,0.0,0.5748031735420227
n464,P01_n187,92.0,0.5,57,3,0.5,120.0,0.0,-1.736965537071228,0.6141732335090637
n465,P01_n188,92.0,0.5,60,3,0.5,120.0,0.0,-1.736965537071228,0.4881889820098877
n463,P00_n238,92.0,0.25,76,1,0.5,120.0,0.0,0.0,0.6062992215156555
n466,P00_n239,92.25,0.25,81,1,0.5,120.0,0.0,0.0,0.5748031735420227
n468,P01_n189,92.5,0.5,57,3,0.5,120.0,0.0,-1.736965537071228,0.3937007784843445
n469,P01_n190,92.5,0.5,60,3,0.5,120.0,0.0,-1.736965537071228,0.3937007784843445
n467,P00_n240,92.5,0.5,72,1,0.5,120.0,0.0,0.0,0.6377952694892883
n470,P00_n241,93.0,0.25,86,1,0.5,120.0,0.0,0.0,0.5118110179901123
n471,P00_n242,93.25,0.25,89,1,0.5,120.0,0.0,0.0,0.6377952694892883
n472,P00_n243,93.5,0.25,83,1,0.5,120.0,0.0,0.0,0.5748031735420227
n475,P00_n244,93.75,0.25,86,1,0.5,120.0,0.0,0.0,0.8267716765403748
n477,P01_n191,94.0,0.5,59,3,0.5,120.0,0.0,-1.736965537071228,0.26771652698516846
n478,P01_n192,94.0,0.5,62,3,0.5,120.0,0.0,-1.736965537071228,0.4881889820098877
n476,P00_n245,94.0,0.25,79,1,0.5,120.0,0.0,0.0,0.6377952694892883
n479,P00_n246,94.25,0.25,83,1,0.5,120.0,0.0,0.0,0.5433070659637451
n481,P01_n193,94.5,0.5,59,3,0.5,120.0,0.0,-1.736965537071228,0.6141732335090637
n482,P01_n194,94.5,0.5,62,3,0.5,120.0,0.0,-1.736965537071228,0.26771652698516846
n480,P00_n247,94.5,0.25,74,1,0.5,120.0,0.0,0.0,0.6062992215156555
n483,P00_n248,94.75,0.25,79,1,0.5,120.0,0.0,0.0,0.6692913174629211
n485,P01_n195,95.0,1.0,60,3,0.5,120.0,0.0,0.0,0.6141732335090637
n486,P01_n196,95.0,1.0,64,3,0.5,120.0,0.0,0.0,0.4566929042339325
n484,P00_n249,95.0,0.25,88,1,0.5,120.0,0.0,0.0,0.5748031735420227
n487,P00_n250,95.25,0.25,91,1,0.5,120.0,0.0,0.0,0.35433071851730347
n488,P00_n251,95.5,0.25,84,1,0.5,120.0,0.0,0.0,0.7322834730148315
n489,P00_n252,95.75,0.25,88,1,0.5,120.0,0.0,0.0,0.5748031735420227
n490,P00_n253,96.0,0.25,81,1,0.5,120.0,0.0,0.0,0.6377952694892883
n491,P00_n254,96.25,0.25,84,1,0.5,120.0,0.0,0.0,0.5118110179901123
n492,P00_n255,96.5,0.25,76,1,0.5,120.0,0.0,0.0,0.4488188922405243
n493,P00_n256,96.75,0.25,81,1,0.5,120.0,0.0,0.0,0.6062992215156555
n495,P01_n197,97.0,0.25,53,3,0.5,120.0,0.0,0.0,0.4251968562602997
n494,P00_n257,97.0,0.25,65,1,0.5,120.0,0.0,0.0,0.7322834730148315
n497,P01_n198,97.25,0.25,52,3,0.5,120.0,0.0,0.0,0.5826771855354309
n496,P00_n258,97.25,0.25,64,1,0.5,120.0,0.0,0.0,0.5433070659637451
n499,P01_n199,97.5,0.25,50,3,0.5,120.0,0.0,0.0,0.36220473051071167
n498,P00_n259,97.5,0.25,62,1,0.5,120.0,0.0,0.0,0.19685038924217224
n501,P01_n200,97.75,0.25,48,3,0.5,120.0,0.0,0.0,0.4251968562602997
n500,P00_n260,97.75,0.25,60,1,0.5,120.0,0.0,0.0,0.6377952694892883
n503,P01_n201,98.0,0.25,47,3,0.5,120.0,0.0,0.0,0.4566929042339325
n502,P00_n261,98.0,0.25,59,1,0.5,120.0,0.0,0.0,0.6062992215156555
n507,P01_n202,98.5,0.25,44,3,0.5,120.0,0.0,-0.736965537071228,0.29921260476112366
n506,P00_n262,98.5,0.25,56,1,0.5,120.0,0.0,-0.736965537071228,0.5118110179901123
n511,P01_n203,99.0,0.5,52,3,0.5,120.0,0.0,-1.736965537071228,0.3937007784843445
n510,P00_n263,99.0,0.25,64,1,0.5,120.0,0.0,-0.736965537071228,0.4803149700164795
n512,P00_n264,99.25,0.25,62,1,0.5,120.0,0.0,0.0,0.5748031735420227
n514,P01_n204,99.5,0.5,40,3,0.5,120.0,0.0,0.0,0.4881889820098877
n515,P01_n205,99.5,0.5,44,3,0.5,120.0,0.0,0.0,0.3937007784843445
n513,P00_n265,99.5,0.25,60,1,0.5,120.0,0.0,0.0,0.4488188922405243
n516,P00_n266,99.75,0.25,59,1,0.5,120.0,0.0,0.0,0.4173228442668915
n518,P01_n206,100.0,0.5,48,3,0.5,120.0,0.0,0.0,0.5196850299835205
n517,P00_n267,100.0,0.25,57,1,0.5,120.0,0.0,0.0,0.6062992215156555
n519,P00_n268,100.25,0.25,55,1,0.5,120.0,0.0,0.0,0.6692913174629211
n521,P01_n207,100.5,0.5,40,3,0.5,120.0,0.0,0.0,0.29921260476112366
n520,P00_n269,100.5,0.25,53,1,0.5,120.0,0.0,0.0,0.5433070659637451
n523,P00_n270,100.75,0.25,50,1,0.5,120.0,0.0,0.0,0.3858267664909363
n525,P01_n208,101.0,1.0,45,3,0.5,120.0,0.0,-2.7369654178619385,0.4566929042339325
n526,P01_n209,101.0,1.0,48,3,0.5,120.0,0.0,0.0,0.5196850299835205
n524,P00_n271,101.0,0.25,52,1,0.5,120.0,0.0,0.0,0.4173228442668915
n527,P00_n272,101.25,0.25,57,1,0.5,120.0,0.0,0.0,0.6692913174629211
n528,P00_n273,101.5,0.25,60,1,0.5,120.0,0.0,0.0,0.6062992215156555
n529,P00_n274,101.75,0.25,64,1,0.5,120.0,0.0,0.0,0.6692913174629211
n530,P00_n275,102.0,0.25,52,1,0.5,120.0,0.0,0.0,0.3858267664909363
n533,P00_n276,102.25,0.25,64,1,0.5,120.0,0.0,0.0,0.6062992215156555
n535,P01_n210,102.5,0.5,44,3,0.5,120.0,0.0,-1.736965537071228,0.26771652698516846
n536,P01_n211,102.5,0.5,47,3,0.5,120.0,0.0,-1.736965537071228,0.29921260476112366
n534,P00_n277,102.5,0.25,56,1,0.5,120.0,0.0,0.0,0.4803149700164795
n537,P00_n278,102.75,0.25,64,1,0.5,120.0,0.0,0.0,0.6692913174629211
n539,P01_n212,103.0,1.0,45,3,0.5,120.0,0.0,0.0,0.4251968562602997
n540,P01_n213,103.0,1.0,48,3,0.5,120.0,0.0,0.0,0.6141732335090637
n538,P00_n279,103.0,0.25,52,1,0.5,120.0,0.0,0.0,0.7007874250411987
n541,P00_n280,103.25,0.25,57,1,0.5,120.0,0.0,0.0,0.4488188922405243
n542,P00_n281,103.5,0.25,60,1,0.5,120.0,0.0,0.0,0.4803149700164795
n543,P00_n282,103.75,0.25,64,1,0.5,120.0,0.0,0.0,0.4803149700164795
n544,P00_n283,104.0,0.25,52,1,0.5,120.0,0.0,0.0,0.4488188922405243
n547,P00_n284,104.25,0.25,64,1,0.5,120.0,0.0,0.0,0.4173228442668915
n549,P01_n214,104.5,0.5,44,3,0.5,120.0,0.0,-1.736965537071228,0.33070865273475647
n550,P01_n215,104.5,0.5,47,3,0.5,120.0,0.0,-1.736965537071228,0.4251968562602997
n548,P00_n285,104.5,0.25,56,1,0.5,120.0,0.0,0.0,0.6377952694892883
n551,P00_n286,104.75,0.25,64,1,0.5,120.0,0.0,0.0,0.5118110179901123
n553,P01_n216,105.0,1.0,40,3,0.5,120.0,0.0,0.0,0.23622047901153564
n554,P01_n217,105.0,1.0,48,3,0.5,120.0,0.0,0.0,0.5826771855354309
n552,P00_n287,105.0,0.25,52,1,0.5,120.0,0.0,0.0,0.5433070659637451
n555,P00_n288,105.25,0.25,57,1,0.5,120.0,0.0,0.0,0.5433070659637451
n556,P00_n289,105.5,0.25,60,1,0.5,120.0,0.0,0.0,0.6062992215156555
n557,P00_n290,105.75,0.25,64,1,0.5,120.0,0.0,0.0,0.3858267664909363
n558,P00_n291,106.0,0.25,52,1,0.5,120.0,0.0,0.0,0.6377952694892883
n561,P00_n292,106.25,0.25,64,1,0.5,120.0,0.0,0.0,0.3858267664909363
n563,P01_n218,106.5,0.5,47,3,0.5,120.0,0.0,-1.736965537071228,0.4251968562602997
n564,P01_n219,106.5,0.5,50,3,0.5,120.0,0.0,-1.736965537071228,0.3937007784843445
n562,P00_n293,106.5,0.25,56,1,0.5,120.0,0.0,0.0,0.35433071851730347
n565,P00_n294,106.75,0.25,64,1,0.5,120.0,0.0,0.0,0.6062992215156555
n567,P01_n220,107.0,2.0,45,3,0.5,120.0,0.0,0.0,0.6456692814826965
n568,P01_n221,107.0,2.0,48,3,0.5,120.0,0.0,0.0,0.5826771855354309
n569,P01_n222,107.0,2.0,52,3,0.5,120.0,0.0,0.0,0.33070865273475647
n566,P00_n295,107.0,2.0,57,1,0.5,120.0,0.0,0.0,0.4173228442668915
n572,P01_n223,110.0,0.5,45,3,0.5,120.0,0.0,0.0,0.4251968562602997
n571,P00_n296,110.0,0.5,76,2,0.5,120.0,0.0,0.0,0.23622047901153564
n574,P01_n224,110.5,0.5,52,3,0.5,120.0,0.0,0.0,0.4251968562602997
n573,P00_n297,110.5,0.5,74,2,0.5,120.0,0.0,0.0,0.6377952694892883
n577,P01_n225,111.0,0.5,60,3,0.5,120.0,0.0,0.0,0.5826771855354309
n576,P00_n298,111.0,0.5,72,2,0.5,120.0,0.0,0.0,0.3937007784843445
n575,P00_n299,111.0,0.5,81,1,0.5,120.0,0.0,0.0,0.4173228442668915
n580,P01_n226,111.5,0.5,57,3,0.5,120.0,0.0,0.0,0.4566929042339325
n579,P00_n300,111.5,0.5,71,2,0.5,120.0,0.0,0.0,0.5511810779571533
n578,P00_n301,111.5,0.5,79,1,0.5,120.0,0.0,0.0,0.5118110179901123
n583,P01_n227,112.0,0.5,64,3,0.5,120.0,0.0,0.0,0.4251968562602997
n582,P00_n302,112.0,0.5,72,2,0.5,120.0,0.0,0.0,0.5826771855354309
n581,P00_n303,112.0,1.0,81,1,0.5,120.0,0.0,0.0,0.4173228442668915
n585,P01_n228,112.5,0.5,52,3,0.5,120.0,0.0,0.0,0.4566929042339325
n584,P00_n304,112.5,0.5,69,2,0.5,120.0,0.0,0.0,0.7007874250411987
n587,P01_n229,113.0,0.5,45,3,0.5,120.0,0.0,0.0,0.29921260476112366
n586,P00_n305,113.0,0.5,79,1,0.5,120.0,0.0,0.0,0.4803149700164795
n589,P01_n230,113.5,0.5,53,3,0.5,120.0,0.0,0.0,0.26771652698516846
n588,P00_n306,113.5,0.5,81,1,0.5,120.0,0.0,0.0,0.4173228442668915
n591,P01_n231,114.0,0.5,60,3,0.5,120.0,0.0,0.0,0.26771652698516846
n590,P00_n307,114.0,2.0,76,1,0.5,120.0,0.0,0.0,0.7007874250411987
n592,P01_n232,114.5,0.5,57,3,0.5,120.0,0.0,0.0,0.6062992215156555
n593,P01_n233,115.0,0.5,65,3,0.5,120.0,0.0,0.0,0.6692913174629211
n594,P01_n234,115.5,0.5,53,3,0.5,120.0,0.0,0.0,0.5433070659637451
n596,P01_n235,116.0,0.5,45,3,0.5,120.0,0.0,0.0,0.4566929042339325
n595,P00_n308,116.0,1.0,74,1,0.5,120.0,0.0,0.0,0.6377952694892883
n597,P01_n236,116.5,0.5,56,3,0.5,120.0,0.0,0.0,0.5748031735420227
n599,P01_n237,117.0,0.5,62,3,0.5,120.0,0.0,0.0,0.33070865273475647
n598,P00_n309,117.0,0.5,64,1,0.5,120.0,0.0,0.0,0.6692913174629211
n601,P01_n238,117.5,0.5,59,3,0.5,120.0,0.0,0.0,0.4566929042339325
n600,P00_n310,117.5,0.5,65,1,0.5,120.0,0.0,0.0,0.6062992215156555
n603,P01_n239,118.0,0.5,65,3,0.5,120.0,0.0,0.0,0.5196850299835205
n602,P00_n311,118.0,0.75,79,1,0.5,120.0,0.0,0.0,0.3858267664909363
n604,P01_n240,118.5,0.5,53,3,0.5,120.0,0.0,0.0,0.32283464074134827
n605,P00_n312,118.75,0.25,77,1,0.5,120.0,0.0,0.0,0.7007874250411987
n607,P01_n241,119.0,0.5,45,3,0.5,120.0,0.0,0.0,0.23622047901153564
n606,P00_n313,119.0,3.0,76,1,0.5,120.0,0.0,0.0,0.4488188922405243
n608,P01_n242,119.5,0.5,52,3,0.5,120.0,0.0,0.0,0.5118110179901123
n609,P01_n243,120.0,0.5,60,3,0.5,120.0,0.0,0.0,0.5748031735420227
n610,P01_n244,120.5,0.5,57,3,0.5,120.0,0.0,0.0,0.3858267664909363
n611,P01_n245,121.0,0.5,64,3,0.5,120.0,0.0,0.0,0.4173228442668915
n612,P01_n246,121.5,0.5,52,3,0.5,120.0,0.0,0.0,0.3858267664909363
n614,P01_n247,122.0,0.5,41,3,0.5,120.0,0.0,0.0,0.33070865273475647
n615,P01_n248,122.5,0.5,53,3,0.5,120.0,0.0,0.0,0.6377952694892883
n618,P01_n249,123.0,0.5,60,3,0.5,120.0,0.0,0.0,0.29921260476112366
n616,P00_n314,123.0,0.5,81,1,0.5,120.0,0.0,-1.736965537071228,0.4251968562602997
n617,P00_n315,123.0,0.5,84,1,0.5,120.0,0.0,0.0,0.6692913174629211
n621,P01_n250,123.5,0.5,57,3,0.5,120.0,0.0,0.0,0.26771652698516846
n619,P00_n316,123.5,0.5,79,1,0.5,120.0,0.0,0.0,0.33070865273475647
n620,P00_n317,123.5,0.5,83,1,0.5,120.0,0.0,0.0,0.5748031735420227
n624,P01_n251,124.0,0.5,65,3,0.5,120.0,0.0,0.0,0.4881889820098877
n622,P00_n318,124.0,0.75,77,1,0.5,120.0,0.0,0.0,0.5511810779571533
n623,P00_n319,124.0,0.75,81,1,0.5,120.0,0.0,0.0,0.5118110179901123
n625,P01_n252,124.5,0.5,53,3,0.5,120.0,0.0,0.0,0.5118110179901123
n626,P00_n320,124.75,0.25,72,1,0.5,120.0,0.0,0.0,0.26771652698516846
n630,P01_n253,125.0,0.5,38,3,0.5,120.0,0.0,0.0,0.5196850299835205
n628,P00_n321,125.0,1.0,76,1,0.5,120.0,0.0,-2.7369654178619385,0.4566929042339325
n629,P00_n322,125.0,1.0,79,1,0.5,120.0,0.0,0.0,0.6062992215156555
n631,P01_n254,125.5,0.5,45,3,0.5,120.0,0.0,0.0,0.5433070659637451
n634,P01_n255,126.0,0.5,57,3,0.5,120.0,0.0,0.0,0.26771652698516846
n633,P00_n323,126.0,2.0,77,1,0.5,120.0,0.0,0.0,0.5118110179901123
n635,P01_n256,126.5,0.5,53,3,0.5,120.0,0.0,0.0,0.6377952694892883
n636,P01_n257,127.0,0.5,62,3,0.5,120.0,0.0,0.0,0.3858267664909363
n637,P01_n258,127.5,0.5,50,3,0.5,120.0,0.0,0.0,0.6377952694892883
n639,P01_n259,128.0,0.5,40,3,0.5,120.0,0.0,0.0,0.4566929042339325
n638,P00_n324,128.0,0.5,74,1,0.5,120.0,0.0,-1.736965537071228,0.6377952694892883
n641,P01_n260,128.5,0.5,52,3,0.5,120.0,0.0,0.0,0.29921260476112366
n640,P00_n325,128.5,0.5,73,1,0.5,120.0,0.0,0.0,0.5748031735420227
n643,P01_n261,129.0,0.5,59,3,0.5,120.0,0.0,0.0,0.5196850299835205
n642,P00_n326,129.0,0.5,74,1,0.5,120.0,0.0,0.0,0.6062992215156555
n645,P01_n262,129.5,0.5,56,3,0.5,120.0,0.0,0.0,0.4566929042339325
n644,P00_n327,129.5,0.5,77,1,0.5,120.0,0.0,0.0,0.5748031735420227
n647,P01_n263,130.0,0.5,68,3,0.5,120.0,0.0,0.0,0.3937007784843445
n646,P00_n328,130.0,0.5,76,1,0.5,120.0,0.0,0.0,0.5748031735420227
n649,P01_n264,130.5,0.5,59,3,0.5,120.0,0.0,0.0,0.5511810779571533
n652,P01_n265,131.0,0.5,45,3,0.5,120.0,0.0,0.0,0.26771652698516846
n653,P00_n329,131.0,0.0,64,1,0.5,120.0,0.0,0.0,0.4566929042339325
n650,P00_n330,131.0,1.0,71,1,0.5,120.0,0.0,0.0,0.4881889820098877
n651,P00_n331,131.0,1.0,74,1,0.5,120.0,0.0,0.0,0.5748031735420227
n654,P01_n266,131.5,0.5,52,3,0.5,120.0,0.0,0.0,0.6692913174629211
n657,P01_n267,132.0,0.5,60,3,0.5,120.0,0.0,0.0,0.4251968562602997
n655,P00_n332,132.0,2.0,69,1,0.5,120.0,0.0,0.0,0.4251968562602997
n656,P00_n333,132.0,2.0,72,1,0.5,120.0,0.0,0.0,0.5433070659637451
n658,P01_n268,132.5,0.5,57,3,0.5,120.0,0.0,0.0,0.5433070659637451
n659,P01_n269,133.0,0.5,64,3,0.5,120.0,0.0,0.0,0.5118110179901123
n660,P01_n270,133.5,0.5,52,3,0.5,120.0,0.0,0.0,0.3858267664909363
n662,P01_n271,134.0,0.5,45,3,0.4973652958869934,120.6356786373624,0.0,0.007622278295457363,0.3937007784843445
n661,P00_n334,134.0,0.3330078125,76,1,0.4973652958869934,120.6356786373624,0.0,-1.3239357940619811e-05,0.7007874250411987
n663,P00_n335,134.3330078125,0.333984375,75,1,0.5052540302276611,118.75214527821728,0.0,-0.0178957749158144,0.5433070659637451
n664,P01_n272,134.5,0.5,52,3,0.4990405738353729,120.23070496827624,0.0,0.0027709887363016605,0.4173228442668915
n665,P00_n336,134.6669921875,0.3330078125,76,1,0.500481128692627,119.88464011966634,0.0,-0.009023074060678482,0.5748031735420227
n667,P01_n273,135.0,0.5,60,3,0.4973652958869934,120.6356786373624,0.0,0.007622278295457363,0.4566929042339325
n666,P00_n337,135.0,0.3330078125,83,1,0.4973652958869934,120.6356786373624,0.0,-1.3239357940619811e-05,0.4803149700164795
n668,P00_n338,135.3330078125,0.333984375,81,1,0.5052540302276611,118.75214527821728,0.0,-0.0178957749158144,0.4173228442668915
n669,P01_n274,135.5,0.5,57,3,0.4990405738353729,120.23070496827624,0.0,0.0027709887363016605,0.4803149700164795
n670,P00_n339,135.6669921875,0.3330078125,76,1,0.500481128692627,119.88464011966634,0.0,-0.009023074060678482,0.6377952694892883
n672,P01_n275,136.0,0.5,64,3,0.4973652958869934,120.6356786373624,0.0,0.007622278295457363,0.3937007784843445
n671,P00_n340,136.0,0.3330078125,72,1,0.4973652958869934,120.6356786373624,0.0,-1.3239357940619811e-05,0.5433070659637451
n673,P00_n341,136.3330078125,0.333984375,69,1,0.5052540302276611,118.75214527821728,0.0,-0.0178957749158144,0.6692913174629211
n674,P01_n276,136.5,0.5,52,3,0.4990405738353729,120.23070496827624,0.0,0.0027709887363016605,0.5433070659637451
n675,P00_n342,136.6669921875,0.3330078125,64,1,0.500481128692627,119.88464011966634,0.0,-0.009023074060678482,0.5433070659637451
n677,P01_n277,137.0,0.5,45,3,0.4973652958869934,120.6356786373624,0.0,0.007622278295457363,0.33070865273475647
n676,P00_n343,137.0,0.5,79,1,0.4973652958869934,120.6356786373624,0.0,0.007622278295457363,0.5748031735420227
n678,P00_n344,137.3330078125,0.333984375,67,2,0.5052540302276611,118.75214527821728,0.0,-0.0178957749158144,0.3858267664909363
n680,P01_n278,137.5,0.5,53,3,0.4990405738353729,120.23070496827624,0.0,0.0027709887363016605,0.4566929042339325
n679,P00_n345,137.5,0.5,81,1,0.4990405738353729,120.23070496827624,0.0,0.0027709887363016605,0.6377952694892883
n681,P00_n346,137.6669921875,0.3330078125,68,2,0.500481128692627,119.88464011966634,0.0,-0.009023074060678482,0.3858267664909363
n684,P01_n279,138.0,0.5,60,3,0.5,120.0,0.0,0.0,0.29921260476112366
n683,P00_n347,138.0,2.0,69,2,0.5,120.0,0.0,0.0,0.23622047901153564
n682,P00_n348,138.0,2.0,77,1,0.5,120.0,0.0,0.0,0.5748031735420227
n685,P01_n280,138.5,0.5,57,3,0.5,120.0,0.0,0.0,0.4488188922405243
n686,P01_n281,139.0,0.5,65,3,0.5,120.0,0.0,0.0,0.35433071851730347
n687,P01_n282,139.5,0.5,53,3,0.5,120.0,0.0,0.0,0.5118110179901123
n689,P01_n283,140.0,0.5,45,3,0.5,120.0,0.0,0.0,0.5826771855354309
n688,P00_n349,140.0,0.5,74,1,0.5,120.0,0.0,0.0,0.6377952694892883
n691,P01_n284,140.5,0.5,56,3,0.5,120.0,0.0,0.0,0.4881889820098877
n690,P00_n350,140.5,0.25,89,1,0.5,120.0,0.0,0.0,0.4803149700164795
n692,P00_n351,140.75,0.25,85,1,0.5,120.0,0.0,0.0,0.3858267664909363
n694,P01_n285,141.0,0.5,62,3,0.4990405738353729,120.23070496827624,0.0,0.0027709887363016605,0.6456692814826965
n693,P00_n352,141.0,0.1669921875,88,1,0.4990405738353729,120.23070496827624,0.0,-4.398389137350023e-05,0.5118110179901123
n695,P00_n353,141.1669921875,0.166015625,86,1,0.49568015336990356,121.04579857008059,0.0,1.789501402527094e-05,0.5433070659637451
n696,P00_n354,141.3330078125,0.1669921875,81,1,0.5052540302276611,118.75214527821728,0.0,-0.0178957749158144,0.5748031735420227
n698,P01_n286,141.5,0.5,59,3,0.4990405738353729,120.23070496827624,0.0,0.0027709887363016605,0.33070865273475647
n697,P00_n355,141.5,0.1669921875,77,1,0.4990405738353729,120.23070496827624,0.0,-4.398389137350023e-05,0.4173228442668915
n699,P00_n356,141.6669921875,0.166015625,74,1,0.49568015336990356,121.04579857008059,0.0,1.789501402527094e-05,0.6377952694892883
n700,P00_n357,141.8330078125,0.1669921875,69,1,0.5052540302276611,118.75214527821728,0.0,-0.0178957749158144,0.6692913174629211
n702,P01_n287,142.0,0.5,65,3,0.4990405738353729,120.23070496827624,0.0,0.0027709887363016605,0.4566929042339325
n701,P00_n358,142.0,0.1669921875,70,1,0.4990405738353729,120.23070496827624,0.0,-4.398389137350023e-05,0.5748031735420227
n703,P00_n359,142.1669921875,0.166015625,71,1,0.49568015336990356,121.04579857008059,0.0,1.789501402527094e-05,0.4488188922405243
n704,P00_n360,142.3330078125,0.1669921875,72,1,0.5052540302276611,118.75214527821728,0.0,-0.0178957749158144,0.6692913174629211
n706,P01_n288,142.5,0.5,53,3,0.4990405738353729,120.23070496827624,0.0,0.0027709887363016605,0.4881889820098877
n705,P00_n361,142.5,0.1669921875,73,1,0.4990405738353729,120.23070496827624,0.0,-4.398389137350023e-05,0.4803149700164795
n707,P00_n362,142.6669921875,0.166015625,74,1,0.49568015336990356,121.04579857008059,0.0,1.789501402527094e-05,0.5118110179901123
n708,P00_n363,142.8330078125,0.1669921875,75,1,0.5052540302276611,118.75214527821728,0.0,-0.0178957749158144,0.6377952694892883
n711,P01_n289,143.0,0.5,45,3,0.5,120.0,0.0,0.0,0.3937007784843445
n712,P01_n290,143.5,0.5,52,3,0.5,120.0,0.0,0.0,0.5748031735420227
n713,P00_n364,143.75,0.25,74,1,0.5,120.0,0.0,-0.736965537071228,0.4566929042339325
n714,P00_n365,143.75,0.25,77,1,0.5,120.0,0.0,-0.736965537071228,0.6062992215156555
n717,P01_n291,144.0,0.5,60,3,0.5,120.0,0.0,0.0,0.5196850299835205
n715,P00_n366,144.0,2.0,72,1,0.5,120.0,0.0,0.0,0.14173229038715363
n716,P00_n367,144.0,2.0,76,1,0.5,120.0,0.0,0.0,0.5118110179901123
n718,P01_n292,144.5,0.5,57,3,0.5,120.0,0.0,0.0,0.35433071851730347
n719,P01_n293,145.0,0.5,64,3,0.5,120.0,0.0,0.0,0.35433071851730347
n720,P01_n294,145.5,0.5,52,3,0.5,120.0,0.0,0.0,0.5433070659637451
n722,P01_n295,146.0,0.5,41,3,0.5,120.0,0.0,0.0,0.36220473051071167
n721,P00_n368,146.0,0.5,81,1,0.5,120.0,0.0,0.0,0.5433070659637451
n724,P01_n296,146.5,0.5,57,3,0.5,120.0,0.0,0.0,0.33070865273475647
n723,P00_n369,146.5,0.5,80,1,0.5,120.0,0.0,0.0,0.4803149700164795
n726,P01_n297,147.0,0.5,60,3,0.4973652958869934,120.6356786373624,0.0,0.007622278295457363,0.4566929042339325
n725,P00_n370,147.0,0.3330078125,83,1,0.4973652958869934,120.6356786373624,0.0,-1.3239357940619811e-05,0.5433070659637451
n727,P00_n371,147.3330078125,0.333984375,81,1,0.5052540302276611,118.75214527821728,0.0,-0.0178957749158144,0.6377952694892883
n728,P01_n298,147.5,0.5,57,3,0.4990405738353729,120.23070496827624,0.0,0.0027709887363016605,0.3858267664909363
n729,P00_n372,147.6669921875,0.3330078125,76,1,0.500481128692627,119.88464011966634,0.0,-0.009023074060678482,0.5433070659637451
n731,P01_n299,148.0,0.5,65,3,0.4973652958869934,120.6356786373624,0.0,0.007622278295457363,0.5196850299835205
n730,P00_n373,148.0,0.3330078125,72,1,0.4973652958869934,120.6356786373624,0.0,-1.3239357940619811e-05,0.6062992215156555
n732,P00_n374,148.3330078125,0.333984375,69,1,0.5052540302276611,118.75214527821728,0.0,-0.0178957749158144,0.5433070659637451
n733,P01_n300,148.5,0.5,53,3,0.4990405738353729,120.23070496827624,0.0,0.0027709887363016605,0.3858267664909363
n734,P00_n375,148.6669921875,0.3330078125,64,1,0.500481128692627,119.88464011966634,0.0,-0.009023074060678482,0.5748031735420227
n737,P01_n301,149.0,0.5,38,3,0.5,120.0,0.0,0.0,0.26771652698516846
n735,P00_n376,149.0,1.0,72,1,0.5,120.0,0.0,0.0,0.26771652698516846
n736,P00_n377,149.0,1.0,76,1,0.5,120.0,0.0,0.0,0.35433071851730347
n738,P01_n302,149.5,0.5,45,3,0.5,120.0,0.0,0.0,0.6377952694892883
n741,P01_n303,150.0,0.5,57,3,0.5,120.0,0.0,0.0,0.4566929042339325
n740,P00_n378,150.0,2.0,74,1,0.5,120.0,0.0,0.0,0.4173228442668915
n742,P01_n304,150.5,0.5,53,3,0.5,120.0,0.0,0.0,0.6062992215156555
n743,P01_n305,151.0,0.5,62,3,0.5,120.0,0.0,0.0,0.4803149700164795
n744,P01_n306,151.5,0.5,50,3,0.5,120.0,0.0,0.0,0.29133859276771545
n746,P01_n307,152.0,0.5,40,3,0.4973652958869934,120.6356786373624,0.0,0.007622278295457363,0.20472441613674164
n745,P00_n379,152.0,0.3330078125,71,1,0.4973652958869934,120.6356786373624,0.0,-1.142971158027649,0.5748031735420227
n747,P00_n380,152.3330078125,0.333984375,64,1,0.5052540302276611,118.75214527821728,0.0,-0.0178957749158144,0.4803149700164795
n748,P01_n308,152.5,0.5,52,3,0.4990405738353729,120.23070496827624,0.0,0.0027709887363016605,0.6377952694892883
n749,P00_n381,152.6669921875,0.3330078125,65,1,0.500481128692627,119.88464011966634,0.0,-0.009023074060678482,0.4488188922405243
n751,P01_n309,153.0,0.5,59,3,0.5,120.0,0.0,0.0,0.5196850299835205
n750,P00_n382,153.0,0.25,66,1,0.5,120.0,0.0,0.0,0.6377952694892883
n752,P00_n383,153.25,0.25,67,1,0.5,120.0,0.0,0.0,0.5748031735420227
n754,P01_n310,153.5,0.5,56,3,0.5,120.0,0.0,0.0,0.5826771855354309
n753,P00_n384,153.5,0.25,68,1,0.5,120.0,0.0,0.0,0.6377952694892883
n755,P00_n385,153.75,0.25,69,1,0.5,120.0,0.0,0.0,0.4803149700164795
n757,P01_n311,154.0,0.5,68,3,0.4931955635547638,121.65559553606504,0.0,0.01976826973259449,0.4251968562602997
n756,P00_n386,154.0,0.0908203125,70,1,0.4931955635547638,121.65559553606504,0.0,0.7436439394950867,0.32283464074134827
n758,P00_n387,154.0908203125,0.0908203125,71,1,0.5046203136444092,118.90127760944678,0.0,0.7106055021286011,0.6062992215156555
n759,P00_n388,154.181640625,0.0908203125,72,1,0.4931955635547638,121.65559553606504,0.0,0.7436439394950867,0.5433070659637451
n760,P00_n389,154.2724609375,0.0908203125,73,1,0.5047042965888977,118.88149240162394,0.0,0.710365355014801,0.4173228442668915
n761,P00_n390,154.36328125,0.0908203125,74,1,0.4931955635547638,121.65559553606504,0.0,0.7436439394950867,0.4803149700164795
n762,P00_n391,154.4541015625,0.091796875,75,1,0.5219414830207825,114.9554154092997,0.0,0.6464856266975403,0.4488188922405243
n763,P01_n312,154.5,0.5,59,3,0.4993351101875305,120.15978603520664,0.0,0.0019197541987523437,0.5433070659637451
n764,P00_n392,154.5458984375,0.0908203125,76,1,0.4931955635547638,121.65559553606504,0.0,0.7436439394950867,0.6377952694892883
n765,P00_n393,154.63671875,0.0908203125,77,1,0.5046203136444092,118.90127760944678,0.0,0.7106055021286011,0.5433070659637451
n766,P00_n394,154.7275390625,0.0908203125,78,1,0.4931955635547638,121.65559553606504,0.0,0.7436439394950867,0.5433070659637451
n767,P00_n395,154.818359375,0.0908203125,79,1,0.5047042965888977,118.88149240162394,0.0,0.710365355014801,0.5433070659637451
n768,P00_n396,154.9091796875,0.0908203125,80,1,0.5046203136444092,118.90127760944678,0.0,0.7106055021286011,0.5433070659637451
n770,P01_n313,155.0,0.5,45,3,0.5,120.0,0.0,0.0,0.4251968562602997
n771,P00_n397,155.0,0.0,69,1,0.5,120.0,0.0,0.0,0.4881889820098877
n769,P00_n398,155.0,3.0,81,1,0.5,120.0,0.0,0.0,0.6062992215156555
n772,P01_n314,155.5,0.5,52,3,0.5,120.0,0.0,0.0,0.5748031735420227
n773,P01_n315,156.0,0.5,60,3,0.5,120.0,0.0,0.0,0.6062992215156555
n774,P01_n316,156.5,0.5,57,3,0.5,120.0,0.0,0.0,0.6377952694892883
n775,P01_n317,157.0,0.5,64,3,0.5,120.0,0.0,0.0,0.5433070659637451
n776,P01_n318,157.5,0.5,52,3,0.5,120.0,0.0,0.0,0.5433070659637451
n779,P01_n319,158.0,0.5,36,3,0.5,120.0,0.0,0.0,0.5511810779571533
n777,P00_n399,158.0,3.0,64,1,0.5,120.0,0.0,0.0,0.26771652698516846
n778,P00_n400,158.0,3.0,76,1,0.5,120.0,0.0,0.0,0.7322834730148315
n780,P01_n320,158.5,0.5,43,3,0.5,120.0,0.0,0.0,0.6062992215156555
n781,P01_n321,159.0,0.5,52,3,0.5,120.0,0.0,0.0,0.6377952694892883
n782,P01_n322,159.5,0.5,48,3,0.5,120.0,0.0,0.0,0.3858267664909363
n783,P01_n323,160.0,0.5,60,3,0.5,120.0,0.0,0.0,0.4488188922405243
n784,P01_n324,160.5,0.5,52,3,0.5,120.0,0.0,0.0,0.6377952694892883
n787,P01_n325,161.0,0.5,36,3,0.5,120.0,0.0,0.0,0.36220473051071167
n785,P00_n401,161.0,3.0,63,1,0.5,120.0,0.0,0.0,0.26771652698516846
n786,P00_n402,161.0,3.0,75,1,0.5,120.0,0.0,0.0,0.4803149700164795
n788,P01_n326,161.5,0.5,42,3,0.5,120.0,0.0,0.0,0.4488188922405243
n789,P01_n327,162.0,0.5,51,3,0.5,120.0,0.0,0.0,0.5433070659637451
n790,P01_n328,162.5,0.5,48,3,0.5,120.0,0.0,0.0,0.6692913174629211
n791,P01_n329,163.0,0.5,60,3,0.5,120.0,0.0,0.0,0.4173228442668915
n792,P01_n330,163.5,0.5,51,3,0.5,120.0,0.0,0.0,0.6377952694892883
n795,P01_n331,164.0,0.5,36,3,0.5,120.0,0.0,0.0,0.4251968562602997
n793,P00_n403,164.0,1.0,62,1,0.5,120.0,0.0,0.0,0.3937007784843445
n794,P00_n404,164.0,1.0,74,1,0.5,120.0,0.0,0.0,0.6377952694892883
n796,P01_n332,164.5,0.5,43,3,0.5,120.0,0.0,0.0,0.5118110179901123
n799,P01_n333,165.0,0.5,50,3,0.5,120.0,0.0,0.0,0.5511810779571533
n797,P00_n405,165.0,0.5,69,1,0.5,120.0,0.0,0.0,0.3937007784843445
n798,P00_n406,165.0,0.5,81,1,0.5,120.0,0.0,0.0,0.6377952694892883
n802,P01_n334,165.5,0.5,47,3,0.5,120.0,0.0,0.0,0.5196850299835205
n800,P00_n407,165.5,0.5,67,1,0.5,120.0,0.0,0.0,0.5196850299835205
n801,P00_n408,165.5,0.5,79,1,0.5,120.0,0.0,0.0,0.5748031735420227
n805,P01_n335,166.0,0.5,55,3,0.5,120.0,0.0,0.0,0.33070865273475647
n803,P00_n409,166.0,0.75,62,1,0.5,120.0,0.0,0.0,0.5511810779571533
n804,P00_n410,166.0,0.75,74,1,0.5,120.0,0.0,0.0,0.5433070659637451
n806,P01_n336,166.5,0.5,50,3,0.5,120.0,0.0,0.0,0.3858267664909363
n807,P00_n411,166.75,0.25,63,1,0.5,120.0,0.0,0.0,0.5826771855354309
n808,P00_n412,166.75,0.25,75,1,0.5,120.0,0.0,0.0,0.7637795209884644
n811,P01_n337,167.0,0.5,36,3,0.5,120.0,0.0,0.0,0.4881889820098877
n809,P00_n413,167.0,1.0,65,1,0.5,120.0,0.0,0.0,0.3937007784843445
n810,P00_n414,167.0,1.0,77,1,0.5,120.0,0.0,0.0,0.6062992215156555
n812,P01_n338,167.5,0.5,43,3,0.5,120.0,0.0,0.0,0.6062992215156555
n815,P01_n339,168.0,0.5,52,3,0.5,120.0,0.0,0.0,0.3937007784843445
n813,P00_n415,168.0,2.0,64,1,0.5,120.0,0.0,0.0,0.4566929042339325
n816,P01_n340,168.5,0.5,48,3,0.5,120.0,0.0,0.0,0.4803149700164795
n817,P01_n341,169.0,1.0,35,3,0.5,120.0,0.0,0.0,0.5748031735420227
n820,P01_n342,170.0,0.5,33,3,0.5,120.0,0.0,0.0,0.4251968562602997
n818,P00_n416,170.0,0.5,72,1,0.5,120.0,0.0,0.0,0.23622047901153564
n819,P00_n417,170.0,0.5,76,1,0.5,120.0,0.0,-1.736965537071228,0.6377952694892883
n822,P01_n343,170.5,0.5,52,3,0.5,120.0,0.0,0.0,0.26771652698516846
n821,P00_n418,170.5,0.5,84,1,0.5,120.0,0.0,0.0,0.5433070659637451
n824,P01_n344,171.0,0.5,60,3,0.5,120.0,0.0,0.0,0.29921260476112366
n823,P00_n419,171.0,0.5,83,1,0.5,120.0,0.0,0.0,0.6377952694892883
n826,P01_n345,171.5,0.5,57,3,0.5,120.0,0.0,0.0,0.4881889820098877
n825,P00_n420,171.5,0.5,80,1,0.5,120.0,0.0,0.0,0.6692913174629211
n828,P01_n346,172.0,0.5,64,3,0.5,120.0,0.0,0.0,0.33070865273475647
n827,P00_n421,172.0,0.5,83,1,0.5,120.0,0.0,0.0,0.5748031735420227
n830,P01_n347,172.5,0.5,60,3,0.5,120.0,0.0,0.0,0.4566929042339325
n829,P00_n422,172.5,0.5,81,1,0.5,120.0,0.0,0.0,0.7007874250411987
n832,P01_n348,173.0,0.5,45,3,0.4973652958869934,120.6356786373624,0.0,0.007622278295457363,0.5826771855354309
n831,P00_n423,173.0,0.5,79,1,0.4973652958869934,120.6356786373624,0.0,0.007622278295457363,0.35433071851730347
n833,P00_n424,173.3330078125,0.333984375,67,2,0.5052540302276611,118.75214527821728,0.0,-0.0178957749158144,0.5748031735420227
n835,P01_n349,173.5,0.5,53,3,0.4990405738353729,120.23070496827624,0.0,0.0027709887363016605,0.5511810779571533
n834,P00_n425,173.5,0.5,81,1,0.4990405738353729,120.23070496827624,0.0,0.0027709887363016605,0.3858267664909363
n836,P00_n426,173.6669921875,0.3330078125,68,2,0.500481128692627,119.88464011966634,0.0,-0.009023074060678482,0.6062992215156555
n839,P01_n350,174.0,0.5,60,3,0.5,120.0,0.0,0.0,0.5196850299835205
n838,P00_n427,174.0,2.0,69,2,0.5,120.0,0.0,0.0,0.4251968562602997
n837,P00_n428,174.0,2.0,77,1,0.5,120.0,0.0,0.0,0.6692913174629211
n840,P01_n351,174.5,0.5,57,3,0.5,120.0,0.0,0.0,0.4803149700164795
n841,P01_n352,175.0,0.5,65,3,0.5,120.0,0.0,0.0,0.5118110179901123
n842,P01_n353,175.5,0.5,53,3,0.5,120.0,0.0,0.0,0.4173228442668915
n845,P01_n354,176.0,1.0,40,3,0.5,120.0,0.0,0.0,0.29921260476112366
n843,P00_n429,176.0,0.5,68,1,0.5,120.0,0.0,0.0,0.4566929042339325
n844,P00_n430,176.0,0.5,71,1,0.5,120.0,0.0,0.0,0.4803149700164795
n846,P00_n431,176.5,0.25,88,1,0.5,120.0,0.0,0.0,0.4173228442668915
n847,P00_n432,176.75,0.25,87,1,1.5,40.0,0.0,-1.5849624872207642,0.5433070659637451
n849,P01_n357,177.0,4.0,52,3,0.029304029420018196,2047.4999918957474,-0.75,-0.6442083716392517,0.5196850299835205
n850,P01_n355,177.0,2.0,56,3,0.029304029420018196,2047.4999918957474,0.25,4.092757225036621,0.3937007784843445
n851,P01_n356,177.0,2.0,62,3,0.029304029420018196,2047.4999918957474,0.25,4.092757225036621,0.3937007784843445
n848,P00_n433,177.0,0.1337890625,86,1,0.029304029420018196,2047.4999918957474,0.25,4.2577595710754395,0.5748031735420227
n852,P00_n434,177.1337890625,0.1328125,85,1,0.029304029420018196,2047.4999918957474,0.1872549057006836,4.268328666687012,0.6062992215156555
n853,P00_n435,177.2666015625,0.1337890625,84,1,0.029304029420018196,2047.4999918957474,0.125518798828125,4.2577595710754395,0.5118110179901123
n854,P00_n436,177.400390625,0.1328125,83,1,0.029304029420018196,2047.4999918957474,0.06173611059784889,4.268328666687012,0.5748031735420227
n855,P00_n437,177.533203125,0.1337890625,82,1,0.5061017274856567,118.55324086341997,0.0,0.147503063082695,0.5748031735420227
n856,P00_n438,177.6669921875,0.1328125,81,1,0.4940831661224365,121.43704565140288,0.0,0.19274577498435974,0.5433070659637451
n857,P00_n439,177.7998046875,0.1337890625,80,1,0.5061017274856567,118.55324086341997,0.0,0.147503063082695,0.5118110179901123
n858,P00_n440,177.93359375,0.1328125,79,1,0.494140625,121.42292490118577,0.0,0.1925780475139618,0.6062992215156555
n859,P00_n441,178.06640625,0.1337890625,78,1,0.5060446858406067,118.56660425221563,0.0,0.1476656198501587,0.5748031735420227
n860,P00_n442,178.2001953125,0.1328125,77,1,0.494140625,121.42292490118577,0.0,0.1925780475139618,0.6692913174629211
n861,P00_n443,178.3330078125,0.1337890625,76,1,0.5060446858406067,118.56660425221563,0.0,0.1476656198501587,0.5748031735420227
n862,P00_n444,178.466796875,0.1328125,75,1,0.494140625,121.42292490118577,0.0,0.1925780475139618,0.4173228442668915
n863,P00_n445,178.599609375,0.1337890625,74,1,0.5061017274856567,118.55324086341997,0.0,0.147503063082695,0.5433070659637451
n864,P00_n446,178.7333984375,0.1328125,73,1,0.4940831661224365,121.43704565140288,0.0,0.19274577498435974,0.6377952694892883
n865,P00_n447,178.8662109375,0.1337890625,72,1,0.5061017274856567,118.55324086341997,0.0,0.147503063082695,0.6377952694892883
n866,P00_n448,179.0,0.142578125,71,1,0.4967893958091736,120.77552481222277,0.0,0.08250365406274796,0.6062992215156555
n868,P00_n449,179.142578125,0.1435546875,74,1,0.5006908774375916,119.83441820842577,0.0,0.06136997416615486,0.5748031735420227
n869,P00_n450,179.2861328125,0.142578125,77,1,0.4967893958091736,120.77552481222277,0.0,0.08250365406274796,0.5433070659637451
n870,P00_n451,179.4287109375,0.142578125,80,1,0.5041202902793884,119.01921259060494,0.0,0.06136997416615486,0.6692913174629211
n871,P00_n452,179.5712890625,0.142578125,83,1,0.4967893958091736,120.77552481222277,0.0,0.08250365406274796,0.6377952694892883
n872,P00_n453,179.7138671875,0.1435546875,77,1,0.5006908774375916,119.83441820842577,0.0,0.06136997416615486,0.6377952694892883
n873,P00_n454,179.857421875,0.142578125,74,1,0.5041202902793884,119.01921259060494,0.0,0.06136997416615486,0.6377952694892883
n874,P00_n455,180.0,0.2001953125,71,1,0.49950456619262695,120.11902204886319,0.0,2.203544499934651e-05,0.5748031735420227
n875,P00_n456,180.2001953125,0.2001953125,68,1,0.49950456619262695,120.11902204886319,0.0,2.203544499934651e-05,0.5748031735420227
n876,P00_n457,180.400390625,0.19921875,65,1,0.4967447817325592,120.78637200924479,0.0,-3.7039157177787274e-05,0.5433070659637451
n877,P00_n458,180.599609375,0.2001953125,62,1,0.49950456619262695,120.11902204886319,0.0,2.203544499934651e-05,0.7322834730148315
n878,P00_n459,180.7998046875,0.2001953125,59,1,0.5047256350517273,118.8764664070428,0.0,-0.014979369007050991,0.5748031735420227
n880,P01_n358,181.0,0.3330078125,45,3,0.4973652958869934,120.6356786373624,0.0,-1.3239357940619811e-05,0.4881889820098877
n879,P00_n460,181.0,2.0,57,1,0.4973652958869934,120.6356786373624,0.0,0.007622278295457363,0.4173228442668915
n881,P01_n359,181.3330078125,0.333984375,52,3,0.5021473169326782,119.48684773724295,0.0,-0.008997490629553795,0.32283464074134827
n882,P01_n360,181.6669921875,0.3330078125,57,3,0.500481128692627,119.88464011966634,0.0,-0.009023074060678482,0.6692913174629211
n883,P01_n361,182.0,0.3330078125,64,3,0.4973652958869934,120.6356786373624,0.0,-1.3239357940619811e-05,0.7007874250411987
n884,P01_n362,182.3330078125,0.333984375,57,3,0.5021473169326782,119.48684773724295,0.0,-0.008997490629553795,0.6062992215156555
n885,P01_n363,182.6669921875,0.3330078125,52,3,0.500481128692627,119.88464011966634,0.0,-0.009023074060678482,0.6062992215156555
n886,P01_n364,183.0,0.3330078125,48,3,0.4973652958869934,120.6356786373624,0.0,-1.3239357940619811e-05,0.3858267664909363
n887,P01_n365,183.3330078125,0.333984375,52,3,0.5021473169326782,119.48684773724295,0.0,-0.008997490629553795,0.6692913174629211
n888,P01_n366,183.6669921875,0.3330078125,40,3,0.500481128692627,119.88464011966634,0.0,-0.009023074060678482,0.4488188922405243
n891,P01_n367,184.0,0.3330078125,45,3,0.4973652958869934,120.6356786373624,0.0,-1.3239357940619811e-05,0.29921260476112366
n889,P00_n461,184.0,1.0,64,1,0.4973652958869934,120.6356786373624,0.0,0.007622278295457363,0.6141732335090637
n890,P00_n462,184.0,1.0,76,1,0.4973652958869934,120.6356786373624,0.0,0.007622278295457363,0.6377952694892883
n892,P01_n368,184.3330078125,0.333984375,52,3,0.5021473169326782,119.48684773724295,0.0,-0.008997490629553795,0.6062992215156555
n893,P01_n369,184.6669921875,0.3330078125,57,3,0.500481128692627,119.88464011966634,0.0,-0.009023074060678482,0.4173228442668915
n896,P01_n370,185.0,0.3330078125,64,3,0.4973652958869934,120.6356786373624,0.0,-1.3239357940619811e-05,0.4566929042339325
n894,P00_n463,185.0,0.5,69,1,0.4973652958869934,120.6356786373624,0.0,0.007622278295457363,0.4566929042339325
n895,P00_n464,185.0,0.5,81,1,0.4973652958869934,120.6356786373624,0.0,0.007622278295457363,0.6377952694892883
n897,P01_n371,185.3330078125,0.333984375,57,3,0.5052540302276611,118.75214527821728,0.0,-0.0178957749158144,0.4173228442668915
n898,P00_n465,185.5,0.5,67,1,0.4990405738353729,120.23070496827624,0.0,0.0027709887363016605,0.26771652698516846
n899,P00_n466,185.5,0.5,79,1,0.4990405738353729,120.23070496827624,0.0,0.0027709887363016605,0.3858267664909363
n900,P01_n372,185.6669921875,0.3330078125,52,3,0.500481128692627,119.88464011966634,0.0,-0.009023074060678482,0.6692913174629211
n903,P01_n373,186.0,0.3330078125,48,3,0.4973652958869934,120.6356786373624,0.0,-1.3239357940619811e-05,0.5196850299835205
n901,P00_n467,186.0,1.0,69,1,0.4973652958869934,120.6356786373624,0.0,0.007622278295457363,0.26771652698516846
n902,P00_n468,186.0,1.0,81,1,0.4973652958869934,120.6356786373624,0.0,0.007622278295457363,0.4488188922405243
n904,P01_n374,186.3330078125,0.333984375,52,3,0.5021473169326782,119.48684773724295,0.0,-0.008997490629553795,0.7952755689620972
n905,P01_n375,186.6669921875,0.3330078125,40,3,0.500481128692627,119.88464011966634,0.0,-0.009023074060678482,0.6692913174629211
n908,P01_n376,187.0,0.3330078125,52,3,0.4973652958869934,120.6356786373624,0.0,-1.3239357940619811e-05,0.4251968562602997
n907,P00_n469,187.0,0.5,79,1,0.4973652958869934,120.6356786373624,0.0,0.007622278295457363,0.4803149700164795
n909,P01_n377,187.3330078125,0.333984375,57,3,0.5052540302276611,118.75214527821728,0.0,-0.0178957749158144,0.6377952694892883
n910,P00_n470,187.5,0.5,67,1,0.4990405738353729,120.23070496827624,0.0,-1.7341945171356201,0.33070865273475647
n911,P00_n471,187.5,0.5,81,1,0.4990405738353729,120.23070496827624,0.0,0.0027709887363016605,0.6062992215156555
n912,P01_n378,187.6669921875,0.666015625,64,3,0.500481128692627,119.88464011966634,0.0,-1.0090230703353882,0.6062992215156555
n913,P00_n472,188.0,1.0,67,1,0.4973652958869934,120.6356786373624,0.0,-2.7293431758880615,0.5511810779571533
n914,P00_n473,188.0,1.0,76,1,0.4973652958869934,120.6356786373624,0.0,0.007622278295457363,0.6377952694892883
n916,P01_n380,188.3330078125,0.333984375,57,3,0.5021473169326782,119.48684773724295,0.0,-0.008997490629553795,0.6692913174629211
n917,P01_n381,188.6669921875,0.3330078125,52,3,0.500481128692627,119.88464011966634,0.0,-0.009023074060678482,0.3858267664909363
n918,P01_n382,189.0,0.3330078125,48,3,0.4973652958869934,120.6356786373624,0.0,-1.3239357940619811e-05,0.5433070659637451
n919,P01_n383,189.3330078125,0.333984375,52,3,0.5021473169326782,119.48684773724295,0.0,-0.008997490629553795,0.6377952694892883
n920,P01_n384,189.6669921875,0.3330078125,45,3,0.500481128692627,119.88464011966634,0.0,-0.009023074060678482,0.4803149700164795
n924,P01_n385,190.0,0.3330078125,45,3,0.4973652958869934,120.6356786373624,0.0,-1.3239357940619811e-05,0.4881889820098877
n921,P00_n474,190.0,1.0,64,1,0.4973652958869934,120.6356786373624,0.0,0.007622278295457363,0.4566929042339325
n923,P00_n475,190.0,1.0,76,1,0.4973652958869934,120.6356786373624,0.0,0.007622278295457363,0.5118110179901123
n925,P01_n386,190.3330078125,0.333984375,48,3,0.5021473169326782,119.48684773724295,0.0,-0.008997490629553795,0.5748031735420227
n926,P01_n387,190.6669921875,0.3330078125,55,3,0.500481128692627,119.88464011966634,0.0,-0.009023074060678482,0.5433070659637451
n930,P01_n388,191.0,0.3330078125,60,3,0.4973652958869934,120.6356786373624,0.0,-1.3239357940619811e-05,0.4251968562602997
n927,P00_n476,191.0,0.5,69,1,0.4973652958869934,120.6356786373624,0.0,0.007622278295457363,0.5196850299835205
n928,P00_n477,191.0,0.5,72,1,0.4973652958869934,120.6356786373624,0.0,-1.729343295097351,0.29921260476112366
n929,P00_n478,191.0,0.5,81,1,0.4973652958869934,120.6356786373624,0.0,0.007622278295457363,0.35433071851730347
n931,P01_n389,191.3330078125,0.333984375,55,3,0.5052540302276611,118.75214527821728,0.0,-0.0178957749158144,0.3858267664909363
n932,P00_n479,191.5,0.5,67,1,0.4990405738353729,120.23070496827624,0.0,0.0027709887363016605,0.5196850299835205
n933,P00_n480,191.5,0.5,72,1,0.4990405738353729,120.23070496827624,0.0,-1.7341945171356201,0.4251968562602997
n934,P00_n481,191.5,0.5,79,1,0.4990405738353729,120.23070496827624,0.0,0.0027709887363016605,0.5748031735420227
n935,P01_n390,191.6669921875,0.3330078125,52,3,0.500481128692627,119.88464011966634,0.0,-0.009023074060678482,0.5433070659637451
n939,P01_n391,192.0,0.3330078125,55,3,0.4973652958869934,120.6356786373624,0.0,-1.3239357940619811e-05,0.4251968562602997
n936,P00_n482,192.0,1.0,69,1,0.4973652958869934,120.6356786373624,0.0,0.007622278295457363,0.36220473051071167
n937,P00_n483,192.0,1.0,72,1,0.4973652958869934,120.6356786373624,0.0,-2.7293431758880615,0.3937007784843445
n938,P00_n484,192.0,1.0,81,1,0.4973652958869934,120.6356786373624,0.0,0.007622278295457363,0.7007874250411987
n940,P01_n392,192.3330078125,0.333984375,52,3,0.5021473169326782,119.48684773724295,0.0,-0.008997490629553795,0.35433071851730347
n941,P01_n393,192.6669921875,0.3330078125,43,3,0.500481128692627,119.88464011966634,0.0,-0.009023074060678482,0.5433070659637451
n945,P01_n394,193.0,0.3330078125,52,3,0.4973652958869934,120.6356786373624,0.0,-1.3239357940619811e-05,0.3937007784843445
n943,P00_n485,193.0,0.5,72,1,0.4973652958869934,120.6356786373624,0.0,-1.729343295097351,0.6771653294563293
n944,P00_n486,193.0,0.5,79,1,0.4973652958869934,120.6356786373624,0.0,0.007622278295457363,0.7322834730148315
n946,P01_n395,193.3330078125,0.333984375,55,3,0.5052540302276611,118.75214527821728,0.0,-0.0178957749158144,0.7637795209884644
n947,P00_n487,193.5,0.5,67,1,0.4990405738353729,120.23070496827624,0.0,-1.7341945171356201,0.4881889820098877
n948,P00_n488,193.5,0.5,72,1,0.4990405738353729,120.23070496827624,0.0,-1.7341945171356201,0.4251968562602997
n949,P00_n489,193.5,0.5,81,1,0.4990405738353729,120.23070496827624,0.0,0.0027709887363016605,0.5748031735420227
n950,P01_n396,193.6669921875,0.666015625,64,3,0.500481128692627,119.88464011966634,0.0,-1.0090230703353882,0.4173228442668915
n951,P00_n490,194.0,1.0,67,1,0.4973652958869934,120.6356786373624,0.0,-2.7293431758880615,0.33070865273475647
n952,P00_n491,194.0,1.0,72,1,0.4973652958869934,120.6356786373624,0.0,-2.7293431758880615,0.29921260476112366
n953,P00_n492,194.0,1.0,76,1,0.4973652958869934,120.6356786373624,0.0,0.007622278295457363,0.5748031735420227
n955,P01_n398,194.3330078125,0.333984375,55,3,0.5021473169326782,119.48684773724295,0.0,-0.008997490629553795,0.6377952694892883
n956,P01_n399,194.6669921875,0.666015625,52,3,0.4989232122898102,120.25898679804804,0.0,-1.0045251846313477,0.5118110179901123
n958,P01_n400,195.3330078125,0.333984375,52,3,0.5021473169326782,119.48684773724295,0.0,-1.1610006093978882,0.5118110179901123
n959,P01_n401,195.6669921875,0.3330078125,43,3,0.500481128692627,119.88464011966634,0.0,-0.009023074060678482,0.6692913174629211
n962,P01_n402,196.0,0.3330078125,41,3,0.4973652958869934,120.6356786373624,0.0,-1.3239357940619811e-05,0.36220473051071167
n960,P00_n493,196.0,1.0,65,1,0.4973652958869934,120.6356786373624,0.0,0.007622278295457363,0.4251968562602997
n961,P00_n494,196.0,1.0,69,1,0.4973652958869934,120.6356786373624,0.0,0.007622278295457363,0.7007874250411987
n963,P01_n403,196.3330078125,0.333984375,48,3,0.5021473169326782,119.48684773724295,0.0,-0.008997490629553795,0.4173228442668915
n964,P01_n404,196.6669921875,0.3330078125,53,3,0.500481128692627,119.88464011966634,0.0,-0.009023074060678482,0.5118110179901123
n967,P01_n405,197.0,0.3330078125,60,3,0.4973652958869934,120.6356786373624,0.0,-1.3239357940619811e-05,0.4881889820098877
n965,P00_n495,197.0,0.5,64,1,0.4973652958869934,120.6356786373624,0.0,0.007622278295457363,0.36220473051071167
n966,P00_n496,197.0,0.5,72,1,0.4973652958869934,120.6356786373624,0.0,0.007622278295457363,0.7637795209884644
n968,P01_n406,197.3330078125,0.333984375,53,3,0.5052540302276611,118.75214527821728,0.0,-0.0178957749158144,0.6692913174629211
n969,P00_n497,197.5,0.5,62,1,0.4990405738353729,120.23070496827624,0.0,0.0027709887363016605,0.4251968562602997
n970,P00_n498,197.5,0.5,71,1,0.4990405738353729,120.23070496827624,0.0,0.0027709887363016605,0.4173228442668915
n971,P01_n407,197.6669921875,0.3330078125,48,3,0.500481128692627,119.88464011966634,0.0,-0.009023074060678482,0.5433070659637451
n972,P00_n499,198.0,1.0,60,1,0.4973652958869934,120.6356786373624,0.0,0.007622278295457363,0.36220473051071167
n973,P00_n500,198.0,1.0,69,1,0.4973652958869934,120.6356786373624,0.0,0.007622278295457363,0.6692913174629211
n974,P01_n408,198.3330078125,0.333984375,48,3,0.5021473169326782,119.48684773724295,0.0,-0.008997490629553795,0.5118110179901123
n975,P01_n409,198.6669921875,0.3330078125,41,3,0.500481128692627,119.88464011966634,0.0,-0.009023074060678482,0.6377952694892883
n978,P01_n410,199.0,0.3330078125,41,3,0.4973652958869934,120.6356786373624,0.0,-1.3239357940619811e-05,0.4251968562602997
n977,P00_n501,199.0,0.5,65,1,0.4973652958869934,120.6356786373624,0.0,0.007622278295457363,0.22834645211696625
n979,P01_n411,199.3330078125,0.333984375,50,3,0.5052540302276611,118.75214527821728,0.0,-0.0178957749158144,0.4803149700164795
n980,P00_n502,199.5,0.5,62,1,0.4990405738353729,120.23070496827624,0.0,-1.7341945171356201,0.4251968562602997
n981,P00_n503,199.5,0.5,70,1,0.4990405738353729,120.23070496827624,0.0,0.0027709887363016605,0.4803149700164795
n982,P01_n412,199.6669921875,0.3330078125,53,3,0.500481128692627,119.88464011966634,0.0,-0.009023074060678482,0.4173228442668915
n985,P01_n413,200.0,0.3330078125,62,3,0.4973652958869934,120.6356786373624,0.0,-1.3239357940619811e-05,0.4881889820098877
n983,P00_n504,200.0,0.5,64,1,0.4973652958869934,120.6356786373624,0.0,0.007622278295457363,0.4251968562602997
n984,P00_n505,200.0,0.5,72,1,0.4973652958869934,120.6356786373624,0.0,0.007622278295457363,0.6377952694892883
n986,P01_n414,200.3330078125,0.333984375,53,3,0.5052540302276611,118.75214527821728,0.0,-0.0178957749158144,0.35433071851730347
n987,P00_n506,200.5,0.5,65,1,0.4990405738353729,120.23070496827624,0.0,0.0027709887363016605,0.4566929042339325
n988,P00_n507,200.5,0.5,74,1,0.4990405738353729,120.23070496827624,0.0,0.0027709887363016605,0.4173228442668915
n989,P01_n415,200.6669921875,0.3330078125,46,3,0.500481128692627,119.88464011966634,0.0,-0.009023074060678482,0.4803149700164795
n992,P01_n416,201.0,0.3330078125,53,3,0.4973652958869934,120.6356786373624,0.0,-1.3239357940619811e-05,0.36220473051071167
n990,P00_n508,201.0,0.5,67,1,0.4973652958869934,120.6356786373624,0.0,0.007622278295457363,0.3937007784843445
n991,P00_n509,201.0,0.5,76,1,0.4973652958869934,120.6356786373624,0.0,0.007622278295457363,0.6062992215156555
n993,P01_n417,201.3330078125,0.333984375,50,3,0.5052540302276611,118.75214527821728,0.0,-0.0178957749158144,0.3858267664909363
n994,P00_n510,201.5,0.5,69,1,0.4990405738353729,120.23070496827624,0.0,0.0027709887363016605,0.33070865273475647
n995,P00_n511,201.5,0.5,77,1,0.4990405738353729,120.23070496827624,0.0,0.0027709887363016605,0.4803149700164795
n996,P01_n418,201.6669921875,0.3330078125,41,3,0.500481128692627,119.88464011966634,0.0,-0.009023074060678482,0.6062992215156555
n1000,P01_n419,202.0,0.3330078125,39,3,0.4973652958869934,120.6356786373624,0.0,-1.3239357940619811e-05,0.4566929042339325
n997,P00_n512,202.0,0.5,63,1,0.4973652958869934,120.6356786373624,0.0,0.007622278295457363,0.4251968562602997
n999,P00_n513,202.0,0.5,75,1,0.4973652958869934,120.6356786373624,0.0,0.007622278295457363,0.5433070659637451
n1001,P01_n420,202.3330078125,0.333984375,48,3,0.5052540302276611,118.75214527821728,0.0,-0.0178957749158144,0.4173228442668915
n1002,P00_n514,202.5,0.5,60,1,0.4990405738353729,120.23070496827624,0.0,0.0027709887363016605,0.14173229038715363
n1003,P00_n515,202.5,0.5,72,1,0.4990405738353729,120.23070496827624,0.0,-1.7341945171356201,0.5118110179901123
n1004,P01_n421,202.6669921875,0.3330078125,51,3,0.500481128692627,119.88464011966634,0.0,-0.009023074060678482,0.4173228442668915
n1007,P01_n422,203.0,0.3330078125,60,3,0.4973652958869934,120.6356786373624,0.0,-1.3239357940619811e-05,0.36220473051071167
n1005,P00_n516,203.0,0.5,62,1,0.4973652958869934,120.6356786373624,0.0,0.007622278295457363,0.4566929042339325
n1006,P00_n517,203.0,0.5,74,1,0.4973652958869934,120.6356786373624,0.0,0.007622278295457363,0.6062992215156555
n1008,P01_n423,203.3330078125,0.333984375,51,3,0.5052540302276611,118.75214527821728,0.0,-0.0178957749158144,0.4488188922405243
n1009,P00_n518,203.5,0.5,63,1,0.4990405738353729,120.23070496827624,0.0,0.0027709887363016605,0.5196850299835205
n1010,P00_n519,203.5,0.5,75,1,0.4990405738353729,120.23070496827624,0.0,0.0027709887363016605,0.4488188922405243
n1011,P01_n424,203.6669921875,0.3330078125,48,3,0.500481128692627,119.88464011966634,0.0,-0.009023074060678482,0.6692913174629211
n1014,P01_n425,204.0,0.3330078125,51,3,0.4973652958869934,120.6356786373624,0.0,-1.3239357940619811e-05,0.36220473051071167
n1012,P00_n520,204.0,0.5,65,1,0.4973652958869934,120.6356786373624,0.0,0.007622278295457363,0.36220473051071167
n1013,P00_n521,204.0,0.5,77,1,0.4973652958869934,120.6356786373624,0.0,0.007622278295457363,0.6377952694892883
n1015,P01_n426,204.3330078125,0.333984375,39,3,0.5052540302276611,118.75214527821728,0.0,-0.0178957749158144,0.5748031735420227
n1016,P00_n522,204.5,0.5,67,1,0.4990405738353729,120.23070496827624,0.0,0.0027709887363016605,0.36220473051071167
n1017,P00_n523,204.5,0.5,79,1,0.4990405738353729,120.23070496827624,0.0,0.0027709887363016605,0.7637795209884644
n1018,P01_n427,204.6669921875,0.3330078125,36,3,0.500481128692627,119.88464011966634,0.0,-0.009023074060678482,0.6692913174629211
n1022,P01_n428,205.0,0.3330078125,38,3,0.4973652958869934,120.6356786373624,0.0,-1.3239357940619811e-05,0.5826771855354309
n1019,P00_n524,205.0,0.5,68,1,0.4973652958869934,120.6356786373624,0.0,0.007622278295457363,0.4566929042339325
n1020,P00_n525,205.0,0.5,77,1,0.4973652958869934,120.6356786373624,0.0,0.007622278295457363,0.3937007784843445
n1021,P00_n526,205.0,0.5,80,1,0.4973652958869934,120.6356786373624,0.0,0.007622278295457363,0.7007874250411987
n1023,P01_n429,205.3330078125,0.333984375,48,3,0.5052540302276611,118.75214527821728,0.0,-0.0178957749158144,0.5433070659637451
n1024,P00_n527,205.5,0.5,64,1,0.4990405738353729,120.23070496827624,0.0,0.0027709887363016605,0.5196850299835205
n1025,P00_n528,205.5,0.5,76,1,0.4990405738353729,120.23070496827624,0.0,0.0027709887363016605,0.5433070659637451
n1026,P01_n430,205.6669921875,0.3330078125,53,3,0.500481128692627,119.88464011966634,0.0,-0.009023074060678482,0.5118110179901123
n1029,P01_n431,206.0,0.3330078125,56,3,0.4973652958869934,120.6356786373624,0.0,-1.3239357940619811e-05,0.4566929042339325
n1030,P01_n432,206.0,0.3330078125,60,3,0.4973652958869934,120.6356786373624,0.0,-1.3239357940619811e-05,0.3937007784843445
n1027,P00_n529,206.0,0.5,65,1,0.4973652958869934,120.6356786373624,0.0,0.007622278295457363,0.4881889820098877
n1028,P00_n530,206.0,0.5,77,1,0.4973652958869934,120.6356786373624,0.0,0.007622278295457363,0.7007874250411987
n1031,P01_n433,206.3330078125,0.333984375,53,3,0.5052540302276611,118.75214527821728,0.0,-0.0178957749158144,0.5118110179901123
n1032,P00_n531,206.5,0.5,67,1,0.4990405738353729,120.23070496827624,0.0,0.0027709887363016605,0.5196850299835205
n1033,P00_n532,206.5,0.5,79,1,0.4990405738353729,120.23070496827624,0.0,0.0027709887363016605,0.6062992215156555
n1034,P01_n434,206.6669921875,0.666015625,48,3,0.500481128692627,119.88464011966634,0.0,-1.0090230703353882,0.5433070659637451
n1035,P00_n533,207.0,0.5,68,1,0.4973652958869934,120.6356786373624,0.0,0.007622278295457363,0.36220473051071167
n1036,P00_n534,207.0,0.5,80,1,0.4973652958869934,120.6356786373624,0.0,0.007622278295457363,0.6062992215156555
n1038,P01_n436,207.3330078125,0.1669921875,41,3,0.5052540302276611,118.75214527821728,0.0,-0.0178957749158144,0.5748031735420227
n1041,P01_n437,207.5,0.5,38,3,0.5,120.0,0.0,0.0,0.3937007784843445
n1039,P00_n535,207.5,0.5,70,1,0.5,120.0,0.0,0.0,0.5196850299835205
n1040,P00_n536,207.5,0.5,82,1,0.5,120.0,0.0,0.0,0.5433070659637451
n1045,P01_n438,208.0,0.3330078125,37,3,0.4973652958869934,120.6356786373624,0.0,-1.3239357940619811e-05,0.5196850299835205
n1042,P00_n537,208.0,0.5,71,1,0.4973652958869934,120.6356786373624,0.0,0.007622278295457363,0.5196850299835205
n1044,P00_n538,208.0,0.5,83,1,0.4973652958869934,120.6356786373624,0.0,0.007622278295457363,0.6692913174629211
n1046,P01_n439,208.3330078125,0.333984375,44,3,0.5052540302276611,118.75214527821728,0.0,-0.0178957749158144,0.5748031735420227
n1047,P00_n539,208.5,0.5,72,1,0.4990405738353729,120.23070496827624,0.0,0.0027709887363016605,0.33070865273475647
n1048,P00_n540,208.5,0.5,77,1,0.4990405738353729,120.23070496827624,0.0,-1.7341945171356201,0.4566929042339325
n1050,P00_n541,208.5,0.5,84,1,0.4990405738353729,120.23070496827624,0.0,0.0027709887363016605,0.5118110179901123
n1051,P01_n440,208.6669921875,0.3330078125,53,3,0.500481128692627,119.88464011966634,0.0,-0.009023074060678482,0.5118110179901123
n1056,P01_n441,209.0,0.3330078125,56,3,0.4973652958869934,120.6356786373624,0.0,-1.3239357940619811e-05,0.26771652698516846
n1052,P00_n542,209.0,0.5,73,1,0.4973652958869934,120.6356786373624,0.0,0.007622278295457363,0.3937007784843445
n1053,P00_n543,209.0,0.5,77,1,0.4973652958869934,120.6356786373624,0.0,-1.729343295097351,0.4566929042339325
n1054,P00_n544,209.0,0.5,80,1,0.4973652958869934,120.6356786373624,0.0,-1.729343295097351,0.5196850299835205
n1055,P00_n545,209.0,0.5,85,1,0.4973652958869934,120.6356786373624,0.0,0.007622278295457363,0.5118110179901123
n1057,P01_n442,209.3330078125,0.333984375,60,3,0.5052540302276611,118.75214527821728,0.0,-0.0178957749158144,0.7007874250411987
n1058,P00_n546,209.5,0.5,76,1,0.4990405738353729,120.23070496827624,0.0,0.0027709887363016605,0.5196850299835205
n1059,P00_n547,209.5,0.5,83,1,0.4990405738353729,120.23070496827624,0.0,0.0027709887363016605,0.33070865273475647
n1060,P00_n548,209.5,0.5,88,1,0.4990405738353729,120.23070496827624,0.0,0.0027709887363016605,0.6062992215156555
n1061,P01_n443,209.6669921875,0.3330078125,65,3,0.500481128692627,119.88464011966634,0.0,-0.009023074060678482,0.6062992215156555
n1065,P01_n444,210.0,0.3330078125,68,3,0.4973652958869934,120.6356786373624,0.0,-1.3239357940619811e-05,0.4251968562602997
n1062,P00_n549,210.0,0.5,77,1,0.4973652958869934,120.6356786373624,0.0,0.007622278295457363,0.33070865273475647
n1063,P00_n550,210.0,0.5,80,1,0.4973652958869934,120.6356786373624,0.0,0.007622278295457363,0.4566929042339325
n1064,P00_n551,210.0,0.5,89,1,0.4973652958869934,120.6356786373624,0.0,0.007622278295457363,0.5748031735420227
n1066,P01_n445,210.3330078125,0.333984375,72,3,0.5052540302276611,118.75214527821728,0.0,-0.0178957749158144,0.5748031735420227
n1067,P00_n552,210.5,0.5,79,1,0.4990405738353729,120.23070496827624,0.0,0.0027709887363016605,0.6141732335090637
n1068,P00_n553,210.5,0.5,83,1,0.4990405738353729,120.23070496827624,0.0,0.0027709887363016605,0.4251968562602997
n1069,P00_n554,210.5,0.5,91,1,0.4990405738353729,120.23070496827624,0.0,0.0027709887363016605,0.4173228442668915
n1070,P01_n446,210.6669921875,0.3330078125,77,3,0.500481128692627,119.88464011966634,0.0,-0.009023074060678482,0.5748031735420227
n1075,P01_n447,211.0,0.3330078125,38,3,0.4973652958869934,120.6356786373624,0.0,-1.3239357940619811e-05,0.5196850299835205
n1071,P00_n555,211.0,0.5,80,1,0.4973652958869934,120.6356786373624,0.0,0.007622278295457363,0.5196850299835205
n1074,P00_n556,211.0,0.5,92,1,0.4973652958869934,120.6356786373624,0.0,0.007622278295457363,0.5118110179901123
n1076,P01_n448,211.3330078125,0.333984375,45,3,0.5052540302276611,118.75214527821728,0.0,-0.0178957749158144,0.6692913174629211
n1077,P00_n557,211.5,0.5,81,1,0.4990405738353729,120.23070496827624,0.0,0.0027709887363016605,0.4251968562602997
n1078,P00_n558,211.5,0.5,84,1,0.4990405738353729,120.23070496827624,0.0,-1.7341945171356201,0.4881889820098877
n1079,P00_n559,211.5,0.5,89,1,0.4990405738353729,120.23070496827624,0.0,-1.7341945171356201,0.5196850299835205
n1080,P00_n560,211.5,0.5,93,1,0.4990405738353729,120.23070496827624,0.0,0.0027709887363016605,0.6692913174629211
n1081,P01_n449,211.6669921875,0.3330078125,53,3,0.500481128692627,119.88464011966634,0.0,-0.009023074060678482,0.5118110179901123
n1085,P01_n450,212.0,0.3330078125,60,3,0.4973652958869934,120.6356786373624,0.0,-1.3239357940619811e-05,0.6141732335090637
n1082,P00_n561,212.0,0.5,84,1,0.4973652958869934,120.6356786373624,0.0,-1.729343295097351,0.5826771855354309
n1083,P00_n562,212.0,0.5,89,1,0.4973652958869934,120.6356786373624,0.0,-1.729343295097351,0.5826771855354309
n1084,P00_n563,212.0,0.5,96,1,0.4973652958869934,120.6356786373624,0.0,0.007622278295457363,0.5433070659637451
n1086,P01_n451,212.3330078125,0.333984375,62,3,0.5052540302276611,118.75214527821728,0.0,-0.0178957749158144,0.6377952694892883
n1087,P00_n564,212.5,0.5,83,1,0.4990405738353729,120.23070496827624,0.0,0.0027709887363016605,0.6141732335090637
n1089,P00_n565,212.5,0.5,89,1,0.4990405738353729,120.23070496827624,0.0,-1.7341945171356201,0.5196850299835205
n1090,P00_n566,212.5,0.5,95,1,0.4990405738353729,120.23070496827624,0.0,0.0027709887363016605,0.6377952694892883
n1091,P01_n452,212.6669921875,0.3330078125,65,3,0.500481128692627,119.88464011966634,0.0,-0.009023074060678482,0.5118110179901123
n1096,P01_n453,213.0,0.3330078125,67,3,0.4973652958869934,120.6356786373624,0.0,-1.3239357940619811e-05,0.4566929042339325
n1092,P00_n567,213.0,1.0,81,1,0.4973652958869934,120.6356786373624,0.0,0.007622278295457363,0.4881889820098877
n1093,P00_n568,213.0,1.0,86,1,0.4973652958869934,120.6356786373624,0.0,-2.7293431758880615,0.5511810779571533
n1094,P00_n569,213.0,1.0,89,1,0.4973652958869934,120.6356786373624,0.0,-2.7293431758880615,0.4251968562602997
n1095,P00_n570,213.0,1.0,93,1,0.4973652958869934,120.6356786373624,0.0,0.007622278295457363,0.5748031735420227
n1097,P01_n454,213.3330078125,0.333984375,69,3,0.5021473169326782,119.48684773724295,0.0,-0.008997490629553795,0.7007874250411987
n1098,P01_n455,213.6669921875,0.3330078125,65,3,0.500481128692627,119.88464011966634,0.0,-0.009023074060678482,0.6062992215156555
n1103,P01_n456,214.0,0.3330078125,64,3,0.4973652958869934,120.6356786373624,0.0,-1.3239357940619811e-05,0.4566929042339325
n1099,P00_n571,214.0,0.5,79,1,0.4973652958869934,120.6356786373624,0.0,0.007622278295457363,0.36220473051071167
n1101,P00_n572,214.0,0.5,88,1,0.4973652958869934,120.6356786373624,0.0,0.007622278295457363,0.5511810779571533
n1102,P00_n573,214.0,0.5,91,1,0.4973652958869934,120.6356786373624,0.0,0.007622278295457363,0.6377952694892883
n1104,P01_n457,214.3330078125,0.333984375,62,3,0.5052540302276611,118.75214527821728,0.0,-0.0178957749158144,0.7322834730148315
n1105,P00_n574,214.5,0.5,77,1,0.4990405738353729,120.23070496827624,0.0,0.0027709887363016605,0.4566929042339325
n1106,P00_n575,214.5,0.5,84,1,0.4990405738353729,120.23070496827624,0.0,-1.7341945171356201,0.3937007784843445
n1107,P00_n576,214.5,0.5,89,1,0.4990405738353729,120.23070496827624,0.0,0.0027709887363016605,0.5118110179901123
n1108,P01_n458,214.6669921875,0.3330078125,60,3,0.500481128692627,119.88464011966634,0.0,-0.009023074060678482,0.5118110179901123
n1112,P01_n459,215.0,0.3330078125,57,3,0.4973652958869934,120.6356786373624,0.0,-1.3239357940619811e-05,0.5826771855354309
n1109,P00_n577,215.0,0.5,74,1,0.4973652958869934,120.6356786373624,0.0,0.007622278295457363,0.6771653294563293
n1110,P00_n578,215.0,0.5,79,1,0.4973652958869934,120.6356786373624,0.0,0.007622278295457363,0.4251968562602997
n1111,P00_n579,215.0,0.5,86,1,0.4973652958869934,120.6356786373624,0.0,0.007622278295457363,0.7322834730148315
n1113,P01_n460,215.3330078125,0.333984375,55,3,0.5052540302276611,118.75214527821728,0.0,-0.0178957749158144,0.5433070659637451
n1115,P00_n580,215.5,0.5,77,1,0.4990405738353729,120.23070496827624,0.0,0.0027709887363016605,0.4881889820098877
n1116,P00_n581,215.5,0.5,84,1,0.4990405738353729,120.23070496827624,0.0,0.0027709887363016605,0.7007874250411987
n1117,P01_n461,215.6669921875,0.3330078125,53,3,0.500481128692627,119.88464011966634,0.0,-0.009023074060678482,0.6377952694892883
n1122,P01_n462,216.0,0.3330078125,55,3,0.4973652958869934,120.6356786373624,0.0,-1.3239357940619811e-05,0.33070865273475647
n1118,P00_n582,216.0,0.5,69,1,0.4973652958869934,120.6356786373624,0.0,0.007622278295457363,0.4881889820098877
n1119,P00_n583,216.0,0.5,72,1,0.4973652958869934,120.6356786373624,0.0,-1.729343295097351,0.29921260476112366
n1120,P00_n584,216.0,0.5,76,1,0.4973652958869934,120.6356786373624,0.0,0.007622278295457363,0.5511810779571533
n1121,P00_n585,216.0,0.5,81,1,0.4973652958869934,120.6356786373624,0.0,0.007622278295457363,0.7007874250411987
n1123,P01_n463,216.3330078125,0.333984375,53,3,0.5052540302276611,118.75214527821728,0.0,-0.0178957749158144,0.6377952694892883
n1125,P00_n586,216.5,0.5,71,1,0.4990405738353729,120.23070496827624,0.0,0.0027709887363016605,0.4251968562602997
n1126,P00_n587,216.5,0.5,74,1,0.4990405738353729,120.23070496827624,0.0,0.0027709887363016605,0.29921260476112366
n1127,P00_n588,216.5,0.5,77,1,0.4990405738353729,120.23070496827624,0.0,0.0027709887363016605,0.6062992215156555
n1128,P01_n464,216.6669921875,0.3330078125,43,3,0.500481128692627,119.88464011966634,0.0,-0.009023074060678482,0.6062992215156555
n1133,P01_n465,217.0,0.3330078125,36,3,0.4973652958869934,120.6356786373624,0.0,-1.3239357940619811e-05,0.3937007784843445
n1129,P00_n589,217.0,1.5,64,1,0.4973652958869934,120.6356786373624,0.0,0.007622278295457363,0.26771652698516846
n1130,P00_n590,217.0,1.5,67,1,0.4973652958869934,120.6356786373624,0.0,-3.3143057823181152,0.29921260476112366
n1131,P00_n591,217.0,1.5,72,1,0.4973652958869934,120.6356786373624,0.0,0.007622278295457363,0.23622047901153564
n1132,P00_n592,217.0,1.5,76,1,0.4973652958869934,120.6356786373624,0.0,0.007622278295457363,0.3858267664909363
n1134,P01_n466,217.3330078125,0.333984375,43,3,0.5021473169326782,119.48684773724295,0.0,-0.008997490629553795,0.6692913174629211
n1135,P01_n467,217.6669921875,0.3330078125,48,3,0.500481128692627,119.88464011966634,0.0,-0.009023074060678482,0.5118110179901123
n1136,P01_n468,218.0,0.3330078125,60,3,0.4973652958869934,120.6356786373624,0.0,-1.3239357940619811e-05,0.6377952694892883
n1137,P01_n469,218.3330078125,0.333984375,62,3,0.5052540302276611,118.75214527821728,0.0,-0.0178957749158144,0.5433070659637451
n1138,P00_n593,218.5,0.5,84,1,0.4990405738353729,120.23070496827624,0.0,0.0027709887363016605,0.6692913174629211
n1139,P01_n470,218.6669921875,0.3330078125,64,3,0.500481128692627,119.88464011966634,0.0,-0.009023074060678482,0.6377952694892883
n1141,P01_n471,219.0,1.0,56,3,0.5,120.0,0.0,0.0,0.4566929042339325
n1142,P01_n472,219.0,1.0,65,3,0.5,120.0,0.0,0.0,0.11023622006177902
n1140,P00_n594,219.0,0.5,72,1,0.5,120.0,0.0,0.0,0.6377952694892883
n1143,P00_n595,219.5,0.5,74,1,1.0,60.0,0.0,-1.0,0.5118110179901123
n1147,P01_n473,220.0,0.3330078125,36,3,0.12494280934333801,480.2197126456659,0.25,1.9930247068405151,0.36220473051071167
n1144,P00_n597,220.0,1.3330078125,64,1,0.12494280934333801,480.2197126456659,-0.25,-1.1509904861450195,0.36220473051071167
n1145,P00_n596,220.0,1.0,67,1,0.12494280934333801,480.2197126456659,0.25,2.0006601810455322,0.33070865273475647
n1146,P00_n598,220.0,1.3330078125,76,1,0.12494280934333801,480.2197126456659,-0.25,-1.1509904861450195,0.4173228442668915
n1148,P01_n474,220.3330078125,0.333984375,43,3,0.12494280934333801,480.2197126456659,0.125980406999588,1.9978452920913696,0.6377952694892883
n1149,P01_n475,220.6669921875,0.3330078125,48,3,0.500481128692627,119.88464011966634,0.0,-0.009023074060678482,0.5748031735420227
n1152,P01_n476,221.0,0.5,60,3,0.4973652958869934,120.6356786373624,0.0,0.007622278295457363,0.4566929042339325
n1153,P00_n599,221.3330078125,0.333984375,79,1,0.5052540302276611,118.75214527821728,0.0,-0.0178957749158144,0.3858267664909363
n1154,P01_n477,221.5,0.5,64,3,0.4990405738353729,120.23070496827624,0.0,0.0027709887363016605,0.6692913174629211
n1155,P00_n600,221.6669921875,0.3330078125,81,1,0.500481128692627,119.88464011966634,0.0,-0.009023074060678482,0.35433071851730347
n1157,P01_n478,222.0,1.0,56,3,0.5,120.0,0.0,0.0,0.4881889820098877
n1158,P01_n479,222.0,1.0,65,3,0.5,120.0,0.0,0.0,0.4251968562602997
n1156,P00_n601,222.0,0.5,72,1,0.5,120.0,0.0,0.0,0.5118110179901123
n1159,P00_n602,222.5,0.5,74,1,0.5,120.0,0.0,0.0,0.4803149700164795
n1161,P01_n480,223.0,0.3330078125,36,3,0.4973652958869934,120.6356786373624,0.0,-1.3239357940619811e-05,0.4881889820098877
n1160,P00_n603,223.0,1.5,75,1,0.4973652958869934,120.6356786373624,0.0,0.007622278295457363,0.5433070659637451
n1162,P01_n481,223.3330078125,0.333984375,43,3,0.5021473169326782,119.48684773724295,0.0,-0.008997490629553795,0.4173228442668915
n1163,P01_n482,223.6669921875,0.3330078125,48,3,0.500481128692627,119.88464011966634,0.0,-0.009023074060678482,0.35433071851730347
n1164,P01_n483,224.0,0.3330078125,60,3,0.4973652958869934,120.6356786373624,0.0,-1.3239357940619811e-05,0.6062992215156555
n1165,P01_n484,224.3330078125,0.333984375,62,3,0.5052540302276611,118.75214527821728,0.0,-0.0178957749158144,0.6062992215156555
n1166,P00_n604,224.5,0.5,79,1,0.4990405738353729,120.23070496827624,0.0,0.0027709887363016605,0.7322834730148315
n1167,P01_n485,224.6669921875,0.3330078125,63,3,0.500481128692627,119.88464011966634,0.0,-0.009023074060678482,0.4488188922405243
n1169,P01_n486,225.0,0.3330078125,56,3,0.4973652958869934,120.6356786373624,0.0,-1.3239357940619811e-05,0.23622047901153564
n1170,P01_n487,225.0,0.3330078125,65,3,0.4973652958869934,120.6356786373624,0.0,-1.3239357940619811e-05,0.36220473051071167
n1168,P00_n605,225.0,0.5,72,1,0.4973652958869934,120.6356786373624,0.0,0.007622278295457363,0.4803149700164795
n1171,P01_n488,225.3330078125,0.333984375,53,3,0.5052540302276611,118.75214527821728,0.0,-0.0178957749158144,0.6062992215156555
n1172,P00_n606,225.5,0.5,74,1,0.4990405738353729,120.23070496827624,0.0,0.0027709887363016605,0.5748031735420227
n1173,P01_n489,225.6669921875,0.3330078125,44,3,0.500481128692627,119.88464011966634,0.0,-0.009023074060678482,0.6062992215156555
n1175,P01_n490,226.0,0.3330078125,36,3,0.4973652958869934,120.6356786373624,0.0,-1.3239357940619811e-05,0.29921260476112366
n1174,P00_n607,226.0,1.5,75,1,0.4973652958869934,120.6356786373624,0.0,0.007622278295457363,0.5748031735420227
n1176,P01_n491,226.3330078125,0.333984375,43,3,0.5021473169326782,119.48684773724295,0.0,-0.008997490629553795,0.4173228442668915
n1177,P01_n492,226.6669921875,0.3330078125,48,3,0.500481128692627,119.88464011966634,0.0,-0.009023074060678482,0.4488188922405243
n1178,P01_n493,227.0,0.3330078125,60,3,0.4973652958869934,120.6356786373624,0.0,-1.3239357940619811e-05,0.6062992215156555
n1179,P01_n494,227.3330078125,0.333984375,62,3,0.5052540302276611,118.75214527821728,0.0,-0.0178957749158144,0.5433070659637451
n1180,P00_n608,227.5,0.5,79,1,0.4990405738353729,120.23070496827624,0.0,0.0027709887363016605,0.6062992215156555
n1181,P01_n495,227.6669921875,0.3330078125,63,3,0.500481128692627,119.88464011966634,0.0,-0.009023074060678482,0.6692913174629211
n1183,P01_n496,228.0,0.3330078125,56,3,0.4973652958869934,120.6356786373624,0.0,-1.3239357940619811e-05,0.4251968562602997
n1184,P01_n497,228.0,0.3330078125,65,3,0.4973652958869934,120.6356786373624,0.0,-1.3239357940619811e-05,0.4251968562602997
n1182,P00_n609,228.0,0.6669921875,77,1,0.4973652958869934,120.6356786373624,0.0,0.006918052211403847,0.5748031735420227
n1185,P01_n498,228.3330078125,0.333984375,53,3,0.5021473169326782,119.48684773724295,0.0,-0.008997490629553795,0.6377952694892883
n1187,P01_n499,228.6669921875,0.3330078125,44,3,0.500481128692627,119.88464011966634,0.0,-0.009023074060678482,0.5511810779571533
n1186,P00_n610,228.6669921875,0.3330078125,64,1,0.500481128692627,119.88464011966634,0.0,-0.009023074060678482,0.5748031735420227
n1190,P01_n500,229.0,0.3330078125,45,3,0.4973652958869934,120.6356786373624,0.0,-1.3239357940619811e-05,0.33070865273475647
n1188,P00_n611,229.0,1.0,64,1,0.4973652958869934,120.6356786373624,0.0,0.007622278295457363,0.3937007784843445
n1189,P00_n612,229.0,1.0,76,1,0.4973652958869934,120.6356786373624,0.0,0.007622278295457363,0.4803149700164795
n1191,P01_n501,229.3330078125,0.333984375,52,3,0.5021473169326782,119.48684773724295,0.0,-0.008997490629553795,0.7007874250411987
n1192,P01_n502,229.6669921875,0.3330078125,57,3,0.500481128692627,119.88464011966634,0.0,-0.009023074060678482,0.6377952694892883
n1195,P01_n503,230.0,0.3330078125,64,3,0.4973652958869934,120.6356786373624,0.0,-1.3239357940619811e-05,0.4881889820098877
n1193,P00_n613,230.0,0.5,69,1,0.4973652958869934,120.6356786373624,0.0,0.007622278295457363,0.4251968562602997
n1194,P00_n614,230.0,0.5,81,1,0.4973652958869934,120.6356786373624,0.0,0.007622278295457363,0.3858267664909363
n1196,P01_n504,230.3330078125,0.333984375,57,3,0.5052540302276611,118.75214527821728,0.0,-0.0178957749158144,0.5433070659637451
n1197,P00_n615,230.5,0.5,67,1,0.4990405738353729,120.23070496827624,0.0,0.0027709887363016605,0.5196850299835205
n1198,P00_n616,230.5,0.5,79,1,0.4990405738353729,120.23070496827624,0.0,0.0027709887363016605,0.6377952694892883
n1199,P01_n505,230.6669921875,0.666015625,52,3,0.500481128692627,119.88464011966634,0.0,-1.0090230703353882,0.4803149700164795
n1200,P00_n617,231.0,1.0,69,1,0.4973652958869934,120.6356786373624,0.0,0.007622278295457363,0.26771652698516846
n1201,P00_n618,231.0,1.0,81,1,0.4973652958869934,120.6356786373624,0.0,0.007622278295457363,0.4803149700164795
n1203,P01_n506,231.3330078125,0.333984375,52,3,0.5021473169326782,119.48684773724295,0.0,-1.1610006093978882,0.4173228442668915
n1204,P01_n507,231.6669921875,0.3330078125,45,3,0.500481128692627,119.88464011966634,0.0,-0.009023074060678482,0.3858267664909363
n1207,P01_n508,232.0,0.3330078125,52,3,0.4973652958869934,120.6356786373624,0.0,-1.3239357940619811e-05,0.26771652698516846
n1206,P00_n619,232.0,0.5,79,1,0.4973652958869934,120.6356786373624,0.0,0.007622278295457363,0.35433071851730347
n1208,P01_n509,232.3330078125,0.333984375,57,3,0.5052540302276611,118.75214527821728,0.0,-0.0178957749158144,0.25984251499176025
n1209,P00_n620,232.5,0.5,67,1,0.4990405738353729,120.23070496827624,0.0,-1.7341945171356201,0.5511810779571533
n1210,P00_n621,232.5,0.5,81,1,0.4990405738353729,120.23070496827624,0.0,0.0027709887363016605,0.5433070659637451
n1211,P01_n510,232.6669921875,0.666015625,64,3,0.500481128692627,119.88464011966634,0.0,-1.0090230703353882,0.32283464074134827
n1212,P00_n622,233.0,1.0,67,1,0.4973652958869934,120.6356786373624,0.0,-2.7293431758880615,0.6141732335090637
n1213,P00_n623,233.0,1.0,76,1,0.4973652958869934,120.6356786373624,0.0,0.007622278295457363,0.5118110179901123
n1215,P01_n512,233.3330078125,0.333984375,57,3,0.5021473169326782,119.48684773724295,0.0,-0.008997490629553795,0.5433070659637451
n1216,P01_n513,233.6669921875,0.666015625,52,3,0.4989232122898102,120.25898679804804,0.0,-1.0045251846313477,0.6377952694892883
n1218,P01_n514,234.3330078125,0.333984375,52,3,0.5021473169326782,119.48684773724295,0.0,-1.1610006093978882,0.3858267664909363
n1219,P01_n515,234.6669921875,0.3330078125,45,3,0.500481128692627,119.88464011966634,0.0,-0.009023074060678482,0.5118110179901123
n1223,P01_n516,235.0,0.3330078125,43,3,0.4973652958869934,120.6356786373624,0.0,-1.3239357940619811e-05,0.5511810779571533
n1220,P00_n624,235.0,1.0,64,1,0.4973652958869934,120.6356786373624,0.0,0.007622278295457363,0.23622047901153564
n1221,P00_n625,235.0,1.0,67,1,0.4973652958869934,120.6356786373624,0.0,0.007622278295457363,0.5196850299835205
n1222,P00_n626,235.0,1.0,76,1,0.4973652958869934,120.6356786373624,0.0,0.007622278295457363,0.6377952694892883
n1224,P01_n517,235.3330078125,0.333984375,48,3,0.5021473169326782,119.48684773724295,0.0,-0.008997490629553795,0.7322834730148315
n1225,P01_n518,235.6669921875,0.3330078125,55,3,0.500481128692627,119.88464011966634,0.0,-0.009023074060678482,0.6692913174629211
n1229,P01_n519,236.0,0.3330078125,60,3,0.4973652958869934,120.6356786373624,0.0,-1.3239357940619811e-05,0.4566929042339325
n1226,P00_n627,236.0,0.5,69,1,0.4973652958869934,120.6356786373624,0.0,0.007622278295457363,0.33070865273475647
n1227,P00_n628,236.0,0.5,72,1,0.4973652958869934,120.6356786373624,0.0,0.007622278295457363,0.36220473051071167
n1228,P00_n629,236.0,0.5,81,1,0.4973652958869934,120.6356786373624,0.0,0.007622278295457363,0.5748031735420227
n1230,P01_n520,236.3330078125,0.333984375,55,3,0.5052540302276611,118.75214527821728,0.0,-0.0178957749158144,0.3858267664909363
n1231,P00_n630,236.5,0.5,67,1,0.4990405738353729,120.23070496827624,0.0,0.0027709887363016605,0.6141732335090637
n1232,P00_n631,236.5,0.5,71,1,0.4990405738353729,120.23070496827624,0.0,0.0027709887363016605,0.4881889820098877
n1233,P00_n632,236.5,0.5,79,1,0.4990405738353729,120.23070496827624,0.0,0.0027709887363016605,0.6692913174629211
n1234,P01_n521,236.6669921875,0.666015625,48,3,0.500481128692627,119.88464011966634,0.0,-1.0090230703353882,0.4488188922405243
n1235,P00_n633,237.0,1.0,69,1,0.4973652958869934,120.6356786373624,0.0,0.007622278295457363,0.5196850299835205
n1237,P00_n634,237.0,1.0,81,1,0.4973652958869934,120.6356786373624,0.0,0.007622278295457363,0.3858267664909363
n1239,P01_n522,237.3330078125,0.333984375,48,3,0.5021473169326782,119.48684773724295,0.0,-1.1610006093978882,0.5748031735420227
n1240,P01_n523,237.6669921875,0.3330078125,43,3,0.500481128692627,119.88464011966634,0.0,-0.009023074060678482,0.3858267664909363
n1244,P01_n524,238.0,0.3330078125,52,3,0.4973652958869934,120.6356786373624,0.0,-1.3239357940619811e-05,0.4251968562602997
n1242,P00_n635,238.0,0.5,72,1,0.4973652958869934,120.6356786373624,0.0,-1.729343295097351,0.5826771855354309
n1243,P00_n636,238.0,0.5,79,1,0.4973652958869934,120.6356786373624,0.0,0.007622278295457363,0.4173228442668915
n1245,P01_n525,238.3330078125,0.333984375,55,3,0.5052540302276611,118.75214527821728,0.0,-0.0178957749158144,0.4173228442668915
n1246,P00_n637,238.5,0.5,67,1,0.4990405738353729,120.23070496827624,0.0,-1.7341945171356201,0.4566929042339325
n1247,P00_n638,238.5,0.5,81,1,0.4990405738353729,120.23070496827624,0.0,0.0027709887363016605,0.35433071851730347
n1248,P01_n526,238.6669921875,0.666015625,64,3,0.500481128692627,119.88464011966634,0.0,-1.0090230703353882,0.6377952694892883
n1249,P00_n639,239.0,1.0,67,1,0.4973652958869934,120.6356786373624,0.0,-2.7293431758880615,0.4881889820098877
n1250,P00_n640,239.0,1.0,72,1,0.4973652958869934,120.6356786373624,0.0,0.007622278295457363,0.36220473051071167
n1251,P00_n641,239.0,1.0,76,1,0.4973652958869934,120.6356786373624,0.0,0.007622278295457363,0.32283464074134827
n1253,P01_n528,239.3330078125,0.333984375,55,3,0.5021473169326782,119.48684773724295,0.0,-0.008997490629553795,0.6062992215156555
n1254,P01_n529,239.6669921875,0.666015625,52,3,0.4989232122898102,120.25898679804804,0.0,-1.0045251846313477,0.7637795209884644
n1256,P01_n530,240.3330078125,0.333984375,52,3,0.5021473169326782,119.48684773724295,0.0,-1.1610006093978882,0.6692913174629211
n1257,P01_n531,240.6669921875,0.3330078125,43,3,0.500481128692627,119.88464011966634,0.0,-0.009023074060678482,0.35433071851730347
n1260,P01_n532,241.0,0.3330078125,41,3,0.4973652958869934,120.6356786373624,0.0,-1.3239357940619811e-05,0.4566929042339325
n1258,P00_n642,241.0,1.0,64,1,0.4973652958869934,120.6356786373624,0.0,0.007622278295457363,0.29921260476112366
n1259,P00_n643,241.0,1.0,76,1,0.4973652958869934,120.6356786373624,0.0,0.007622278295457363,0.5118110179901123
n1261,P01_n533,241.3330078125,0.333984375,48,3,0.5021473169326782,119.48684773724295,0.0,-0.008997490629553795,0.6692913174629211
n1262,P01_n534,241.6669921875,0.3330078125,53,3,0.500481128692627,119.88464011966634,0.0,-0.009023074060678482,0.5118110179901123
n1265,P01_n535,242.0,0.3330078125,60,3,0.4973652958869934,120.6356786373624,0.0,-1.3239357940619811e-05,0.3937007784843445
n1263,P00_n644,242.0,0.5,69,1,0.4973652958869934,120.6356786373624,0.0,0.007622278295457363,0.29921260476112366
n1264,P00_n645,242.0,0.5,81,1,0.4973652958869934,120.6356786373624,0.0,0.007622278295457363,0.6377952694892883
n1266,P01_n536,242.3330078125,0.333984375,53,3,0.5052540302276611,118.75214527821728,0.0,-0.0178957749158144,0.35433071851730347
n1267,P00_n646,242.5,0.5,67,1,0.4990405738353729,120.23070496827624,0.0,0.0027709887363016605,0.6456692814826965
n1268,P00_n647,242.5,0.5,79,1,0.4990405738353729,120.23070496827624,0.0,0.0027709887363016605,0.6377952694892883
n1269,P01_n537,242.6669921875,0.3330078125,48,3,2.0019474029541016,29.970817370857578,0.0,-2.0090396404266357,0.22834645211696625
n1270,P00_n648,243.0,2.0,74,1,0.12425022572278976,482.8965070362436,0.0,-1.7282859086990356,0.26771652698516846
n1271,P00_n649,243.0,2.0,77,1,0.12425022572278976,482.8965070362436,0.0,-1.7282859086990356,0.4173228442668915
n1272,P01_n538,243.3330078125,0.333984375,48,3,0.12425022572278976,482.8965070362436,0.37574976682662964,2.0058646202087402,0.5433070659637451
n1273,P01_n539,243.6669921875,0.3330078125,41,3,0.12425022572278976,482.8965070362436,0.24953804910182953,2.0010440349578857,0.35433071851730347
n1276,P01_n540,244.0,0.3330078125,45,3,0.12425022572278976,482.8965070362436,0.12425022572278976,2.0010440349578857,0.26771652698516846
n1277,P01_n541,244.3330078125,0.333984375,52,3,0.5021473169326782,119.48684773724295,0.0,-0.008997490629553795,0.4803149700164795
n1278,P01_n542,244.6669921875,0.3330078125,62,3,0.500481128692627,119.88464011966634,0.0,-0.009023074060678482,0.4803149700164795
n1281,P01_n543,245.0,0.3330078125,64,3,0.4973652958869934,120.6356786373624,0.0,-1.3239357940619811e-05,0.4881889820098877
n1279,P00_n650,245.0,1.0,68,1,0.4973652958869934,120.6356786373624,0.0,0.007622278295457363,0.3937007784843445
n1280,P00_n651,245.0,1.0,76,1,0.4973652958869934,120.6356786373624,0.0,0.007622278295457363,0.6377952694892883
n1282,P01_n544,245.3330078125,0.333984375,56,3,0.5021473169326782,119.48684773724295,0.0,-0.008997490629553795,0.4803149700164795
n1283,P01_n545,245.6669921875,0.666015625,47,3,0.500481128692627,119.88464011966634,0.0,-1.0090230703353882,0.5433070659637451
n1284,P00_n652,246.0,0.3330078125,65,1,0.4973652958869934,120.6356786373624,0.0,-1.3239357940619811e-05,0.4251968562602997
n1285,P00_n653,246.0,0.3330078125,74,1,0.4973652958869934,120.6356786373624,0.0,-1.3239357940619811e-05,0.4488188922405243
n1289,P01_n547,246.3330078125,0.333984375,52,3,0.5021473169326782,119.48684773724295,0.0,-0.008997490629553795,0.4251968562602997
n1287,P00_n654,246.3330078125,0.333984375,64,1,0.5021473169326782,119.48684773724295,0.0,-0.008997490629553795,0.4881889820098877
n1288,P00_n655,246.3330078125,0.333984375,72,1,0.5021473169326782,119.48684773724295,0.0,-0.008997490629553795,0.4488188922405243
n1292,P01_n548,246.6669921875,0.3330078125,44,3,0.500481128692627,119.88464011966634,0.0,-0.009023074060678482,0.29921260476112366
n1290,P00_n656,246.6669921875,0.3330078125,62,1,0.500481128692627,119.88464011966634,0.0,-0.009023074060678482,0.5196850299835205
n1291,P00_n657,246.6669921875,0.3330078125,71,1,0.500481128692627,119.88464011966634,0.0,-0.009023074060678482,0.6377952694892883
n1295,P01_n549,247.0,0.3330078125,45,3,0.4973652958869934,120.6356786373624,0.0,-1.3239357940619811e-05,0.23622047901153564
n1293,P00_n658,247.0,1.0,64,1,0.4973652958869934,120.6356786373624,0.0,0.007622278295457363,0.4566929042339325
n1294,P00_n659,247.0,1.0,72,1,0.4973652958869934,120.6356786373624,0.0,0.007622278295457363,0.4803149700164795
n1296,P01_n550,247.3330078125,0.333984375,52,3,0.5021473169326782,119.48684773724295,0.0,-0.008997490629553795,0.3858267664909363
n1297,P01_n551,247.6669921875,0.3330078125,57,3,0.500481128692627,119.88464011966634,0.0,-0.009023074060678482,0.6377952694892883
n1298,P00_n660,248.0,0.5,62,1,0.4973652958869934,120.6356786373624,0.0,0.007622278295457363,0.3937007784843445
n1300,P01_n552,248.0,0.3330078125,64,3,0.4973652958869934,120.6356786373624,0.0,-1.3239357940619811e-05,0.4881889820098877
n1299,P00_n661,248.0,0.5,71,1,0.4973652958869934,120.6356786373624,0.0,0.007622278295457363,0.4488188922405243
n1301,P01_n553,248.3330078125,0.333984375,57,3,0.5052540302276611,118.75214527821728,0.0,-0.0178957749158144,0.5118110179901123
n1302,P00_n662,248.5,0.5,64,1,0.4990405738353729,120.23070496827624,0.0,0.0027709887363016605,0.26771652698516846
n1303,P00_n663,248.5,0.5,72,1,0.4990405738353729,120.23070496827624,0.0,0.0027709887363016605,0.7322834730148315
n1304,P01_n554,248.6669921875,0.666015625,52,3,2.0019474029541016,29.970817370857578,0.0,-3.0090396404266357,0.3858267664909363
n1305,P00_n664,249.0,1.5,60,1,0.12425022572278976,482.8965070362436,0.0,-1.3132483959197998,0.29921260476112366
n1306,P00_n665,249.0,1.5,69,1,0.12425022572278976,482.8965070362436,0.0,-1.3132483959197998,0.4803149700164795
n1308,P01_n555,249.3330078125,0.333984375,52,3,0.12425022572278976,482.8965070362436,0.37574976682662964,0.8538615107536316,0.4488188922405243
n1309,P01_n556,249.6669921875,0.3330078125,45,3,0.12425022572278976,482.8965070362436,0.24953804910182953,2.0010440349578857,0.5748031735420227
n1312,P01_n557,250.0,0.3330078125,45,3,0.12425022572278976,482.8965070362436,0.12425022572278976,2.0010440349578857,0.4566929042339325
n1313,P01_n558,250.3330078125,0.333984375,52,3,0.5052540302276611,118.75214527821728,0.0,-0.0178957749158144,0.5118110179901123
n1314,P00_n666,250.5,1.0,62,1,0.4990405738353729,120.23070496827624,0.0,0.0027709887363016605,0.6692913174629211
n1315,P01_n559,250.6669921875,0.3330078125,57,3,0.500481128692627,119.88464011966634,0.0,-0.009023074060678482,0.4488188922405243
n1316,P01_n560,251.0,0.3330078125,59,3,0.4973652958869934,120.6356786373624,0.0,-1.3239357940619811e-05,0.4173228442668915
n1317,P01_n561,251.3330078125,0.333984375,56,3,0.5052540302276611,118.75214527821728,0.0,-0.0178957749158144,0.32283464074134827
n1318,P00_n667,251.5,0.5,64,1,0.4990405738353729,120.23070496827624,0.0,0.0027709887363016605,0.4173228442668915
n1319,P01_n562,251.6669921875,0.666015625,47,3,2.0019474029541016,29.970817370857578,0.0,-3.0090396404266357,0.3858267664909363
n1320,P00_n668,252.0,2.0,65,1,0.12425022572278976,482.8965070362436,0.0,-1.7282859086990356,0.4803149700164795
n1322,P01_n564,252.3330078125,0.333984375,52,3,0.12425022572278976,482.8965070362436,0.37574976682662964,2.0058646202087402,0.5433070659637451
n1323,P01_n565,252.6669921875,0.3330078125,44,3,0.12425022572278976,482.8965070362436,0.24953804910182953,2.0010440349578857,0.29133859276771545
n1325,P01_n566,253.0,0.3330078125,45,3,0.12425022572278976,482.8965070362436,0.12425022572278976,2.0010440349578857,0.3937007784843445
n1326,P01_n567,253.3330078125,0.333984375,50,3,0.5021473169326782,119.48684773724295,0.0,-0.008997490629553795,0.4488188922405243
n1327,P01_n568,253.6669921875,0.666015625,57,3,0.500481128692627,119.88464011966634,0.0,-1.0090230703353882,0.6062992215156555
n1328,P00_n669,254.0,0.5,64,1,0.4973652958869934,120.6356786373624,0.0,0.007622278295457363,0.5433070659637451
n1330,P01_n570,254.3330078125,0.333984375,53,3,0.5052540302276611,118.75214527821728,0.0,-0.0178957749158144,0.6377952694892883
n1331,P00_n670,254.5,1.0,62,1,0.4990405738353729,120.23070496827624,0.0,0.0027709887363016605,0.7007874250411987
n1332,P01_n571,254.6669921875,0.3330078125,48,3,0.500481128692627,119.88464011966634,0.0,-0.009023074060678482,0.3858267664909363
n1333,P01_n572,255.0,0.3330078125,50,3,0.4973652958869934,120.6356786373624,0.0,-1.3239357940619811e-05,0.7007874250411987
n1334,P01_n573,255.3330078125,0.333984375,53,3,2.0023300647735596,29.965089700026706,0.0,-2.0044946670532227,0.5748031735420227
n1335,P00_n671,255.5,1.0,60,1,0.1988203376531601,301.7799924707368,0.0,-1.4065028429031372,0.29133859276771545
n1336,P01_n574,255.6669921875,0.3330078125,45,3,0.1988203376531601,301.7799924707368,0.19986556470394135,1.3228272199630737,0.7322834730148315
n1338,P01_n575,256.0,0.3330078125,33,3,0.1988203376531601,301.7799924707368,0.09941016882658005,1.3228272199630737,0.5196850299835205
n1339,P01_n576,256.3330078125,0.333984375,45,3,2.002375841140747,29.964404667316696,0.0,-2.0045275688171387,0.5118110179901123
n1340,P00_n672,256.5,1.5,58,1,0.1988203376531601,301.7799924707368,0.0,-1.9914653301239014,0.4173228442668915
n1341,P01_n577,256.6669921875,0.3330078125,50,3,0.1988203376531601,301.7799924707368,0.1998731940984726,1.3228272199630737,0.4173228442668915
n1343,P01_n578,257.0,0.3330078125,53,3,0.1988203376531601,301.7799924707368,0.09941016882658005,1.3228272199630737,0.4881889820098877
n1344,P01_n579,257.3330078125,0.333984375,50,3,0.5021473169326782,119.48684773724295,0.0,-0.008997490629553795,0.6062992215156555
n1345,P01_n580,257.6669921875,0.666015625,46,3,0.5005040168762207,119.87915776276088,0.0,-1.0090891122817993,0.7007874250411987
n1346,P00_n673,258.0,0.5,62,1,0.49734237790107727,120.64123763837829,0.0,0.0076887356117367744,0.4488188922405243
n1348,P01_n582,258.3330078125,0.333984375,53,3,2.002375841140747,29.964404667316696,0.0,-2.0045275688171387,0.6692913174629211
n1349,P00_n674,258.5,1.5,60,1,0.1988203376531601,301.7799924707368,0.0,-1.9914653301239014,0.6692913174629211
n1350,P01_n583,258.6669921875,0.3330078125,45,3,0.1988203376531601,301.7799924707368,0.1998731940984726,1.3228272199630737,0.4488188922405243
n1352,P01_n584,259.0,0.3330078125,33,3,0.1988203376531601,301.7799924707368,0.09941016882658005,1.3228272199630737,0.4881889820098877
n1353,P01_n585,259.3330078125,0.333984375,40,3,0.5021473169326782,119.48684773724295,0.0,-0.008997490629553795,0.4803149700164795
n1354,P01_n586,259.6669921875,0.3330078125,45,3,0.5005040168762207,119.87915776276088,0.0,-0.009089114144444466,0.4488188922405243
n1356,P01_n587,260.0,0.3330078125,48,3,0.49734237790107727,120.64123763837829,0.0,5.321825301507488e-05,0.5511810779571533
n1355,P00_n675,260.0,2.0,57,1,0.49734237790107727,120.64123763837829,0.0,0.0076887356117367744,0.6062992215156555
n1357,P01_n588,260.3330078125,0.333984375,52,3,0.5021473169326782,119.48684773724295,0.0,-0.008997490629553795,0.5433070659637451
n1358,P01_n589,260.6669921875,0.3330078125,57,3,0.5005040168762207,119.87915776276088,0.0,-0.009089114144444466,0.3858267664909363
n1359,P01_n590,261.0,0.3330078125,60,3,0.49734237790107727,120.64123763837829,0.0,5.321825301507488e-05,0.5118110179901123
n1360,P01_n591,261.3330078125,0.333984375,64,3,0.5021473169326782,119.48684773724295,0.0,-0.008997490629553795,0.7007874250411987
n1361,P01_n592,261.6669921875,0.3330078125,69,3,0.5005040168762207,119.87915776276088,0.0,-0.009089114144444466,0.32283464074134827
n1362,P01_n593,262.0,3.0,60,3,0.5,120.0,0.0,0.0,0.26771652698516846
n1363,P01_n594,262.0,3.0,64,3,0.5,120.0,0.0,0.0,0.26771652698516846
n1364,P01_n595,262.0,3.0,69,3,0.5,120.0,0.0,0.0,0.4173228442668915
