score_id,performance_id,onset_beat,duration_beat,pitch,voice,beat_period,tempo_bpm,timing,articulation_log,velocity_norm
n1,n3,0.0,3.0,57,3,0.9559897780418396,62.76217735601568,-0.02005213499069214,0.08260742574930191,0.26771652698516846
n2,n2,0.0,3.0,60,3,0.9559897780418396,62.76217735601568,-0.004947841167449951,0.08976472169160843,0.34645670652389526
n3,n1,0.0,3.0,64,3,0.9559897780418396,62.76217735601568,0.002864658832550049,0.09345290809869766,0.32283464074134827
n0,n0,0.0,1.0,76,1,0.9559897780418396,62.76217735601568,0.02213531732559204,1.6874728202819824,0.4960629940032959
n4,n4,1.0,0.5,81,1,0.9458332061767578,63.43613187628683,0.0,2.151447057723999,0.5196850299835205
n5,n5,1.5,0.5,79,1,1.0500001907348633,57.142846762730414,0.0,1.632821798324585,0.5905511975288391
n6,n6,2.0,1.0,81,1,1.0291664600372314,58.299606846718866,0.0,0.10011990368366241,0.6141732335090637
n8,n10,3.0,3.0,55,3,1.0458331108093262,57.37053013512694,-0.011979341506958008,0.0914023369550705,0.3700787425041199
n9,n9,3.0,3.0,60,3,1.0458331108093262,57.37053013512694,-0.0067708492279052734,0.09364844113588333,0.3937007784843445
n10,n8,3.0,3.0,64,3,1.0458331108093262,57.37053013512694,-0.003645658493041992,0.0949944257736206,0.3779527544975281
n7,n7,3.0,0.5,79,1,1.0458331108093262,57.37053013512694,0.022395849227905273,2.6911251544952393,0.5669291615486145
n11,n11,3.5,0.5,81,1,1.0218753814697266,58.71557441153359,0.0,2.470485210418701,0.5905511975288391
n12,n12,4.0,1.0,76,1,1.035937786102295,57.91853604042128,0.0,1.163705587387085,0.5590550899505615
n13,n13,5.0,1.0,76,1,1.095181941986084,54.785417563762564,0.0,0.23048077523708344,0.5748031735420227
n15,n17,6.0,3.0,53,3,0.9691839218139648,61.90775419355029,-0.011067867279052734,0.08249108493328094,0.4094488322734833
n16,n15,6.0,3.0,60,3,0.9691839218139648,61.90775419355029,-0.00013017654418945312,0.08760743588209152,0.4409448802471161
n17,n16,6.0,3.0,64,3,0.9691839218139648,61.90775419355029,-0.0016922950744628906,0.08687759190797806,0.4173228442668915
n14,n14,6.0,1.5,74,1,0.9691839218139648,61.90775419355029,0.012890338897705078,1.0936747789382935,0.5433070659637451
n18,n18,7.5,0.5,76,1,1.0906257629394531,55.01428816268569,0.0,1.5849614143371582,0.6062992215156555
n19,n19,8.0,0.5,79,1,1.0020828247070312,59.87529026609312,0.0,1.122153401374817,0.6062992215156555
n20,n20,8.5,0.5,74,1,1.043229103088379,57.513732910993184,0.0,0.17671163380146027,0.5669291615486145
n22,n22,9.0,0.5,52,3,1.0364580154418945,57.88946499141981,-0.02109384536743164,2.690703868865967,0.36220473051071167
n21,n21,9.0,0.5,76,1,1.0364580154418945,57.88946499141981,0.02109384536743164,2.7087810039520264,0.5984252095222473
n24,n24,9.5,0.5,60,3,1.2135419845581055,49.44204713432158,-0.015885353088378906,0.06536785513162613,0.3385826647281647
n23,n23,9.5,0.5,69,1,1.2135419845581055,49.44204713432158,0.015885353088378906,0.24851366877555847,0.4488188922405243
n26,n25,10.0,2.0,59,3,1.0716147422790527,55.990271160692714,0.00807332992553711,0.07013867050409317,0.33070865273475647
n25,n26,10.0,2.0,68,1,1.0716147422790527,55.990271160692714,-0.00807332992553711,0.05974860116839409,0.35433071851730347
n28,n28,12.0,0.5,53,3,1.183854103088379,50.681920891666486,-0.009114742279052734,2.355677604675293,0.4330708682537079
n27,n27,12.0,1.0,81,1,1.183854103088379,50.681920891666486,0.009114742279052734,1.3643321990966797,0.6062992215156555
n29,n29,12.5,0.5,57,3,0.9499988555908203,63.1579708195385,0.0,2.364942789077759,0.3779527544975281
n31,n31,13.0,2.0,64,3,0.9677104949951172,62.002014352756134,-0.004166603088378906,0.023868989199399948,0.4488188922405243
n30,n30,13.0,0.5,84,1,0.9677104949951172,62.002014352756134,0.004166603088378906,2.029965877532959,0.5984252095222473
n32,n32,13.5,0.5,83,1,0.9041633605957031,66.35968964775273,0.0,1.7187392711639404,0.6141732335090637
n33,n33,14.0,1.0,81,1,1.0315113067626953,58.16707932005569,0.0,2.0101611614227295,0.6299212574958801
n35,n34,15.0,0.5,50,3,1.1161460876464844,53.756403990553366,0.0044269561767578125,2.486772298812866,0.4960629940032959
n34,n35,15.0,0.5,86,1,1.1161460876464844,53.756403990553366,-0.0044269561767578125,2.482682943344116,0.5748031735420227
n37,n37,15.5,0.5,57,3,0.9666671752929688,62.06893285873263,-0.015625,2.3994059562683105,0.4488188922405243
n36,n36,15.5,0.5,84,1,0.9666671752929688,62.06893285873263,0.015625,2.416978597640991,0.6377952694892883
n39,n38,16.0,1.0,64,3,1.0015621185302734,59.90641907268424,0.0,1.0559202432632446,0.4803149700164795
n38,n39,16.0,1.0,83,1,1.0015621185302734,59.90641907268424,0.0,1.0559202432632446,0.6220472455024719
n41,n41,17.0,1.0,65,3,0.9976568222045898,60.14092087037899,-0.008333206176757812,0.10422193259000778,0.4173228442668915
n40,n40,17.0,1.0,81,1,0.9976568222045898,60.14092087037899,0.008333206176757812,0.126471146941185,0.5826771855354309
n43,n43,18.0,0.5,52,3,1.0098934173583984,59.412210208225126,-0.009114265441894531,2.8551337718963623,0.34645670652389526
n42,n42,18.0,1.5,79,1,1.0098934173583984,59.412210208225126,0.009114265441894531,1.2773513793945312,0.6062992215156555
n44,n44,18.5,0.5,59,3,1.1041679382324219,54.33956006370681,0.0,2.5159659385681152,0.3858267664909363
n45,n45,19.0,2.0,67,3,1.15625,51.891891891891895,0.0,0.17223374545574188,0.3700787425041199
n46,n46,19.5,0.5,76,1,1.2479171752929688,48.08011395941724,0.0,1.7002538442611694,0.5039370059967041
n47,n47,20.0,0.5,79,1,1.2791671752929688,46.90551880856241,0.0,1.1339741945266724,0.5905511975288391
n48,n48,20.5,0.5,81,1,1.4572906494140625,41.172294644259466,0.0,0.06847395747900009,0.5039370059967041
n50,n50,21.0,3.0,45,4,1.5223960876464844,39.41155687857535,-0.01354217529296875,0.004926940891891718,0.33070865273475647
n49,n49,21.0,3.0,81,1,1.5223960876464844,39.41155687857535,0.01354217529296875,0.013427851721644402,0.5511810779571533
n52,n52,21.5,0.5,59,3,2.0427074432373047,29.372781794397028,-0.0044269561767578125,0.039906665682792664,0.29921260476112366
n51,n51,21.5,0.5,74,2,2.0427074432373047,29.372781794397028,0.0044269561767578125,0.15472328662872314,0.4409448802471161
n54,n53,22.0,2.0,57,3,2.3319010734558105,25.73007949736123,0.0018224716186523438,-0.7280514240264893,0.22047244012355804
n53,n54,22.0,2.0,73,2,2.3319010734558105,25.73007949736123,-0.0018224716186523438,-0.7299207448959351,0.3779527544975281
n55,n55,24.0,1.0,76,1,0.8260421752929688,72.63551643561064,0.0,-0.3081231713294983,0.6220472455024719
n56,n56,24.5,0.25,72,2,0.868743896484375,69.06523342818,0.0,-0.1264645755290985,0.4488188922405243
n57,n57,24.75,0.25,71,2,0.7916717529296875,75.78898675866854,0.0,0.03004797175526619,0.4015747904777527
n59,n61,25.0,0.25,69,2,0.89166259765625,67.29002669587241,-0.0119781494140625,-0.21398337185382843,0.4488188922405243
n58,n60,25.0,1.5,81,1,0.89166259765625,67.29002669587241,0.0119781494140625,-0.37295398116111755,0.6062992215156555
n60,n62,25.25,0.25,68,2,0.7687530517578125,78.04847065361942,0.0,0.49765685200691223,0.5039370059967041
n61,n63,25.5,0.25,69,2,0.8000030517578125,74.99971389879647,0.0,-0.3135049641132355,0.4488188922405243
n62,n64,25.75,0.25,71,2,0.8479156494140625,70.76175565513145,0.0,0.021114692091941833,0.4803149700164795
n64,n65,26.0,0.25,57,3,0.805206298828125,74.51506537805571,0.00208282470703125,-0.18493005633354187,0.4960629940032959
n63,n66,26.0,0.25,72,2,0.805206298828125,74.51506537805571,-0.00208282470703125,-0.07075903564691544,0.4488188922405243
n66,n68,26.25,0.25,59,3,0.8684031367301941,69.09233449561056,-0.0075531005859375,-0.0594712495803833,0.4960629940032959
n65,n67,26.25,0.25,74,2,0.8684031367301941,69.09233449561056,0.0075531005859375,0.32733964920043945,0.5118110179901123
n69,n71,26.5,0.25,60,3,0.8138936161994934,73.71970833261015,-0.0076382956467568874,0.012249036692082882,0.5039370059967041
n68,n69,26.5,0.5,76,2,0.8138936161994934,73.71970833261015,0.0043398537673056126,-1.2434805631637573,0.5433070659637451
n67,n70,26.5,0.5,81,1,0.8138936161994934,73.71970833261015,0.0032984416466206312,-1.2699527740478516,0.5433070659637451
n70,n72,26.75,0.25,62,3,0.796875,75.29411764705883,0.0,0.013141114264726639,0.4803149700164795
n72,n74,27.0,1.25,64,3,0.790618896484375,75.88991392287798,-0.004947662353515625,-0.3228676915168762,0.4960629940032959
n71,n73,27.0,0.5,79,1,0.790618896484375,75.88991392287798,0.004947662353515625,0.1565689593553543,0.6220472455024719
n73,n75,27.25,0.25,72,2,0.8614654541015625,69.64875923269037,0.0,-0.2323237955570221,0.4173228442668915
n75,n77,27.5,0.25,71,2,0.8156280517578125,73.56294314631546,-0.004947662353515625,-0.33210310339927673,0.4803149700164795
n74,n76,27.5,0.5,81,1,0.8156280517578125,73.56294314631546,0.004947662353515625,-1.2553218603134155,0.6062992215156555
n76,n78,27.75,0.25,69,2,0.7697906494140625,77.94326944042498,0.0,-0.3898773491382599,0.4488188922405243
n78,n80,28.0,1.25,67,2,0.838531494140625,71.55366306365323,-0.010677337646484375,-0.014029549434781075,0.4409448802471161
n77,n79,28.0,2.0,76,1,0.838531494140625,71.55366306365323,0.010677337646484375,0.06741679459810257,0.6535432934761047
n80,n81,28.25,0.25,63,3,0.864593505859375,69.39677385196428,0.0,0.18565857410430908,0.4724409580230713
n81,n82,28.5,0.25,64,3,0.86248779296875,69.56620196730593,0.0,-0.13887763023376465,0.4330708682537079
n82,n83,28.75,0.25,65,3,0.8604278564453125,69.73274929507528,0.0,0.1895664930343628,0.4094488322734833
n84,n84,29.0,0.5,64,3,0.7520751953125,79.77925661418601,0.0,-1.3562880754470825,0.4881889820098877
n85,n85,29.25,0.25,72,2,0.9260406494140625,64.79197218606338,0.0,-0.054571062326431274,0.36220473051071167
n87,n87,29.5,0.5,55,3,0.7989654541015625,75.09711426443346,-0.01171875,-2.413170576095581,0.28346458077430725
n86,n86,29.5,0.25,71,2,0.7989654541015625,75.09711426443346,0.01171875,0.10690231621265411,0.4015747904777527
n88,n88,29.75,0.25,72,2,0.913543701171875,65.67830298981126,0.0,0.11838153004646301,0.36220473051071167
n91,n90,30.0,0.5,53,3,0.726043701171875,82.63965365054013,-0.01744842529296875,-0.020852623507380486,0.3779527544975281
n89,n89,30.0,1.5,74,1,0.726043701171875,82.63965365054013,0.01744842529296875,-0.04770076274871826,0.6377952694892883
n92,n91,30.25,0.25,72,2,0.8937454223632812,67.13321097784797,0.0,0.023357920348644257,0.4488188922405243
n94,n92,30.5,0.25,65,3,0.8375015258789062,71.64166051761362,0.0026035308837890625,-0.08119867742061615,0.3937007784843445
n93,n93,30.5,1.75,71,2,0.8375015258789062,71.64166051761362,-0.0026035308837890625,-0.19984325766563416,0.4094488322734833
n95,n94,30.75,0.25,64,3,0.82916259765625,72.36216415163784,0.0,-0.11698126047849655,0.4409448802471161
n97,n95,31.0,0.25,62,3,0.743743896484375,80.67293094251364,0.0,-0.0577036514878273,0.4803149700164795
n98,n96,31.25,0.25,60,3,0.8447952270507812,71.02312853904577,0.0,0.012392834760248661,0.4881889820098877
n100,n98,31.5,0.25,59,3,0.8864669799804688,67.68441617681232,-0.0075511932373046875,-0.14057233929634094,0.4960629940032959
n99,n97,31.5,0.5,76,1,0.8864669799804688,67.68441617681232,0.0075511932373046875,-0.8534461855888367,0.5984252095222473
n101,n99,31.75,0.25,60,3,0.7385330200195312,81.24213592834785,0.0,-0.3403419554233551,0.4803149700164795
n104,n100,32.0,0.5,62,3,0.8447952270507812,71.02312853904577,0.0044269561767578125,-1.1478643417358398,0.4566929042339325
n102,n101,32.0,1.0,79,1,0.8447952270507812,71.02312853904577,-0.0044269561767578125,-0.5036928057670593,0.6771653294563293
n105,n102,32.25,0.25,69,2,0.852081298828125,70.41581605243366,0.0,0.5504586696624756,0.3858267664909363
n107,n104,32.5,0.5,53,3,0.7854156494140625,76.39267188623161,-0.00989532470703125,-0.9002074003219604,0.3937007784843445
n106,n103,32.5,0.25,71,2,0.7854156494140625,76.39267188623161,0.00989532470703125,0.19646862149238586,0.4015747904777527
n108,n105,32.75,0.25,72,2,0.8625030517578125,69.56497125165856,0.0,0.11707952618598938,0.4566929042339325
n110,n107,33.0,0.25,71,2,0.743743896484375,80.67293094251364,-0.0270843505859375,-0.33002138137817383,0.4015747904777527
n109,n106,33.0,1.25,76,1,0.743743896484375,80.67293094251364,0.0270843505859375,0.21789415180683136,0.6299212574958801
n111,n108,33.25,0.25,69,2,0.85833740234375,69.90258124155585,0.0,0.2993345260620117,0.4094488322734833
n113,n110,33.5,0.25,52,3,0.8312530517578125,72.18018613359766,-0.002605438232421875,-0.1443951576948166,0.34645670652389526
n112,n109,33.5,2.5,68,2,0.8312530517578125,72.18018613359766,0.002605438232421875,-1.5698609352111816,0.4409448802471161
n114,n111,33.75,0.25,50,3,0.8083343505859375,74.22671071260028,0.0,0.14155229926109314,0.3937007784843445
n117,n112,34.0,0.5,52,3,0.7874908447265625,76.19136197174912,0.0,-1.074385643005371,0.3858267664909363
n118,n113,34.25,0.25,75,1,0.8937606811523438,67.13206484160926,0.0,0.0592799037694931,0.5196850299835205
n120,n114,34.5,0.25,64,3,0.81353759765625,73.75196939005177,0.0005207061767578125,-0.08953523635864258,0.4409448802471161
n119,n115,34.5,0.25,76,1,0.81353759765625,73.75196939005177,-0.0005207061767578125,0.3709681034088135,0.5433070659637451
n122,n116,34.75,0.25,62,3,0.852081298828125,70.41581605243366,0.0028629302978515625,-0.021317552775144577,0.4566929042339325
n121,n117,34.75,0.25,78,1,0.852081298828125,70.41581605243366,-0.0028629302978515625,0.37389490008354187,0.5511810779571533
n124,n119,35.0,0.25,64,3,0.7854156494140625,76.39267188623161,-0.008073806762695312,0.0038236230611801147,0.4645669162273407
n123,n118,35.0,0.25,80,1,0.7854156494140625,76.39267188623161,0.008073806762695312,0.3544705808162689,0.5669291615486145
n126,n121,35.25,0.25,62,3,0.81146240234375,73.94057916509966,-0.0075511932373046875,0.04556489735841751,0.4803149700164795
n125,n120,35.25,0.25,81,1,0.81146240234375,73.94057916509966,0.0075511932373046875,0.11218971759080887,0.6062992215156555
n128,n123,35.5,0.25,60,3,0.7697906494140625,77.94326944042498,-0.013021469116210938,-0.10736387223005295,0.4803149700164795
n127,n122,35.5,0.25,83,1,0.7697906494140625,77.94326944042498,0.013021469116210938,0.20528095960617065,0.6299212574958801
n130,n125,35.75,0.25,59,3,0.8371556401252747,71.67126054483896,-0.008592605590820312,-0.2200058549642563,0.4960629940032959
n129,n124,35.75,0.25,80,1,0.8371556401252747,71.67126054483896,0.008592605590820312,0.15367257595062256,0.5748031735420227
n133,n128,36.0,0.25,57,3,0.7409617304801941,80.97584197920165,-0.0039927163161337376,-0.09065721929073334,0.4645669162273407
n132,n127,36.0,0.5,72,2,0.7409617304801941,80.97584197920165,-0.0019098917255178094,1.2628859281539917,0.4645669162273407
n131,n126,36.0,0.75,81,1,0.7409617304801941,80.97584197920165,0.0059026083908975124,-0.4317901134490967,0.6220472455024719
n134,n129,36.25,0.25,60,3,0.8458404541015625,70.93536341168618,0.0,-0.02510310523211956,0.4960629940032959
n136,n131,36.5,0.25,59,3,0.78125,76.8,-0.00937652587890625,-0.19319477677345276,0.4330708682537079
n135,n130,36.5,0.25,74,2,0.78125,76.8,0.00937652587890625,0.1771736592054367,0.5275590419769287
n139,n133,36.75,0.25,60,3,0.788543701171875,76.08963195170092,-0.0078125,-0.07230011373758316,0.4803149700164795
n137,n132,36.75,0.25,76,1,0.788543701171875,76.08963195170092,0.0078125,0.3606593608856201,0.5748031735420227
n142,n135,37.0,0.25,62,3,0.7718658447265625,77.73371552831867,-0.00182342529296875,-0.1070479229092598,0.4803149700164795
n140,n134,37.0,2.0,77,1,0.7718658447265625,77.73371552831867,0.00182342529296875,-0.714730441570282,0.5748031735420227
n143,n136,37.25,0.25,60,3,0.8541717529296875,70.24348416370425,0.0,-0.010603712871670723,0.4724409580230713
n145,n138,37.5,0.25,59,3,0.78125,76.8,-0.0036468505859375,-0.21089676022529602,0.4330708682537079
n144,n137,37.5,0.5,69,2,0.78125,76.8,0.0036468505859375,-1.107803225517273,0.4724409580230713
n146,n139,37.75,0.25,60,3,0.819793701171875,73.18914492052265,0.0,-0.14044319093227386,0.4724409580230713
n148,n140,38.0,0.75,62,3,0.93646240234375,64.07091181646354,0.00390625,-0.3985556960105896,0.4724409580230713
n147,n141,38.0,0.25,71,2,0.93646240234375,64.07091181646354,-0.00390625,0.29895201325416565,0.5354330539703369
n149,n142,38.25,0.25,69,2,0.820831298828125,73.09662787671488,0.0,0.22030211985111237,0.5354330539703369
n150,n143,38.5,0.25,67,2,0.7791671752929688,77.00529732587856,0.0,-0.13326746225357056,0.5511810779571533
n152,n145,38.75,0.25,57,3,0.8437423706054688,71.11175412104059,-0.0041675567626953125,-0.2064378559589386,0.4409448802471161
n151,n144,38.75,0.25,65,2,0.8437423706054688,71.11175412104059,0.0041675567626953125,-0.4138375520706177,0.5196850299835205
n155,n148,39.0,0.25,59,3,0.8479156494140625,70.76175565513145,-0.008853912353515625,-0.1028292328119278,0.4488188922405243
n154,n147,39.0,1.0,64,2,0.8479156494140625,70.76175565513145,0.00208282470703125,-0.6395961046218872,0.4724409580230713
n153,n146,39.0,0.75,79,1,0.8479156494140625,70.76175565513145,0.006771087646484375,-0.9162237644195557,0.6141732335090637
n156,n149,39.25,0.25,55,3,0.725006103515625,82.75792398030055,0.0,-0.008327358402311802,0.5039370059967041
n157,n150,39.5,0.25,57,3,0.7614517211914062,78.79685386503682,0.0,0.04087383300065994,0.5118110179901123
n159,n152,39.75,0.25,55,3,0.8302180171012878,72.27017333289204,-0.0044269561767578125,-0.09542088210582733,0.5039370059967041
n158,n151,39.75,0.25,71,1,0.8302180171012878,72.27017333289204,0.0044269561767578125,0.21017023921012878,0.5196850299835205
n162,n155,40.0,0.25,57,3,0.8083241581916809,74.22764665877025,-0.0031255085486918688,0.0866040512919426,0.4566929042339325
n161,n154,40.0,0.5,69,2,0.8083241581916809,74.22764665877025,-0.0020840961951762438,-0.04914971813559532,0.4881889820098877
n160,n153,40.0,2.0,72,1,0.8083241581916809,74.22764665877025,0.0052096047438681126,0.004193408880382776,0.5354330539703369
n163,n156,40.25,0.25,59,3,0.803131103515625,74.7076034502413,0.0,-0.23304599523544312,0.4881889820098877
n165,n157,40.5,0.25,60,3,0.7843780517578125,76.4937262912168,0.00390625,-0.02903463877737522,0.5039370059967041
n164,n158,40.5,0.5,64,2,0.7843780517578125,76.4937262912168,-0.00390625,-1.5286056995391846,0.5275590419769287
n166,n159,40.75,0.25,59,3,0.859375,69.81818181818181,0.0,-0.14909154176712036,0.4881889820098877
n168,n161,41.0,0.75,60,3,0.765625,78.36734693877551,-0.00598907470703125,0.4718097746372223,0.4803149700164795
n167,n160,41.0,0.25,69,2,0.765625,78.36734693877551,0.00598907470703125,0.4585391879081726,0.5433070659637451
n169,n162,41.25,0.25,67,2,0.931243896484375,64.42995248238572,0.0,1.3918657302856445,0.5275590419769287
n170,n163,41.5,0.25,65,2,0.7760467529296875,77.314929511001,0.0,0.962719738483429,0.4724409580230713
n172,n164,41.75,0.25,48,3,0.8079833984375,74.25895150324823,0.00390625,-0.10343307256698608,0.3937007784843445
n171,n165,41.75,0.25,64,2,0.8079833984375,74.25895150324823,-0.00390625,-0.16465987265110016,0.5354330539703369
n175,n167,42.0,0.75,50,3,0.834716796875,71.88066686165546,0.000171661376953125,-0.5290391445159912,0.4488188922405243
n174,n168,42.0,0.25,62,2,0.834716796875,71.88066686165546,-0.0170135498046875,0.0884602963924408,0.4330708682537079
n173,n166,42.0,0.5,77,1,0.834716796875,71.88066686165546,0.016841888427734375,-1.1584093570709229,0.5118110179901123
n176,n169,42.25,0.25,60,2,0.8250045776367188,72.72686919128867,0.0,-0.27621784806251526,0.4724409580230713
n178,n171,42.5,0.25,62,2,0.8499984741210938,70.5883620109325,-0.0041675567626953125,-0.18458276987075806,0.5118110179901123
n177,n170,42.5,0.5,71,1,0.8499984741210938,70.5883620109325,0.0041675567626953125,-0.8522437810897827,0.5511810779571533
n180,n173,42.75,0.25,45,3,0.8722279667854309,68.78935586200949,-0.004688262939453125,-1.5397427082061768,0.4724409580230713
n179,n172,42.75,0.25,64,2,0.8722279667854309,68.78935586200949,0.004688262939453125,0.07169196009635925,0.5039370059967041
n183,n176,43.0,1.0,50,3,0.7652689814567566,78.40380500694637,-0.0064226784743368626,-0.43745002150535583,0.4881889820098877
n182,n175,43.0,1.5,65,2,0.7652689814567566,78.40380500694637,-0.0022570292931050062,0.8296415209770203,0.4881889820098877
n181,n174,43.0,0.25,72,1,0.7652689814567566,78.40380500694637,0.008679707534611225,0.3339390158653259,0.5590550899505615
n184,n177,43.25,0.25,71,1,0.804168701171875,74.6112102007514,0.0,0.029591118916869164,0.5590550899505615
n185,n178,43.5,0.25,69,1,0.8166656494140625,73.46947926981932,0.0,0.2213423252105713,0.5196850299835205
n186,n179,43.75,0.25,71,1,0.81146240234375,73.94057916509966,0.0,0.16269761323928833,0.5196850299835205
n189,n181,44.0,0.75,62,3,0.7635498046875,78.58033573141486,-0.00182342529296875,0.03177907317876816,0.5275590419769287
n187,n180,44.0,0.25,72,1,0.7635498046875,78.58033573141486,0.00182342529296875,0.2669500708580017,0.5748031735420227
n190,n182,44.25,0.25,71,1,0.852081298828125,70.41581605243366,0.0,0.31556829810142517,0.5748031735420227
n191,n183,44.5,0.25,72,1,0.7552032470703125,79.44881094296163,0.0,0.2396394908428192,0.5196850299835205
n194,n184,44.75,0.25,60,3,0.7916641235351562,75.78971714932781,0.00547027587890625,0.11314359307289124,0.4645669162273407
n193,n185,44.75,0.25,74,1,0.7916641235351562,75.78971714932781,-0.00547027587890625,-0.9551411271095276,0.5826771855354309
n196,n187,45.0,0.25,59,3,0.9010391235351562,66.5897833210557,-0.008592605590820312,-0.10191621631383896,0.5354330539703369
n195,n186,45.0,0.75,76,1,0.9010391235351562,66.5897833210557,0.008592605590820312,0.03461061418056488,0.6299212574958801
n197,n188,45.25,0.25,62,3,0.789581298828125,75.98964171143663,0.0,-0.0076296147890388966,0.5275590419769287
n198,n189,45.5,0.25,60,3,0.7479248046875,80.2219683368696,0.0,-0.016180556267499924,0.5039370059967041
n200,n190,45.75,0.25,59,3,0.8770828247070312,68.40859073946817,0.001041412353515625,-0.17851682007312775,0.5118110179901123
n199,n191,45.75,0.25,68,1,0.8770828247070312,68.40859073946817,-0.001041412353515625,0.24522040784358978,0.5669291615486145
n202,n193,46.0,0.25,60,3,0.8020858764648438,74.8049576242973,-0.0026035308837890625,-0.04182480275630951,0.4881889820098877
n201,n192,46.0,2.25,69,1,0.8020858764648438,74.8049576242973,0.0026035308837890625,-0.11073613166809082,0.5511810779571533
n203,n194,46.25,0.25,59,3,0.820831298828125,73.09662787671488,0.0,-0.16672104597091675,0.4881889820098877
n204,n195,46.5,0.25,57,3,0.774993896484375,77.41996455995275,0.0,0.04581507295370102,0.4330708682537079
n205,n196,46.75,0.25,55,3,0.7687530517578125,78.04847065361942,0.0,-0.11809183657169342,0.4803149700164795
n206,n197,47.0,0.25,53,3,0.8083343505859375,74.22671071260028,0.0,-1.80847621322755e-06,0.5039370059967041
n207,n198,47.25,0.25,52,3,0.7520904541015625,79.77763801253829,0.0,-0.07380390912294388,0.4803149700164795
n208,n199,47.5,0.25,50,3,0.8020782470703125,74.80566917150195,0.0,-0.1170303076505661,0.4409448802471161
n209,n200,47.75,0.25,48,3,0.789581298828125,75.98964171143663,0.0,-0.06222453713417053,0.4645669162273407
n211,n201,48.0,0.5,47,3,0.8312530517578125,72.18018613359766,0.0,-1.8786990642547607,0.5275590419769287
n212,n202,48.25,0.25,68,1,0.804168701171875,74.6112102007514,0.0,-0.03787178546190262,0.4645669162273407
n214,n204,48.5,0.5,56,3,0.7208251953125,83.23793395427603,-0.00208282470703125,-2.2646868228912354,0.5118110179901123
n213,n203,48.5,0.25,69,1,0.7208251953125,83.23793395427603,0.00208282470703125,0.1653009057044983,0.4960629940032959
n215,n205,48.75,0.25,71,1,0.7927169799804688,75.68905613889878,0.0,0.10771175473928452,0.5275590419769287
n217,n206,49.0,0.5,57,3,0.7218704223632812,83.11741019055772,0.0023441314697265625,-1.8668467998504639,0.5669291615486145
n216,n207,49.0,0.25,72,1,0.7218704223632812,83.11741019055772,-0.0023441314697265625,0.06712339073419571,0.5433070659637451
n218,n208,49.25,0.25,71,1,0.84478759765625,71.02376995881801,0.0,0.26718616485595703,0.5669291615486145
n220,n210,49.5,0.5,48,3,0.742706298828125,80.78563504129515,-0.002864837646484375,-2.129026174545288,0.5118110179901123
n219,n209,49.5,0.25,72,1,0.742706298828125,80.78563504129515,0.002864837646484375,0.18402378261089325,0.5433070659637451
n221,n211,49.75,0.25,74,1,0.772918701171875,77.62782800963399,0.0,0.14771538972854614,0.5905511975288391
n223,n213,50.0,0.5,53,3,0.756256103515625,79.33820265526008,-0.001041412353515625,-2.2559099197387695,0.5275590419769287
n222,n212,50.0,0.25,72,1,0.756256103515625,79.33820265526008,0.001041412353515625,0.19313010573387146,0.5826771855354309
n224,n214,50.25,0.25,71,1,0.7677078247070312,78.15473291925466,0.0,0.0594426691532135,0.5511810779571533
n226,n216,50.5,0.5,50,3,0.7010421752929688,85.58686212413073,-0.011198043823242188,-2.224538564682007,0.4488188922405243
n225,n215,50.5,0.25,69,1,0.7010421752929688,85.58686212413073,0.011198043823242188,-0.12767723202705383,0.5118110179901123
n227,n217,50.75,0.25,67,1,0.8625030517578125,69.56497125165856,0.0,0.11063892394304276,0.4724409580230713
n229,n218,51.0,1.0,52,3,0.7854156494140625,76.39267188623161,0.0,0.028420936316251755,0.4094488322734833
n228,n219,51.0,0.25,64,1,0.7854156494140625,76.39267188623161,0.0,0.019010012969374657,0.4645669162273407
n230,n220,51.25,0.25,71,1,0.8104095458984375,74.03664024401725,0.0,0.4076136648654938,0.4645669162273407
n231,n221,51.5,0.25,68,1,0.677093505859375,88.61405327443998,0.0,-0.035978563129901886,0.4724409580230713
n232,n222,51.75,0.25,64,1,0.774993896484375,77.41996455995275,0.0,-1.3692224025726318,0.4251968562602997
n233,n223,52.0,0.25,64,1,0.6916656494140625,86.74711553310243,0.0,0.5197804570198059,0.5354330539703369
n234,n224,52.25,0.25,72,1,0.8072891235351562,74.32281477701228,0.0,0.4270916283130646,0.5118110179901123
n236,n226,52.5,0.5,57,3,0.7781295776367188,77.10798011589257,-0.0044269561767578125,0.1345072090625763,0.5826771855354309
n235,n225,52.5,0.25,69,1,0.7781295776367188,77.10798011589257,0.0044269561767578125,0.047484129667282104,0.5039370059967041
n237,n227,52.75,0.25,64,1,0.828125,72.45283018867924,0.0,-1.425357699394226,0.4960629940032959
n239,n228,53.0,0.75,56,3,0.7552032470703125,79.44881094296163,0.00390625,-0.004640856757760048,0.5826771855354309
n238,n229,53.0,0.25,64,1,0.7552032470703125,79.44881094296163,-0.00390625,0.2893353998661041,0.5590550899505615
n240,n230,53.25,0.25,74,1,0.76458740234375,78.47369681487986,0.0,0.4661979675292969,0.5590550899505615
n241,n231,53.5,0.25,71,1,0.7437515258789062,80.67210340052316,0.0,0.04377870261669159,0.5275590419769287
n243,n232,53.75,0.25,62,3,0.853118896484375,70.33017349311393,0.013021469116210938,0.08384186774492264,0.5748031735420227
n242,n233,53.75,0.25,65,1,0.853118896484375,70.33017349311393,-0.013021469116210938,-0.030250880867242813,0.5275590419769287
n245,n234,54.0,1.0,60,3,0.8114547729492188,73.94127436324148,0.0065097808837890625,-0.08681998401880264,0.6614173054695129
n244,n235,54.0,0.25,64,1,0.8114547729492188,73.94127436324148,-0.0065097808837890625,0.05630490928888321,0.5354330539703369
n246,n236,54.25,0.25,71,1,0.7833404541015625,76.59504840563336,0.0,0.3582874536514282,0.5669291615486145
n247,n237,54.5,0.25,68,1,0.63958740234375,93.81047809905526,0.0,0.09544798731803894,0.5748031735420227
n248,n238,54.75,0.25,64,1,0.8249969482421875,72.72754175374997,0.0,-1.2284718751907349,0.5433070659637451
n249,n239,55.0,0.25,64,1,0.710418701171875,84.45723613557283,0.0,1.1351898908615112,0.5984252095222473
n250,n240,55.25,0.25,72,1,0.7687530517578125,78.04847065361942,0.0,0.5086908936500549,0.5354330539703369
n252,n241,55.5,0.5,48,3,0.7479095458984375,80.22360501887178,0.0,0.15060965716838837,0.5905511975288391
n251,n242,55.5,0.25,69,1,0.7479095458984375,80.22360501887178,0.0,0.23668760061264038,0.5433070659637451
n253,n243,55.75,0.25,64,1,0.8614578247070312,69.64937606830037,0.0,-1.308038353919983,0.5511810779571533
n255,n244,56.0,0.75,50,3,0.8031234741210938,74.70831314657015,0.0065097808837890625,-0.02707027643918991,0.6141732335090637
n254,n245,56.0,0.25,64,1,0.8031234741210938,74.70831314657015,-0.0065097808837890625,0.34605368971824646,0.5511810779571533
n256,n246,56.25,0.25,74,1,0.6833343505859375,87.80474733715918,0.0,0.37036627531051636,0.5826771855354309
n257,n247,56.5,0.25,71,1,0.740631103515625,81.01199060529895,0.0,-0.07283823192119598,0.5590550899505615
n259,n249,56.75,0.25,45,3,0.78228759765625,76.6981352890692,-0.00390625,0.08758336305618286,0.5511810779571533
n258,n248,56.75,0.25,65,1,0.78228759765625,76.6981352890692,0.00390625,0.18880537152290344,0.5905511975288391
n261,n251,57.0,1.0,44,3,0.789581298828125,75.98964171143663,-0.002605438232421875,0.04681819677352905,0.5669291615486145
n260,n250,57.0,0.25,64,1,0.789581298828125,75.98964171143663,0.002605438232421875,0.20873677730560303,0.5826771855354309
n262,n252,57.25,0.25,71,1,0.7687530517578125,78.04847065361942,0.0,0.3854066729545593,0.6141732335090637
n263,n253,57.5,0.25,68,1,1.3229217529296875,45.35415633398309,0.0,-1.2827123403549194,0.6062992215156555
n264,n255,57.75,0.25,64,1,2.229156494140625,26.916010678348965,0.0,-1.088973879814148,0.6614173054695129
n265,n259,58.0,0.25,64,1,0.3000030517578125,199.99796551548752,0.0,0.25632503628730774,0.6141732335090637
n266,n256,58.25,0.25,72,1,0.3000030517578125,199.99796551548752,0.4401054382324219,1.7929563522338867,0.5590550899505615
n268,n257,58.5,0.5,45,3,0.3000030517578125,199.99796551548752,0.3411445617675781,1.4918384552001953,0.6141732335090637
n267,n258,58.5,0.25,69,1,0.3000030517578125,199.99796551548752,0.3322906494140625,1.3846492767333984,0.6141732335090637
n269,n261,58.75,0.25,64,1,3.2614593505859375,18.396672639571822,0.0,-1.381187081336975,0.6456692814826965
n271,n260,59.0,0.5,47,3,0.0538177490234375,1114.873830450808,0.8153648376464844,4.246993064880371,0.6220472455024719
n270,n266,59.0,0.25,64,1,0.0538177490234375,1114.873830450808,-0.8153648376464844,3.2396209239959717,0.4173228442668915
n272,n262,59.25,0.25,74,1,0.0538177490234375,1114.873830450808,0.5840301513671875,4.692587852478027,0.6299212574958801
n274,n264,59.5,0.5,41,3,0.0538177490234375,1114.873830450808,0.3256072998046875,5.527446746826172,0.5511810779571533
n273,n263,59.5,0.25,71,1,0.0538177490234375,1114.873830450808,0.33133697509765625,4.741425514221191,0.5984252095222473
n275,n265,59.75,0.25,65,1,3.4552040100097656,17.36511066385062,0.0,-3.5257363319396973,0.5354330539703369
n278,n269,60.0,2.0,40,3,1.8368934392929077,32.663843594049936,0.033593177795410156,-0.024478301405906677,0.34645670652389526
n279,n267,60.0,2.0,56,3,1.8368934392929077,32.663843594049936,0.050782203674316406,-0.01762961782515049,0.29133859276771545
n276,n268,60.0,2.0,59,1,1.8368934392929077,32.663843594049936,0.042969703674316406,-0.020738651975989342,0.3779527544975281
n277,n271,60.0,2.0,64,1,1.8368934392929077,32.663843594049936,-0.12734508514404297,-0.09023600071668625,0.4645669162273407
n281,n273,63.0,0.25,57,3,0.7416534423828125,80.9003188972328,-0.004688262939453125,-0.23253366351127625,0.3700787425041199
n280,n272,63.0,1.0,76,1,0.7416534423828125,80.9003188972328,0.004688262939453125,-3.3057825565338135,0.6299212574958801
n282,n274,63.25,0.25,64,3,0.7479248046875,80.2219683368696,0.0,-0.1347089558839798,0.4566929042339325
n283,n275,63.5,0.25,60,3,0.572906494140625,104.7291322644223,0.0,-0.3550693690776825,0.4488188922405243
n284,n276,63.75,0.25,64,3,0.6802215576171875,88.20655465577963,0.0,-0.05175920948386192,0.4881889820098877
n286,n278,64.0,0.25,57,3,0.6364593505859375,94.27153508666778,-0.007030487060546875,-0.4095408618450165,0.4960629940032959
n285,n277,64.0,1.0,81,1,0.6364593505859375,94.27153508666778,0.007030487060546875,-3.0851058959960938,0.6771653294563293
n287,n279,64.25,0.25,64,3,0.654144287109375,91.72288313505948,0.0,-0.1756303608417511,0.4803149700164795
n288,n280,64.5,0.25,60,3,0.5604248046875,107.06164234371596,0.0,-0.32329049706459045,0.4803149700164795
n289,n281,64.75,0.25,64,3,0.784393310546875,76.49223826012528,0.0,-0.06869975477457047,0.5039370059967041
n291,n283,65.0,0.25,59,3,0.5802001953125,103.41258152745634,-0.00390625,-0.4072677791118622,0.5275590419769287
n290,n282,65.0,0.75,81,1,0.5802001953125,103.41258152745634,0.00390625,0.15305902063846588,0.6771653294563293
n292,n284,65.25,0.25,65,3,0.635406494140625,94.4277412228039,0.0,-0.21372339129447937,0.5039370059967041
n293,n285,65.5,0.25,62,3,0.59063720703125,101.5852020254211,0.0,-0.14723466336727142,0.4960629940032959
n295,n287,65.75,0.25,65,3,0.6697896122932434,89.58036807195384,-0.00234222412109375,0.05503373220562935,0.4960629940032959
n294,n286,65.75,0.25,79,1,0.6697896122932434,89.58036807195384,0.00234222412109375,-1.158745527267456,0.5826771855354309
n298,n290,66.0,0.25,60,3,0.670135498046875,89.53413179106516,-0.010935465805232525,-0.35213547945022583,0.4960629940032959
n296,n289,66.0,0.25,76,1,0.670135498046875,89.53413179106516,0.0031255085486918688,0.15842464566230774,0.6377952694892883
n297,n288,66.0,0.25,79,1,0.670135498046875,89.53413179106516,0.0078099570237100124,0.24801352620124817,0.6062992215156555
n301,n292,66.25,0.25,67,3,0.6534627079963684,91.81855255974828,-0.0022532145958393812,-0.2109183371067047,0.4960629940032959
n299,n293,66.25,0.25,77,1,0.6534627079963684,91.81855255974828,-0.008509318344295025,0.13319724798202515,0.5275590419769287
n300,n291,66.25,0.25,81,1,0.6534627079963684,91.81855255974828,0.010762532241642475,0.12478501349687576,0.6062992215156555
n304,n295,66.5,0.25,64,3,0.5805562138557434,103.34916510756493,-0.0019124349346384406,-0.17988383769989014,0.4960629940032959
n302,n296,66.5,0.5,72,1,0.5805562138557434,103.34916510756493,-0.0029500324744731188,-1.9524732828140259,0.5196850299835205
n303,n294,66.5,0.5,76,1,0.5805562138557434,103.34916510756493,0.0048624672926962376,-1.9524732828140259,0.6220472455024719
n305,n297,66.75,0.25,67,3,0.6722310185432434,89.25503040609887,0.0,0.0059303711168468,0.4881889820098877
n308,n300,67.0,0.25,62,3,0.6041666865348816,99.31034156173372,-0.0006968180532567203,-0.2790422737598419,0.5196850299835205
n306,n298,67.0,0.25,74,1,0.6041666865348816,99.31034156173372,0.0008672078256495297,0.10086169838905334,0.5984252095222473
n307,n299,67.0,0.25,77,1,0.6041666865348816,99.31034156173372,-0.00017038981604855508,0.014847726561129093,0.5826771855354309
n311,n302,67.25,0.25,69,3,0.6451416015625,93.00283822138127,0.0019073486328125,-0.21929588913917542,0.5118110179901123
n309,n303,67.25,0.25,76,1,0.6451416015625,93.00283822138127,-0.00902557373046875,0.0829736590385437,0.5669291615486145
n310,n301,67.25,0.25,79,1,0.6451416015625,93.00283822138127,0.00711822509765625,0.042834244668483734,0.6299212574958801
n314,n304,67.5,0.25,65,3,0.501373291015625,119.6713129222716,0.00850677490234375,-0.20348849892616272,0.5275590419769287
n312,n306,67.5,0.5,71,1,0.501373291015625,119.6713129222716,-0.01076507568359375,-1.7409225702285767,0.4803149700164795
n313,n305,67.5,0.5,74,1,0.501373291015625,119.6713129222716,0.00225830078125,-1.7409225702285767,0.6141732335090637
n315,n307,67.75,0.25,69,3,0.680572509765625,88.16106901035828,0.0,-0.15203900635242462,0.4881889820098877
n318,n308,68.0,0.25,64,3,0.60693359375,98.85760257441673,0.00711822509765625,-0.2796105742454529,0.5196850299835205
n316,n310,68.0,0.25,72,1,0.60693359375,98.85760257441673,-0.00902557373046875,-0.2323049157857895,0.5433070659637451
n317,n309,68.0,0.25,76,1,0.60693359375,98.85760257441673,0.0019073486328125,0.11270684003829956,0.6220472455024719
n321,n311,68.25,0.25,71,3,0.63958740234375,93.81047809905526,0.00937652587890625,-0.23419806361198425,0.5196850299835205
n319,n313,68.25,0.25,74,1,0.63958740234375,93.81047809905526,-0.00521087646484375,-0.5273944139480591,0.5669291615486145
n320,n312,68.25,0.25,77,1,0.63958740234375,93.81047809905526,-0.0041656494140625,0.0998396947979927,0.5354330539703369
n322,n314,68.5,0.5,68,1,0.714599609375,83.96310215237445,0.008331298828125,-0.1251813769340515,0.5354330539703369
n323,n315,68.5,0.5,71,1,0.714599609375,83.96310215237445,-0.008331298828125,-2.2521724700927734,0.4881889820098877
n325,n316,68.75,0.25,71,3,0.56109619140625,106.93353638638094,0.0,0.003604976227506995,0.5196850299835205
n328,n319,69.0,0.25,57,3,0.6180419921875,97.08078214497334,-0.00763702392578125,-0.11463530361652374,0.5196850299835205
n326,n317,69.0,1.0,72,1,0.6180419921875,97.08078214497334,0.00537872314453125,-3.0427422523498535,0.5905511975288391
n327,n318,69.0,1.0,76,1,0.6180419921875,97.08078214497334,0.00225830078125,-3.0427422523498535,0.6299212574958801
n329,n320,69.25,0.25,69,3,0.683349609375,87.80278670953912,0.0,-0.06756751239299774,0.5433070659637451
n330,n321,69.5,0.25,64,3,0.54791259765625,109.50651665367049,0.0,-0.1623913049697876,0.5118110179901123
n331,n322,69.75,0.25,69,3,0.46875,128.0,0.0,0.4762376546859741,0.4960629940032959
n334,n327,70.0,0.25,60,3,0.864593505859375,69.39677385196428,-0.04895782470703125,-0.567701518535614,0.5039370059967041
n332,n324,70.0,2.0,72,1,0.864593505859375,69.39677385196428,0.08489227294921875,-0.5760987401008606,0.4330708682537079
n333,n326,70.0,2.0,76,1,0.864593505859375,69.39677385196428,-0.0359344482421875,-1.077681541442871,0.6692913174629211
n335,n328,70.25,0.25,69,3,0.695831298828125,86.22779702644621,0.0,-0.1500803381204605,0.4724409580230713
n336,n329,70.5,0.25,64,3,0.5,120.0,0.0,-0.2415546327829361,0.4803149700164795
n337,n330,70.75,0.25,69,3,0.652069091796875,92.01478916085553,0.0,-0.4320063889026642,0.5196850299835205
n338,n331,71.0,0.25,57,3,0.66668701171875,89.99725350178522,0.0,-0.0787980854511261,0.5511810779571533
n339,n332,71.25,0.25,64,3,0.660400390625,90.8539741219963,0.0,-0.12839433550834656,0.4803149700164795
n340,n333,71.5,0.25,60,3,0.51251220703125,117.0703822793855,0.0,-0.524696409702301,0.4724409580230713
n341,n334,71.75,0.25,64,3,0.6180521845817566,97.0791811707659,0.0,-0.5688349604606628,0.4803149700164795
n344,n336,72.0,0.25,53,3,0.6985982060432434,85.886278380002,-0.0006917317514307797,-0.1086546927690506,0.5354330539703369
n342,n337,72.0,1.0,65,1,0.6985982060432434,85.886278380002,-0.0017369588604196906,-3.2195003032684326,0.5984252095222473
n343,n335,72.0,1.0,69,1,0.6985982060432434,85.886278380002,0.0024286906700581312,-3.2195003032684326,0.5905511975288391
n345,n338,72.25,0.25,60,3,0.57501220703125,104.34561086933446,0.0,-0.23819032311439514,0.4881889820098877
n346,n339,72.5,0.25,57,3,0.57708740234375,103.97038603913273,0.0,-0.2620033323764801,0.4015747904777527
n347,n340,72.75,0.25,60,3,0.738189697265625,81.27992062507751,0.0,-0.178935244679451,0.4566929042339325
n350,n341,73.0,0.25,53,3,0.6180419921875,97.08078214497334,0.002777099609375,-0.003213980235159397,0.5196850299835205
n348,n343,73.0,1.0,69,1,0.6180419921875,97.08078214497334,-0.0045166015625,-3.0427422523498535,0.6062992215156555
n349,n342,73.0,1.0,72,1,0.6180419921875,97.08078214497334,0.001739501953125,-3.0427422523498535,0.6141732335090637
n351,n344,73.25,0.25,60,3,0.706268310546875,84.95354966944649,0.0,-0.14308398962020874,0.4645669162273407
n352,n345,73.5,0.25,57,3,0.6895751953125,87.01009028146575,0.0,-0.2158522754907608,0.4409448802471161
n353,n346,73.75,0.25,60,3,0.5895894169807434,101.76573437708035,0.0,-0.025732144713401794,0.4566929042339325
n356,n349,74.0,0.25,53,3,0.6291605830192566,95.36516053193941,-0.012499491684138775,-0.4310358166694641,0.5196850299835205
n354,n347,74.0,1.0,69,1,0.6291605830192566,95.36516053193941,0.0067723593674600124,-3.0684657096862793,0.6062992215156555
n355,n348,74.0,1.0,72,1,0.6291605830192566,95.36516053193941,0.0057271323166787624,-3.0684657096862793,0.5826771855354309
n357,n350,74.25,0.25,60,3,0.660430908203125,90.84977588836006,0.0,-0.19462794065475464,0.4724409580230713
n358,n351,74.5,0.25,57,3,0.539581298828125,111.19733046773372,0.0,-0.4168899953365326,0.4094488322734833
n359,n352,74.75,0.25,60,3,0.653472900390625,91.81712044085369,0.0,-0.2651839554309845,0.5118110179901123
n362,n355,75.0,0.25,50,3,0.67291259765625,89.16462585034013,-0.00850677490234375,-0.242624431848526,0.5196850299835205
n360,n354,75.0,0.25,67,1,0.67291259765625,89.16462585034013,0.0013885498046875,0.3012429475784302,0.5118110179901123
n361,n353,75.0,0.25,71,1,0.67291259765625,89.16462585034013,0.00711822509765625,0.11170157790184021,0.5275590419769287
n365,n357,75.25,0.25,57,3,0.6180521845817566,97.0791811707659,-0.00069427490234375,-0.13587550818920135,0.4724409580230713
n363,n358,75.25,0.25,69,1,0.6180521845817566,97.0791811707659,-0.01267242431640625,-1.0427660942077637,0.4566929042339325
n364,n356,75.25,0.25,72,1,0.6180521845817566,97.0791811707659,0.01336669921875,0.10923703014850616,0.4960629940032959
n368,n359,75.5,0.25,53,3,0.5597127079963684,107.1978519386937,0.0069452919997274876,-0.052840787917375565,0.5275590419769287
n366,n361,75.5,0.5,65,1,0.5597127079963684,107.1978519386937,-0.0039952597580850124,-1.899724006652832,0.4881889820098877
n367,n360,75.5,0.5,69,1,0.5597127079963684,107.1978519386937,-0.0029500324744731188,-1.899724006652832,0.5039370059967041
n369,n362,75.75,0.25,57,3,0.6986185908317566,85.88377232928428,0.0,-0.08112847059965134,0.5039370059967041
n372,n365,76.0,0.25,52,3,0.59027099609375,101.64822665701583,-0.0024312336463481188,-0.3134499490261078,0.5039370059967041
n370,n363,76.0,0.25,69,1,0.59027099609375,101.64822665701583,0.0017344156512990594,0.2286994606256485,0.5590550899505615
n371,n364,76.0,0.25,72,1,0.59027099609375,101.64822665701583,0.0006968180532567203,0.29660359025001526,0.5748031735420227
n375,n366,76.25,0.25,59,3,0.7381998896598816,81.27879838568442,0.01597086526453495,-0.17895512282848358,0.5196850299835205
n373,n367,76.25,0.25,71,1,0.7381998896598816,81.27879838568442,-0.0059026083908975124,-1.299048900604248,0.5905511975288391
n374,n368,76.25,0.25,74,1,0.7381998896598816,81.27879838568442,-0.010068257339298725,-1.299048900604248,0.5511810779571533
n378,n369,76.5,0.25,56,3,0.5124918818473816,117.07502523497105,0.015622456558048725,-0.10960160195827484,0.5196850299835205
n376,n370,76.5,0.5,68,1,0.5124918818473816,117.07502523497105,-0.0072886147536337376,-1.772566556930542,0.5118110179901123
n377,n371,76.5,0.5,71,1,0.5124918818473816,117.07502523497105,-0.008333842270076275,-1.772566556930542,0.4881889820098877
n379,n372,76.75,0.25,59,3,0.739593505859375,81.12564472869816,0.0,-1.3017699718475342,0.5275590419769287
n382,n373,77.0,0.25,40,3,0.8180440068244934,73.34568739511914,0.0197906494140625,1.829942226409912,0.5118110179901123
n380,n374,77.0,0.25,65,1,0.8180440068244934,73.34568739511914,-0.007293701171875,1.7751764059066772,0.5748031735420227
n381,n375,77.0,0.25,69,1,0.8180440068244934,73.34568739511914,-0.0124969482421875,1.7644020318984985,0.5118110179901123
n385,n377,77.25,0.25,62,3,1.034027099609375,58.02555853968067,0.03941090777516365,1.0685898065567017,0.5590550899505615
n383,n378,77.25,0.25,68,1,1.034027099609375,58.02555853968067,-0.09652964025735855,0.6521657109260559,0.08661417663097382
n384,n376,77.25,0.25,71,1,1.034027099609375,58.02555853968067,0.0571187324821949,1.114956259727478,0.6220472455024719
n388,n380,77.5,0.25,59,3,0.0041605629958212376,14421.125232393419,0.13177235424518585,8.497969627380371,0.5748031735420227
n386,n379,77.5,0.5,64,1,0.0041605629958212376,14421.125232393419,0.15156300365924835,7.571970462799072,0.5748031735420227
n387,n386,77.5,0.5,68,1,0.0041605629958212376,14421.125232393419,-0.2833353579044342,6.094871997833252,0.6062992215156555
n389,n381,77.75,0.25,62,3,0.9838714599609375,60.983576048015635,0.0,-0.01615361124277115,0.5354330539703369
n393,n385,78.0,1.0,57,3,0.7003898620605469,85.666574075587,0.034503936767578125,0.03523950278759003,0.5275590419769287
n390,n383,78.0,2.0,60,1,0.7003898620605469,85.666574075587,0.053775787353515625,-0.06500685960054398,0.4803149700164795
n391,n382,78.0,2.0,64,1,0.7003898620605469,85.666574075587,0.057941436767578125,-0.038320306688547134,0.5039370059967041
n392,n387,78.0,2.0,69,1,0.7003898620605469,85.666574075587,-0.14622116088867188,-0.23640558123588562,0.5826771855354309
n394,n388,79.0,1.0,45,3,0.7791687250137329,77.00514416687156,0.0,-0.05104314535856247,0.4094488322734833
n395,n389,80.25,0.25,81,1,0.591644287109375,101.41228658379326,0.0,-0.20717807114124298,0.4566929042339325
n396,n390,80.5,0.25,80,1,0.595855712890625,100.6955185659411,0.0,-0.05140109732747078,0.4724409580230713
n397,n391,80.75,0.25,81,1,0.560394287109375,107.06747263519033,0.0,-0.021556250751018524,0.5196850299835205
n398,n392,81.0,0.25,83,1,0.63543701171875,94.42320622418596,0.0,-0.21379268169403076,0.4724409580230713
n399,n393,81.25,0.25,86,1,0.62152099609375,96.53736619856623,0.0,-0.24348577857017517,0.5039370059967041
n401,n396,81.5,0.5,52,3,0.56597900390625,106.0109996764801,-0.00763702392578125,-1.9157860279083252,0.3700787425041199
n402,n395,81.5,0.5,56,3,0.56597900390625,106.0109996764801,-0.0045166015625,-1.9157860279083252,0.4251968562602997
n400,n394,81.5,0.25,80,1,0.56597900390625,106.0109996764801,0.01215362548828125,0.11886006593704224,0.5196850299835205
n403,n397,81.75,0.25,83,1,0.6284688115119934,95.47013137477704,0.0,-0.20338065922260284,0.5039370059967041
n405,n400,82.0,0.5,52,3,0.6006876826286316,99.88551744133952,-0.013193766586482525,-2.001652479171753,0.3700787425041199
n406,n399,82.0,0.5,56,3,0.6006876826286316,99.88551744133952,-0.0048624672926962376,-2.001652479171753,0.4566929042339325
n404,n398,82.0,0.25,76,1,0.6006876826286316,99.88551744133952,0.01805623434484005,-0.5133661031723022,0.5118110179901123
n407,n401,82.25,0.25,80,1,0.55694580078125,107.73041095890412,0.0,-0.3830192983150482,0.4803149700164795
n409,n404,82.5,0.5,52,3,0.578460693359375,103.72355579002901,-0.00763702392578125,-1.947256326675415,0.3385826647281647
n410,n403,82.5,0.5,56,3,0.578460693359375,103.72355579002901,0.00225830078125,-1.947256326675415,0.4566929042339325
n408,n402,82.5,0.25,71,1,0.578460693359375,103.72355579002901,0.00537872314453125,-0.3556302487850189,0.5118110179901123
n411,n405,82.75,0.25,80,1,0.7395995855331421,81.12497785778079,0.0,-0.3424240052700043,0.4645669162273407
n415,n409,83.0,1.0,52,3,0.6229156255722046,96.32123121792706,-0.0052093504928052425,-2.1154749393463135,0.31496062874794006
n416,n408,83.0,1.0,57,3,0.6229156255722046,96.32123121792706,1.5258789289873675e-06,-2.110257148742676,0.3858267664909363
n412,n410,83.0,1.0,72,1,0.6229156255722046,96.32123121792706,-0.0072921751998364925,0.0740632638335228,0.3700787425041199
n413,n407,83.0,1.0,76,1,0.6229156255722046,96.32123121792706,0.0046859742142260075,-0.0616079606115818,0.4881889820098877
n414,n406,83.0,1.0,81,1,0.6229156255722046,96.32123121792706,0.00781402550637722,-0.03788512572646141,0.4960629940032959
n417,n411,84.0,1.0,45,3,0.79376220703125,75.58938869665513,0.0,-3.306882858276367,0.4330708682537079
n418,n412,84.25,0.25,69,1,0.57916259765625,103.59785014226999,0.0,-0.13593734800815582,0.5118110179901123
n419,n413,84.5,0.25,68,1,0.560394287109375,107.06747263519033,0.0,-0.18876168131828308,0.5118110179901123
n420,n414,84.75,0.25,69,1,0.57501220703125,104.34561086933446,0.0,0.06136997416615486,0.5511810779571533
n421,n415,85.0,0.25,71,1,0.647918701171875,92.6042108237954,0.0,-0.13611704111099243,0.5590550899505615
n422,n416,85.25,0.25,74,1,0.587493896484375,102.12872058594358,0.0,-0.25079309940338135,0.5826771855354309
n424,n419,85.5,0.5,40,3,0.54583740234375,109.92284468299228,-0.008331298828125,-1.863508701324463,0.4251968562602997
n425,n418,85.5,0.5,44,3,0.54583740234375,109.92284468299228,-0.00156402587890625,-1.863508701324463,0.4724409580230713
n423,n417,85.5,0.25,68,1,0.54583740234375,109.92284468299228,0.00989532470703125,0.11122449487447739,0.5826771855354309
n426,n420,85.75,0.25,71,1,0.645843505859375,92.90176251004111,0.0,-0.04252738878130913,0.5275590419769287
n428,n422,86.0,0.5,40,3,0.5645751953125,106.27459459459459,-0.0036468505859375,-1.9122031927108765,0.4803149700164795
n429,n423,86.0,0.5,44,3,0.5645751953125,106.27459459459459,-0.0041656494140625,-1.9122031927108765,0.4803149700164795
n427,n421,86.0,0.25,64,1,0.5645751953125,106.27459459459459,0.0078125,-0.5507467985153198,0.5196850299835205
n430,n424,86.25,0.25,68,1,0.620819091796875,96.64651231381802,0.0,-0.2883981168270111,0.5275590419769287
n432,n425,86.5,0.5,40,3,0.595855712890625,100.6955185659411,0.0,-1.9900004863739014,0.3779527544975281
n433,n426,86.5,0.5,44,3,0.595855712890625,100.6955185659411,0.0,-1.9900004863739014,0.3858267664909363
n431,n427,86.5,0.25,59,1,0.595855712890625,100.6955185659411,0.0,-0.9900004863739014,0.5590550899505615
n434,n428,86.75,0.25,62,1,0.8508239984512329,70.51987262843885,0.0,-0.6965433359146118,0.4566929042339325
n438,n432,87.0,1.0,40,3,0.7106640338897705,84.42808013175248,-0.01020965538918972,0.0727047398686409,0.26771652698516846
n439,n433,87.0,1.0,45,3,0.7106640338897705,84.42808013175248,-0.03156433254480362,0.03088461607694626,0.27559053897857666
n435,n430,87.0,1.0,60,1,0.7106640338897705,84.42808013175248,0.00854339636862278,0.10845126956701279,0.3385826647281647
n436,n429,87.0,1.0,64,1,0.7106640338897705,84.42808013175248,0.02885284461081028,0.14620254933834076,0.36220473051071167
n437,n431,87.0,1.0,69,1,0.7106640338897705,84.42808013175248,0.0043777464888989925,0.10058379918336868,0.4488188922405243
n440,n434,88.25,0.25,81,1,0.57293701171875,104.72355385107063,0.0,-0.08653077483177185,0.4645669162273407
n441,n435,88.5,0.25,80,1,0.5916748046875,101.4070559108727,0.0,-0.15541352331638336,0.4409448802471161
n442,n436,88.75,0.25,81,1,0.566650390625,105.88539422662646,0.0,0.09248773753643036,0.5039370059967041
n443,n437,89.0,0.25,83,1,0.60833740234375,98.62947727500753,0.0,-0.2011495977640152,0.5039370059967041
n444,n438,89.25,0.25,86,1,0.616668701171875,97.2969762953432,0.0,-0.47474852204322815,0.4960629940032959
n446,n441,89.5,0.5,52,3,0.51666259765625,116.12994683992912,-0.01302337646484375,-1.7842599153518677,0.3937007784843445
n447,n440,89.5,0.5,56,3,0.51666259765625,116.12994683992912,-0.0041656494140625,-1.7842599153518677,0.5118110179901123
n445,n439,89.5,0.25,80,1,0.51666259765625,116.12994683992912,0.01718902587890625,0.13857224583625793,0.5196850299835205
n448,n442,89.75,0.25,83,1,0.6402791142463684,93.70913194727922,0.0,-0.11391644179821014,0.5354330539703369
n450,n445,90.0,0.5,52,3,0.5597330927848816,107.19394792521119,-0.0055567421950399876,-1.8997764587402344,0.3937007784843445
n451,n443,90.0,0.5,56,3,0.5597330927848816,107.19394792521119,0.0033009846229106188,-1.8997764587402344,0.4960629940032959
n449,n444,90.0,0.25,76,1,0.5597330927848816,107.19394792521119,0.0022557575721293688,-0.25592029094696045,0.4645669162273407
n452,n446,90.25,0.25,80,1,0.6145731806755066,97.62873142959337,0.0,-0.27973470091819763,0.5275590419769287
n454,n448,90.5,0.5,52,3,0.5999959111213684,100.0006814844161,2.543131586207892e-06,-1.9999901056289673,0.4094488322734833
n455,n447,90.5,0.5,56,3,0.5999959111213684,100.0006814844161,0.0010401407489553094,-1.9999901056289673,0.4724409580230713
n453,n449,90.5,0.25,71,1,0.5999959111213684,100.0006814844161,-0.0010426839580759406,-0.9999901652336121,0.5511810779571533
n456,n450,90.75,0.25,74,1,0.585418701171875,102.49074701558672,0.0,-0.9645062685012817,0.4015747904777527
n457,n451,91.0,0.25,84,1,0.57501220703125,104.34561086933446,0.0,0.0862017348408699,0.6692913174629211
n458,n452,91.25,0.25,88,1,0.6409505009651184,93.61097293730846,0.0,0.02484336495399475,0.6535432934761047
n460,n455,91.5,0.5,57,3,0.5423685908317566,110.62587512301587,-0.012674967758357525,-1.8543109893798828,0.4881889820098877
n461,n454,91.5,0.5,60,3,0.5423685908317566,110.62587512301587,0.0024312336463481188,-1.8543109893798828,0.5433070659637451
n459,n453,91.5,0.25,81,1,0.5423685908317566,110.62587512301587,0.010243733413517475,0.20458261668682098,0.6692913174629211
n462,n456,91.75,0.25,84,1,0.5930582880973816,101.1704940377595,0.0,0.03668823838233948,0.6456692814826965
n464,n459,92.0,0.5,57,3,0.5110982060432434,117.39426844108992,-0.0059026083908975124,-1.768638014793396,0.5669291615486145
n465,n458,92.0,0.5,60,3,0.5110982060432434,117.39426844108992,0.0008646647329442203,-1.768638014793396,0.5826771855354309
n463,n457,92.0,0.25,76,1,0.5110982060432434,117.39426844108992,0.0050379433669149876,0.19071988761425018,0.6456692814826965
n466,n460,92.25,0.25,81,1,0.5875040888786316,102.12694879200234,0.0,0.08925734460353851,0.6771653294563293
n468,n462,92.5,0.5,57,3,0.5864664912223816,102.3076354711094,-0.0015614827862009406,-1.9670860767364502,0.5590550899505615
n469,n463,92.5,0.5,60,3,0.5864664912223816,102.3076354711094,-0.0052083334885537624,-1.9670860767364502,0.5590550899505615
n467,n461,92.5,0.5,72,1,0.5864664912223816,102.3076354711094,0.0067698159255087376,-1.9670860767364502,0.6377952694892883
n470,n464,93.0,0.25,86,1,0.5958251953125,100.70067609096496,0.0,0.3118235468864441,0.7637795209884644
n471,n465,93.25,0.25,89,1,0.602783203125,99.53827460510328,0.0,0.02307065576314926,0.7007874250411987
n473,n468,93.5,0.5,59,3,0.484710693359375,123.78517912233205,-0.01336669921875,-1.6921613216400146,0.6299212574958801
n474,n467,93.5,0.5,62,3,0.484710693359375,123.78517912233205,-0.0013885498046875,-1.6921613216400146,0.6220472455024719
n472,n466,93.5,0.25,83,1,0.484710693359375,123.78517912233205,0.0147552490234375,-0.12737680971622467,0.6929134130477905
n475,n469,93.75,0.25,86,1,0.5902811884880066,101.64647149554062,0.0,0.14365403354167938,0.6614173054695129
n477,n471,94.0,0.5,59,3,0.5597127079963684,107.1978519386937,-0.0008672078256495297,-1.899724006652832,0.6456692814826965
n478,n470,94.0,0.5,62,3,0.5597127079963684,107.1978519386937,0.0032984416466206312,-1.899724006652832,0.6377952694892883
n476,n472,94.0,0.25,79,1,0.5597127079963684,107.1978519386937,-0.0024312336463481188,0.12017554044723511,0.7401574850082397
n479,n473,94.25,0.25,83,1,0.5659891963005066,106.00909061900816,0.0,-0.03045450896024704,0.6771653294563293
n481,n474,94.5,0.5,59,3,0.5735982060432434,104.6028376097756,0.0055567421950399876,-1.9350780248641968,0.5354330539703369
n482,n475,94.5,0.5,62,3,0.5735982060432434,104.6028376097756,0.0055567421950399876,-1.9350780248641968,0.5669291615486145
n480,n476,94.5,0.25,74,1,0.5735982060432434,104.6028376097756,-0.011113484390079975,1.5989004373550415,0.6771653294563293
n483,n477,94.75,0.25,79,1,0.9597371220588684,62.517119137046066,0.0,0.3323073089122772,0.7007874250411987
n485,n480,95.0,1.0,60,3,0.8923441767692566,67.23863007346645,-0.0027796428184956312,0.6694778203964233,0.6692913174629211
n486,n478,95.0,1.0,64,3,0.8923441767692566,67.23863007346645,0.0019124349346384406,0.6742347478866577,0.7007874250411987
n484,n479,95.0,0.25,88,1,0.8923441767692566,67.23863007346645,0.0008672078256495297,0.20872198045253754,0.787401556968689
n487,n481,95.25,0.25,91,1,0.647918701171875,92.6042108237954,0.0,0.266119122505188,0.7795275449752808
n488,n482,95.5,0.25,84,1,0.57501220703125,104.34561086933446,0.0,0.13461895287036896,0.7322834730148315
n489,n483,95.75,0.25,88,1,0.5604248046875,107.06164234371596,0.0,0.13797007501125336,0.7007874250411987
n490,n484,96.0,0.25,81,1,0.508331298828125,118.03325929038843,0.0,-0.011868337169289589,0.6614173054695129
n491,n485,96.25,0.25,84,1,0.664581298828125,90.28240804518529,0.0,1.9138129949569702,0.6850393414497375
n492,n486,96.5,0.25,76,1,0.554168701171875,108.2702792003965,0.0,1.7309818267822266,0.6692913174629211
n493,n487,96.75,0.25,81,1,1.0791473388671875,55.59945138073894,0.0,0.2523442804813385,0.6220472455024719
n495,n488,97.0,0.25,53,3,0.9552154541015625,62.81305410456702,0.002605438232421875,0.1760195940732956,0.6929134130477905
n494,n489,97.0,0.25,65,1,0.9552154541015625,62.81305410456702,-0.002605438232421875,0.2172030210494995,0.7007874250411987
n497,n491,97.25,0.25,52,3,0.6541595458984375,91.72074362622752,-0.00547027587890625,0.24842678010463715,0.6377952694892883
n496,n490,97.25,0.25,64,1,0.6541595458984375,91.72074362622752,0.00547027587890625,0.3742799460887909,0.6614173054695129
n499,n493,97.5,0.25,50,3,0.640625,93.65853658536585,-0.002864837646484375,0.23141248524188995,0.6141732335090637
n498,n492,97.5,0.25,62,1,0.640625,93.65853658536585,0.002864837646484375,0.20723257958889008,0.7007874250411987
n501,n495,97.75,0.25,48,3,0.5395965576171875,111.19418601363006,-0.003124237060546875,-0.20948871970176697,0.5748031735420227
n500,n494,97.75,0.25,60,1,0.5395965576171875,111.19418601363006,0.003124237060546875,0.03300485387444496,0.6614173054695129
n503,n496,98.0,0.25,47,3,0.63958740234375,93.81047809905526,0.00521087646484375,0.15574844181537628,0.6299212574958801
n502,n497,98.0,0.25,59,1,0.63958740234375,93.81047809905526,-0.00521087646484375,0.04167678579688072,0.6771653294563293
n505,n499,98.25,0.25,44,3,0.5781097412109375,103.78652308179586,-0.00208282470703125,-0.8495193719863892,0.6220472455024719
n504,n498,98.25,0.25,56,1,0.5781097412109375,103.78652308179586,0.00208282470703125,-0.9463808536529541,0.6377952694892883
n507,n500,98.5,0.25,44,3,0.5968780517578125,100.52304624587775,0.003383636474609375,0.09969617426395416,0.5984252095222473
n506,n501,98.5,0.25,56,1,0.5968780517578125,100.52304624587775,-0.003383636474609375,0.03727366775274277,0.6929134130477905
n509,n503,98.75,0.25,52,3,0.62396240234375,96.15964002738922,-0.0114593505859375,-1.056496500968933,0.5905511975288391
n508,n502,98.75,0.25,64,1,0.62396240234375,96.15964002738922,0.0114593505859375,-1.056496500968933,0.6535432934761047
n511,n505,99.0,0.5,52,3,0.569793701171875,105.30126934818703,-0.004425048828125,-1.5408133268356323,0.6141732335090637
n510,n504,99.0,0.25,64,1,0.569793701171875,105.30126934818703,0.004425048828125,0.3433896601200104,0.7165354490280151
n512,n506,99.25,0.25,62,1,0.618743896484375,96.97065351418003,0.0,0.28155019879341125,0.6535432934761047
n514,n509,99.5,0.5,40,3,0.572906494140625,104.7291322644223,-0.0041656494140625,-1.9333370923995972,0.5669291615486145
n515,n507,99.5,0.5,44,3,0.572906494140625,104.7291322644223,0.00260162353515625,-1.9333370923995972,0.5669291615486145
n513,n508,99.5,0.25,60,1,0.572906494140625,104.7291322644223,0.00156402587890625,0.1867566704750061,0.6771653294563293
n516,n510,99.75,0.25,59,1,0.580230712890625,103.40714248146006,0.0,-0.22677138447761536,0.6456692814826965
n518,n512,100.0,0.5,48,3,0.571868896484375,104.91915256950745,-0.00182342529296875,-1.9307218790054321,0.6456692814826965
n517,n511,100.0,0.25,57,1,0.571868896484375,104.91915256950745,0.00182342529296875,0.170816108584404,0.5905511975288391
n519,n514,100.25,0.25,55,1,0.2305501252412796,260.2470934995489,0.0,1.5453473329544067,0.6141732335090637
n521,n516,100.5,0.5,40,3,0.8079884648323059,74.2584858713951,-0.0991312637925148,-2.4293720722198486,0.5905511975288391
n522,n513,100.5,0.5,45,3,0.8079884648323059,74.2584858713951,0.1935780793428421,-2.4293720722198486,0.6299212574958801
n520,n515,100.5,0.25,53,1,0.8079884648323059,74.2584858713951,-0.0944468155503273,-0.7791182994842529,0.6299212574958801
n525,n520,101.0,1.0,45,3,0.657623291015625,91.23764443825699,-0.00659942626953125,-0.15501900017261505,0.6062992215156555
n526,n519,101.0,1.0,48,3,0.657623291015625,91.23764443825699,0.001739501953125,-0.6422279477119446,0.6299212574958801
n524,n518,101.0,0.25,52,1,0.657623291015625,91.23764443825699,0.00485992431640625,0.1324043869972229,0.5669291615486145
n527,n521,101.25,0.25,57,1,0.5916748046875,101.4070559108727,0.0,-0.09991846233606339,0.5511810779571533
n528,n522,101.5,0.25,60,1,0.57708740234375,103.97038603913273,0.0,0.0661567971110344,0.5669291615486145
n529,n523,101.75,0.25,64,1,0.528472900390625,113.53467690708553,0.0,0.041113972663879395,0.5984252095222473
n531,n525,102.0,0.5,44,3,0.563201904296875,106.53373069628827,0.00243377685546875,-1.9086896181106567,0.6141732335090637
n532,n524,102.0,0.5,47,3,0.563201904296875,106.53373069628827,0.006072998046875,-1.9086896181106567,0.5984252095222473
n530,n526,102.0,0.25,52,1,0.563201904296875,106.53373069628827,-0.00850677490234375,-0.9086896777153015,0.5984252095222473
n533,n527,102.25,0.25,64,1,0.6076253056526184,98.7450645024686,0.0,-0.2166009247303009,0.5984252095222473
n535,n530,102.5,0.5,44,3,0.5444437861442566,110.20421488308128,-0.011110941879451275,-1.8598204851150513,0.5590550899505615
n536,n529,102.5,0.5,47,3,0.5444437861442566,110.20421488308128,0.0050328574143350124,-1.8598204851150513,0.6220472455024719
n534,n528,102.5,0.25,56,1,0.5444437861442566,110.20421488308128,0.0060780844651162624,-0.5061836242675781,0.5511810779571533
n537,n531,102.75,0.25,64,1,0.70904541015625,84.62081432383576,0.0,-0.31280845403671265,0.5354330539703369
n539,n534,103.0,1.0,45,3,0.518035888671875,115.8220913107511,-0.01076507568359375,0.14264772832393646,0.6614173054695129
n540,n533,103.0,1.0,48,3,0.518035888671875,115.8220913107511,0.00017547607421875,-0.30696290731430054,0.6456692814826965
n538,n532,103.0,0.25,52,1,0.518035888671875,115.8220913107511,0.010589599609375,0.5616217255592346,0.5826771855354309
n541,n535,103.25,0.25,57,1,0.60418701171875,99.30700070714214,0.0,0.13745492696762085,0.6062992215156555
n542,n536,103.5,0.25,60,1,0.591644287109375,101.41228658379326,0.0,0.2253468781709671,0.6141732335090637
n543,n537,103.75,0.25,64,1,0.6000162959098816,99.99728408878347,0.0,0.02970823645591736,0.6299212574958801
n545,n540,104.0,0.5,44,3,0.5479024052619934,109.50855375659371,-0.0031255085486918688,-1.868956446647644,0.6535432934761047
n546,n538,104.0,0.5,47,3,0.5479024052619934,109.50855375659371,0.0031229655724018812,-1.868956446647644,0.6062992215156555
n544,n539,104.0,0.25,52,1,0.5479024052619934,109.50855375659371,2.543131586207892e-06,-0.6210290193557739,0.6377952694892883
n547,n541,104.25,0.25,64,1,0.572235107421875,104.85200789291238,0.0,-0.08476224541664124,0.6377952694892883
n549,n544,104.5,0.5,44,3,0.54443359375,110.20627802690584,-0.00485992431640625,-1.8597935438156128,0.6692913174629211
n550,n543,104.5,0.5,47,3,0.54443359375,110.20627802690584,-0.00017547607421875,-1.8597935438156128,0.6929134130477905
n548,n542,104.5,0.25,56,1,0.54443359375,110.20627802690584,0.005035400390625,-0.06393436342477798,0.6456692814826965
n551,n545,104.75,0.25,64,1,0.645843505859375,92.90176251004111,0.0,-0.30460354685783386,0.6299212574958801
n553,n548,105.0,1.0,40,3,0.554168701171875,108.2702792003965,-0.00572967529296875,0.10458367317914963,0.6535432934761047
n554,n547,105.0,1.0,48,3,0.554168701171875,108.2702792003965,-0.00260162353515625,-0.6715834736824036,0.7086614370346069
n552,n546,105.0,0.25,52,1,0.554168701171875,108.2702792003965,0.008331298828125,0.5993483066558838,0.6456692814826965
n555,n549,105.25,0.25,57,1,0.65625,91.42857142857143,0.0,0.0931093767285347,0.6062992215156555
n556,n550,105.5,0.25,60,1,0.53125,112.94117647058823,0.0,0.27710962295532227,0.6141732335090637
n557,n551,105.75,0.25,64,1,0.5659688115119934,106.01290880271155,0.0,0.19508568942546844,0.6299212574958801
n559,n554,106.0,0.5,47,3,0.5381876826286316,111.48527165643459,-0.0048624672926962376,-1.843146800994873,0.6535432934761047
n560,n553,106.0,0.5,50,3,0.5381876826286316,111.48527165643459,-0.0006968180532567203,-1.843146800994873,0.6377952694892883
n558,n552,106.0,0.25,52,1,0.5381876826286316,111.48527165643459,0.0055592856369912624,-0.5784435272216797,0.6456692814826965
n561,n555,106.25,0.25,64,1,0.6138916015625,97.73712467687413,0.0,0.09626158326864243,0.6299212574958801
n563,n557,106.5,0.5,47,3,0.534027099609375,112.35384879135951,-0.00069427490234375,-1.8319504261016846,0.6771653294563293
n564,n558,106.5,0.5,50,3,0.534027099609375,112.35384879135951,-0.00069427490234375,-1.8319504261016846,0.6456692814826965
n562,n556,106.5,0.25,56,1,0.534027099609375,112.35384879135951,0.0013885498046875,0.10664897412061691,0.6850393414497375
n565,n559,106.75,0.25,64,1,1.2588577270507812,47.66225659238429,0.0,-0.11230137199163437,0.6771653294563293
n567,n562,107.0,2.0,45,3,1.5982214212417603,37.54173182923688,-0.011327743530273438,-0.7587968707084656,0.5275590419769287
n568,n563,107.0,2.0,48,3,1.5982214212417603,37.54173182923688,-0.011327743530273438,-0.7520506978034973,0.5275590419769287
n569,n561,107.0,2.0,52,3,1.5982214212417603,37.54173182923688,0.0037784576416015625,-0.7496771812438965,0.5433070659637451
n566,n560,107.0,2.0,57,1,1.5982214212417603,37.54173182923688,0.018877029418945312,-5.413433074951172,0.5984252095222473
n572,n566,110.0,0.5,45,3,1.4135360717773438,42.44674133045473,0.012500762939453125,2.0692808628082275,0.28346458077430725
n571,n567,110.0,0.5,76,2,1.4135360717773438,42.44674133045473,-0.012500762939453125,2.0570695400238037,0.5669291615486145
n574,n568,110.5,0.5,52,3,0.9385426640510559,63.928899876560166,0.01406097412109375,2.2684268951416016,0.25196850299835205
n573,n569,110.5,0.5,74,2,0.9385426640510559,63.928899876560166,-0.01406097412109375,2.2503678798675537,0.30708661675453186
n577,n572,111.0,0.5,60,3,0.8038177490234375,74.64378594886007,-0.0187505092471838,2.129695415496826,0.25984251499176025
n576,n571,111.0,0.5,72,2,0.8038177490234375,74.64378594886007,-0.0015614827862009406,2.1437251567840576,0.36220473051071167
n575,n570,111.0,0.5,81,1,0.8038177490234375,74.64378594886007,0.0203119907528162,2.1613857746124268,0.5905511975288391
n580,n575,111.5,0.5,57,3,0.8218790888786316,73.0034390847731,-0.0215276088565588,1.720407247543335,0.4015747904777527
n579,n574,111.5,0.5,71,2,0.8218790888786316,73.0034390847731,0.00034586587571538985,1.7435261011123657,0.4566929042339325
n578,n573,111.5,0.5,79,1,0.8218790888786316,73.0034390847731,0.0211817417293787,1.765204906463623,0.6062992215156555
n583,n578,112.0,0.5,64,3,0.803466796875,74.67639015496809,-0.010589599609375,1.2480028867721558,0.4015747904777527
n582,n577,112.0,0.5,72,2,0.803466796875,74.67639015496809,-0.002777099609375,3.1565725803375244,0.4330708682537079
n581,n576,112.0,1.0,81,1,0.803466796875,74.67639015496809,0.01336669921875,0.33731746673583984,0.6456692814826965
n585,n579,112.5,0.5,52,3,1.0333328247070312,58.06454470950451,0.0,0.12395519018173218,0.3858267664909363
n587,n581,113.0,0.5,45,3,0.9968795776367188,60.18781139266663,-0.001560211181640625,2.418700695037842,0.4251968562602997
n586,n580,113.0,0.5,79,1,0.9968795776367188,60.18781139266663,0.001560211181640625,2.420391321182251,0.6299212574958801
n589,n583,113.5,0.5,53,3,0.8307266235351562,72.22592643614823,-0.00521087646484375,2.3806018829345703,0.3937007784843445
n588,n582,113.5,0.5,81,1,0.8307266235351562,72.22592643614823,0.00521087646484375,2.387532949447632,0.5905511975288391
n591,n585,114.0,0.5,60,3,0.7713546752929688,77.78522892495772,-0.008594512939453125,2.1771576404571533,0.3937007784843445
n590,n584,114.0,2.0,76,1,0.7713546752929688,77.78522892495772,0.008594512939453125,0.1913040280342102,0.6141732335090637
n592,n586,114.5,0.5,57,3,0.819793701171875,73.18914492052265,0.0,1.7378783226013184,0.4330708682537079
n593,n587,115.0,0.5,65,3,0.819793701171875,73.18914492052265,0.0,1.2236976623535156,0.4094488322734833
n594,n588,115.5,0.5,53,3,1.0286407470703125,58.3294023407948,0.0,0.0899171307682991,0.32283464074134827
n596,n589,116.0,0.5,45,3,1.0078125,59.53488372093023,0.05599212646484375,2.50919508934021,0.4173228442668915
n595,n590,116.0,1.0,74,1,1.0078125,59.53488372093023,-0.05599212646484375,1.4517520666122437,0.5984252095222473
n597,n591,116.5,0.5,56,3,0.8307342529296875,72.22526311922562,0.0,2.4747180938720703,0.35433071851730347
n599,n592,117.0,0.5,62,3,0.774993896484375,77.41996455995275,0.00234222412109375,2.2905752658843994,0.36220473051071167
n598,n593,117.0,0.5,64,1,0.774993896484375,77.41996455995275,-0.00234222412109375,2.287003755569458,0.4803149700164795
n601,n595,117.5,0.5,59,3,0.9651031494140625,62.169520466726745,-0.00911712646484375,1.6331987380981445,0.3858267664909363
n600,n594,117.5,0.5,65,1,0.9651031494140625,62.169520466726745,0.00911712646484375,1.6506619453430176,0.5275590419769287
n603,n596,118.0,0.5,65,3,0.8385467529296875,71.55236102265489,0.06041717529296875,1.3702075481414795,0.4094488322734833
n602,n597,118.0,0.75,79,1,0.8385467529296875,71.55236102265489,-0.06041717529296875,0.6147133111953735,0.6141732335090637
n604,n598,118.5,0.5,53,3,0.808319091796875,74.22811190395288,0.0,0.5800217390060425,0.3779527544975281
n605,n599,118.75,0.25,77,1,1.3354339599609375,44.92921537037672,0.0,0.26825782656669617,0.5511810779571533
n607,n600,119.0,0.5,45,3,1.0208358764648438,58.77536378108114,0.012500762939453125,2.4247539043426514,0.33070865273475647
n606,n601,119.0,3.0,76,1,1.0208358764648438,58.77536378108114,-0.012500762939453125,-0.17342914640903473,0.5669291615486145
n608,n602,119.5,0.5,52,3,0.7072906494140625,84.83075529091968,0.0,2.6486945152282715,0.29133859276771545
n609,n603,120.0,0.5,60,3,0.7468719482421875,80.33505628536989,0.0,2.3195173740386963,0.3700787425041199
n610,n604,120.5,0.5,57,3,0.7239532470703125,82.878280113816,0.0,2.0419490337371826,0.4330708682537079
n611,n605,121.0,0.5,64,3,0.8312530517578125,72.18018613359766,0.0,1.4412331581115723,0.4881889820098877
n612,n606,121.5,0.5,52,3,1.1624984741210938,51.61297097216662,0.0,0.29478737711906433,0.4724409580230713
n614,n607,122.0,0.5,41,3,0.9300346374511719,64.51372624619057,0.07395553588867188,2.5083658695220947,0.5433070659637451
n613,n608,122.0,1.0,81,1,0.9300346374511719,64.51372624619057,-0.07395553588867188,1.4253690242767334,0.6456692814826965
n618,n612,123.0,0.5,60,3,0.6829884648323059,87.84921428318968,-0.0059051513671875,2.2601845264434814,0.5275590419769287
n616,n611,123.0,0.5,81,1,0.6829884648323059,87.84921428318968,0.0008697509765625,2.2661430835723877,0.5748031735420227
n617,n610,123.0,0.5,84,1,0.6829884648323059,87.84921428318968,0.005035400390625,2.2697978019714355,0.6141732335090637
n621,n615,123.5,0.5,57,3,0.6954905390739441,86.27004485192694,-0.01857503317296505,1.8820356130599976,0.4960629940032959
n619,n614,123.5,0.5,79,1,0.6954905390739441,86.27004485192694,0.0027796428184956312,1.9058727025985718,0.5905511975288391
n620,n613,123.5,0.5,83,1,0.6954905390739441,86.27004485192694,0.0157953891903162,1.9202165603637695,0.5669291615486145
n624,n618,124.0,0.5,65,3,0.64373779296875,93.20565089598938,-0.00572967529296875,1.5567008256912231,0.5354330539703369
n622,n617,124.0,0.75,77,1,0.64373779296875,93.20565089598938,-0.0036468505859375,0.9749090671539307,0.5039370059967041
n623,n616,124.0,0.75,81,1,0.64373779296875,93.20565089598938,0.00937652587890625,0.9945699572563171,0.6299212574958801
n625,n619,124.5,0.5,53,3,0.5229339599609375,114.73724139943393,0.0,1.270391821861267,0.5826771855354309
n626,n621,124.75,0.25,72,1,1.6104177236557007,37.25741409737968,-0.011981964111328125,0.3858141303062439,0.5118110179901123
n627,n620,124.75,0.25,76,1,1.6104177236557007,37.25741409737968,0.011981964111328125,0.3467220664024353,0.5826771855354309
n630,n622,125.0,0.5,38,3,0.8531239628791809,70.32975582763835,0.0906270369887352,2.5547029972076416,0.5354330539703369
n628,n623,125.0,1.0,76,1,0.8531239628791809,70.32975582763835,-0.0453135184943676,1.4742499589920044,0.5748031735420227
n629,n624,125.0,1.0,79,1,0.8531239628791809,70.32975582763835,-0.0453135184943676,1.4742499589920044,0.6141732335090637
n631,n625,125.5,0.5,45,3,0.6395823359489441,93.81122121044571,0.0,2.6368865966796875,0.4803149700164795
n634,n628,126.0,0.5,57,3,0.6822865605354309,87.93958941960462,-0.011980692856013775,2.2803778648376465,0.4409448802471161
n632,n627,126.0,2.0,74,1,0.6822865605354309,87.93958941960462,0.0031255085486918688,0.29346659779548645,0.5984252095222473
n633,n626,126.0,2.0,77,1,0.6822865605354309,87.93958941960462,0.008855183608829975,0.2984004616737366,0.5669291615486145
n635,n629,126.5,0.5,53,3,0.6875,87.27272727272727,0.0,1.9499592781066895,0.5196850299835205
n636,n630,127.0,0.5,62,3,0.75,80.0,0.0,1.3923174142837524,0.4881889820098877
n637,n631,127.5,0.5,50,3,1.0125045776367188,59.2589913420892,0.0,0.2674737870693207,0.4094488322734833
n639,n633,128.0,0.5,40,3,0.9932327270507812,60.40880285747206,-0.003124237060546875,2.3549797534942627,0.4960629940032959
n638,n632,128.0,0.5,74,1,0.9932327270507812,60.40880285747206,0.003124237060546875,2.3585245609283447,0.5748031735420227
n641,n635,128.5,0.5,52,3,0.69635009765625,86.16355508808834,-0.01953125,2.54189133644104,0.4251968562602997
n640,n634,128.5,0.5,73,1,0.69635009765625,86.16355508808834,0.01953125,2.5694210529327393,0.5748031735420227
n643,n637,129.0,0.5,59,3,0.7192764282226562,83.41716431367142,-0.00208282470703125,2.2382619380950928,0.4803149700164795
n642,n636,129.0,0.5,74,1,0.7192764282226562,83.41716431367142,0.00208282470703125,2.241800308227539,0.6141732335090637
n645,n638,129.5,0.5,56,3,0.6911392211914062,86.81318923931161,0.001300811767578125,1.955857515335083,0.4251968562602997
n644,n639,129.5,0.5,77,1,0.6911392211914062,86.81318923931161,-0.001300811767578125,1.953052282333374,0.5511810779571533
n647,n640,130.0,0.5,68,3,0.7218780517578125,83.11653173814707,0.0119781494140625,1.4784148931503296,0.4015747904777527
n646,n641,130.0,0.5,76,1,0.7218780517578125,83.11653173814707,-0.0119781494140625,1.4436311721801758,0.6220472455024719
n649,n642,130.5,0.5,59,3,1.015106201171875,59.10711601479121,0.0421905517578125,0.4113287627696991,0.3937007784843445
n648,n643,130.5,0.5,64,1,1.015106201171875,59.10711601479121,-0.0421905517578125,0.2186836302280426,0.5275590419769287
n652,n645,131.0,0.5,45,3,0.9473876953125,63.33204483958253,0.043487548828125,2.657163381576538,0.3779527544975281
n653,n644,131.0,0.0,64,1,0.9473876953125,63.33204483958253,0.0695343017578125,0.0,0.5039370059967041
n650,n646,131.0,1.0,71,1,0.9473876953125,63.33204483958253,-0.0544281005859375,1.6090946197509766,0.4251968562602997
n651,n647,131.0,1.0,74,1,0.9473876953125,63.33204483958253,-0.05859375,1.60701322555542,0.4960629940032959
n654,n648,131.5,0.5,52,3,0.7586822509765625,79.08449146235996,0.0,2.703429937362671,0.36220473051071167
n657,n651,132.0,0.5,60,3,0.7548675537109375,79.48414222473772,-0.0092010498046875,2.463876724243164,0.19685038924217224
n655,n650,132.0,2.0,69,1,0.7548675537109375,79.48414222473772,-0.0013885498046875,0.46927934885025024,0.4251968562602997
n656,n649,132.0,2.0,72,1,0.7548675537109375,79.48414222473772,0.010589599609375,0.4775244891643524,0.4409448802471161
n658,n652,132.5,0.5,57,3,0.79791259765625,75.19620592059971,0.0,2.103116989135742,0.3779527544975281
n659,n653,133.0,0.5,64,3,0.96771240234375,62.00189214758751,0.0,1.4425268173217773,0.29921260476112366
n660,n654,133.5,0.5,52,3,1.3312454223632812,45.07057751491498,0.0,0.32057780027389526,0.26771652698516846
n662,n655,134.0,0.5,45,3,1.1151598691940308,53.803944759386226,0.06354141235351562,1.9999278783798218,0.29133859276771545
n661,n656,134.0,0.3330078125,76,1,1.1151598691940308,53.803944759386226,-0.06354141235351562,2.5016560554504395,0.4488188922405243
n663,n657,134.3330078125,0.333984375,75,1,0.5925621390342712,101.25520354335337,0.0,3.1813440322875977,0.4566929042339325
n664,n658,134.5,0.5,52,3,0.5645559430122375,106.27821873571068,0.0,2.5872490406036377,0.29133859276771545
n665,n659,134.6669921875,0.3330078125,76,1,0.6967673301696777,86.11195933280729,0.0,2.7875723838806152,0.4960629940032959
n667,n661,135.0,0.5,60,3,0.559143602848053,107.3069595974703,-0.017971038818359375,2.273893356323242,0.32283464074134827
n666,n660,135.0,0.3330078125,83,1,0.559143602848053,107.3069595974703,0.017971038818359375,2.8981106281280518,0.5275590419769287
n668,n662,135.3330078125,0.333984375,81,1,0.6019279956817627,99.67969662557745,0.0,2.557976007461548,0.5039370059967041
n669,n663,135.5,0.5,57,3,0.5832419395446777,102.87326053205379,0.0,1.8933109045028687,0.4251968562602997
n670,n664,135.6669921875,0.3330078125,76,1,0.6138883829116821,97.73763711803613,0.0,2.2698919773101807,0.5511810779571533
n672,n666,136.0,0.5,64,3,0.6920821070671082,86.69491580163344,-0.00963592529296875,1.1574240922927856,0.4724409580230713
n671,n665,136.0,0.3330078125,72,1,0.6920821070671082,86.69491580163344,0.00963592529296875,1.7793725728988647,0.5196850299835205
n673,n667,136.3330078125,0.333984375,69,1,0.3898483216762543,153.90601078392334,0.0,2.0813958644866943,0.3385826647281647
n674,n669,136.5,0.5,52,3,0.7610105872154236,78.84252993055333,0.0,0.35285425186157227,0.24409449100494385
n675,n670,136.6669921875,0.3330078125,64,1,0.8414589166641235,71.30472897935857,0.0,0.3568768799304962,0.5669291615486145
n677,n671,137.0,0.5,45,3,0.6959769129753113,86.20975621662383,0.0234375,2.687795639038086,0.4488188922405243
n676,n672,137.0,0.5,79,1,0.6959769129753113,86.20975621662383,-0.0234375,2.6573150157928467,0.5984252095222473
n678,n673,137.3330078125,0.333984375,67,2,0.7282757759094238,82.38637338318149,0.0,3.0301673412323,0.4566929042339325
n680,n674,137.5,0.5,53,3,0.8686266541481018,69.07455546461959,0.017971038818359375,2.1164803504943848,0.4094488322734833
n679,n675,137.5,0.5,81,1,0.8686266541481018,69.07455546461959,-0.017971038818359375,2.0886847972869873,0.6141732335090637
n681,n676,137.6669921875,0.3330078125,68,2,0.7689699530601501,78.02645572980755,0.0,2.7480435371398926,0.4960629940032959
n684,n679,138.0,0.5,60,3,0.64410400390625,93.15265801193974,-0.01788330078125,2.167055368423462,0.3858267664909363
n683,n678,138.0,2.0,69,2,0.64410400390625,93.15265801193974,0.00711822509765625,0.19177895784378052,0.5196850299835205
n682,n677,138.0,2.0,77,1,0.64410400390625,93.15265801193974,0.01076507568359375,0.19534941017627716,0.5826771855354309
n685,n680,138.5,0.5,57,3,0.711456298828125,84.33406254021361,0.0,1.6829524040222168,0.4645669162273407
n686,n681,139.0,0.5,65,3,0.76458740234375,78.47369681487986,0.0,1.0406888723373413,0.4724409580230713
n687,n682,139.5,0.5,53,3,0.8281173706054688,72.45349769215886,0.0,-0.03488491103053093,0.33070865273475647
n689,n683,140.0,0.5,45,3,0.9869842529296875,60.79124344881963,0.028125762939453125,2.3738114833831787,0.4173228442668915
n688,n684,140.0,0.5,74,1,0.9869842529296875,60.79124344881963,-0.028125762939453125,2.3417305946350098,0.5275590419769287
n691,n686,140.5,0.5,56,3,0.9051971435546875,66.28390337643073,-0.006511688232421875,2.1649537086486816,0.3937007784843445
n690,n685,140.5,0.25,89,1,0.9051971435546875,66.28390337643073,0.006511688232421875,3.1741793155670166,0.5590550899505615
n692,n687,140.75,0.25,85,1,0.7968902587890625,75.29267592149354,0.0,3.1834537982940674,0.4960629940032959
n694,n688,141.0,0.5,62,3,1.005825161933899,59.652514443601774,0.019008636474609375,1.6962158679962158,0.4094488322734833
n693,n689,141.0,0.1669921875,88,1,1.005825161933899,59.652514443601774,-0.019008636474609375,3.2443063259124756,0.4960629940032959
n695,n690,141.1669921875,0.166015625,86,1,0.7592371106147766,79.02669556209685,0.0,3.516766309738159,0.4960629940032959
n696,n691,141.3330078125,0.1669921875,81,1,0.5832419395446777,102.87326053205379,0.0,3.756871223449707,0.5196850299835205
n698,n692,141.5,0.5,59,3,0.9138340353965759,65.6574363352114,0.02552032470703125,1.4459000825881958,0.3779527544975281
n697,n693,141.5,0.1669921875,77,1,0.9138340353965759,65.6574363352114,-0.02552032470703125,2.967644214630127,0.4488188922405243
n699,n694,141.6669921875,0.166015625,74,1,0.6556985378265381,91.50546560448899,0.0,3.292613983154297,0.5826771855354309
n700,n695,141.8330078125,0.1669921875,69,1,0.6518411636352539,92.04696381153028,0.0,3.1373701095581055,0.4724409580230713
n702,n696,142.0,0.5,65,3,0.6300027370452881,95.2376814764328,0.001041412353515625,1.4321048259735107,0.4330708682537079
n701,n697,142.0,0.1669921875,70,1,0.6300027370452881,95.2376814764328,-0.001041412353515625,3.010711908340454,0.5511810779571533
n703,n698,142.1669921875,0.166015625,71,1,0.6368566155433655,94.21272942074732,0.0,2.814458131790161,0.6141732335090637
n704,n699,142.3330078125,0.1669921875,72,1,0.6003974676132202,99.93379925221865,0.0,2.669832944869995,0.5590550899505615
n706,n701,142.5,0.5,53,3,0.5255619287490845,114.16352044907234,-0.014842987060546875,0.9927202463150024,0.4566929042339325
n705,n700,142.5,0.1669921875,73,1,0.5255619287490845,114.16352044907234,0.014842987060546875,2.6545329093933105,0.5905511975288391
n707,n702,142.6669921875,0.166015625,74,1,0.6744945049285889,88.95550602944114,0.0,2.006727457046509,0.6614173054695129
n708,n703,142.8330078125,0.1669921875,75,1,1.1664687395095825,51.43729786125752,0.0,0.7951839566230774,0.6377952694892883
n711,n706,143.0,0.5,45,3,0.9364522099494934,64.07160916757945,-0.0062510170973837376,2.47121000289917,0.4724409580230713
n709,n705,143.0,0.75,74,1,0.9364522099494934,64.07160916757945,-0.0005213419790379703,1.8894274234771729,0.5433070659637451
n710,n704,143.0,0.75,77,1,0.9364522099494934,64.07160916757945,0.0067723593674600124,1.89346444606781,0.5984252095222473
n712,n707,143.5,0.5,52,3,0.663543701171875,90.42358460194086,0.0,2.6855504512786865,0.3779527544975281
n713,n709,143.75,0.25,74,1,0.6635538935661316,90.4221956675479,-0.004425048828125,3.5655553340911865,0.4645669162273407
n714,n708,143.75,0.25,77,1,0.6635538935661316,90.4221956675479,0.004425048828125,3.572044610977173,0.5275590419769287
n717,n712,144.0,0.5,60,3,0.7343851923942566,81.70099373107846,-0.0072835288010537624,2.289626121520996,0.3700787425041199
n715,n710,144.0,2.0,72,1,0.7343851923942566,81.70099373107846,0.0036417644005268812,0.2983887195587158,0.4960629940032959
n716,n711,144.0,2.0,76,1,0.7343851923942566,81.70099373107846,0.0036417644005268812,0.2983887195587158,0.6062992215156555
n718,n713,144.5,0.5,57,3,0.820831298828125,73.09662787671488,0.0,1.8063119649887085,0.5196850299835205
n719,n714,145.0,0.5,64,3,0.87811279296875,68.32835198443038,0.0,1.2231457233428955,0.6141732335090637
n720,n715,145.5,0.5,52,3,1.0984344482421875,54.623195854807115,0.0,0.09336991608142853,0.5433070659637451
n722,n716,146.0,0.5,41,3,0.991668701171875,60.50407755039237,0.06745147705078125,2.3810129165649414,0.6299212574958801
n721,n717,146.0,0.5,81,1,0.991668701171875,60.50407755039237,-0.06745147705078125,2.303624391555786,0.6929134130477905
n724,n719,146.5,0.5,57,3,0.739593505859375,81.12564472869816,-0.00547027587890625,2.4453039169311523,0.5196850299835205
n723,n718,146.5,0.5,80,1,0.739593505859375,81.12564472869816,0.00547027587890625,2.453117609024048,0.6377952694892883
n726,n720,147.0,0.5,60,3,0.8891358375549316,67.48125254403902,0.00286102294921875,1.8942655324935913,0.5039370059967041
n725,n721,147.0,0.3330078125,83,1,0.8891358375549316,67.48125254403902,-0.00286102294921875,2.4756274223327637,0.5984252095222473
n727,n722,147.3330078125,0.333984375,81,1,0.6549707651138306,91.60714217461646,0.0,2.62949538230896,0.5039370059967041
n729,n725,147.6669921875,0.3330078125,76,1,0.6326521039009094,94.83885318651787,0.0,2.429447650909424,0.6456692814826965
n731,n727,148.0,0.5,65,3,0.640487551689148,93.67863566085387,-0.004425048828125,1.5221365690231323,0.5354330539703369
n730,n726,148.0,0.3330078125,72,1,0.640487551689148,93.67863566085387,0.004425048828125,2.1223301887512207,0.5905511975288391
n732,n728,148.3330078125,0.333984375,69,1,0.6892361044883728,87.05289756191549,0.0,1.626871943473816,0.4960629940032959
n733,n730,148.5,0.5,53,3,0.5645102262496948,106.28682565878042,0.0,1.0779091119766235,0.4488188922405243
n734,n731,148.6669921875,0.3330078125,64,1,1.2215145826339722,49.11934810521951,0.0,0.30220234394073486,0.6377952694892883
n737,n732,149.0,0.5,38,3,0.8114522099494934,73.9415079093007,0.0838521346449852,2.6569197177886963,0.5275590419769287
n735,n734,149.0,1.0,72,1,0.8114522099494934,73.9415079093007,-0.0468699149787426,1.581264615058899,0.5748031735420227
n736,n733,149.0,1.0,76,1,0.8114522099494934,73.9415079093007,-0.0369822196662426,1.587132453918457,0.6614173054695129
n738,n735,149.5,0.5,45,3,0.7010498046875,85.58593069824134,0.0,2.5615336894989014,0.5039370059967041
n741,n738,150.0,0.5,57,3,0.7635498046875,78.58033573141486,-0.0026092529296875,2.1683781147003174,0.4330708682537079
n739,n737,150.0,2.0,71,1,0.7635498046875,78.58033573141486,-0.001556396484375,0.1692534238100052,0.5590550899505615
n740,n736,150.0,2.0,74,1,0.7635498046875,78.58033573141486,0.0041656494140625,0.17405879497528076,0.5669291615486145
n742,n739,150.5,0.5,53,3,0.743743896484375,80.67293094251364,0.0,1.8460991382598877,0.4173228442668915
n743,n740,151.0,0.5,62,3,0.70208740234375,85.45944536207946,0.0,1.4590339660644531,0.5039370059967041
n744,n741,151.5,0.5,50,3,1.0052032470703125,59.68942119404345,0.0,0.28897014260292053,0.4488188922405243
n746,n742,152.0,0.5,40,3,0.8508293628692627,70.51942800570637,0.05364227294921875,2.5230770111083984,0.4645669162273407
n745,n743,152.0,0.3330078125,71,1,0.8508293628692627,70.51942800570637,-0.05364227294921875,3.044718027114868,0.5354330539703369
n747,n744,152.3330078125,0.333984375,64,1,0.45531797409057617,131.77604095212862,0.0,3.793304204940796,0.4803149700164795
n748,n745,152.5,0.5,52,3,0.7610563039779663,78.83779384834725,0.0,2.417032480239868,0.4409448802471161
n749,n746,152.6669921875,0.3330078125,65,1,0.5286381840705872,113.49917922688009,0.0,3.4359681606292725,0.5118110179901123
n751,n748,153.0,0.5,59,3,0.6312255859375,95.05318120286212,-0.0208282470703125,2.4363620281219482,0.4803149700164795
n750,n747,153.0,0.25,66,1,0.6312255859375,95.05318120286212,0.0208282470703125,3.4711272716522217,0.4803149700164795
n752,n749,153.25,0.25,67,1,0.642730712890625,93.3516927021509,0.0,3.289721965789795,0.5118110179901123
n754,n751,153.5,0.5,56,3,0.473968505859375,126.5906895885648,-0.01535797119140625,2.557725191116333,0.4409448802471161
n753,n750,153.5,0.25,68,1,0.473968505859375,126.5906895885648,0.01535797119140625,3.5891530513763428,0.5039370059967041
n755,n752,153.75,0.25,69,1,0.56976318359375,105.30690948044992,0.0,3.1813809871673584,0.5354330539703369
n757,n754,154.0,0.5,68,3,0.6223118305206299,96.4146864278695,-0.034637451171875,1.8414689302444458,0.4803149700164795
n756,n753,154.0,0.0908203125,70,1,0.6223118305206299,96.4146864278695,0.034637451171875,4.389257431030273,0.5118110179901123
n758,n755,154.0908203125,0.0908203125,71,1,0.8716397881507874,68.83577461200112,0.0,3.787633180618286,0.5275590419769287
n759,n756,154.181640625,0.0908203125,72,1,0.9806787371635437,61.18211573908536,0.0,3.5091352462768555,0.5511810779571533
n760,n757,154.2724609375,0.0908203125,73,1,0.9690860509872437,61.91400643820617,0.0,3.393669843673706,0.6220472455024719
n761,n758,154.36328125,0.0908203125,74,1,0.9635416865348816,62.270268986258245,0.0,3.257685899734497,0.6141732335090637
n762,n760,154.4541015625,0.091796875,75,1,1.015625,59.07692307692308,0.0,3.0070035457611084,0.5826771855354309
n763,n759,154.5,0.5,59,3,1.015625,59.07692307692308,0.118499755859375,0.6937084794044495,0.4173228442668915
n764,n761,154.5458984375,0.0908203125,76,1,0.9117943644523621,65.80431108064255,0.0,2.9863781929016113,0.6535432934761047
n765,n762,154.63671875,0.0908203125,77,1,1.204301118850708,49.82142676846416,0.0,2.390353202819824,0.6062992215156555
n766,n763,154.7275390625,0.0908203125,78,1,0.4301075339317322,139.49999771341686,0.0,3.570462942123413,0.4409448802471161
n767,n764,154.818359375,0.0908203125,79,1,1.1985887289047241,50.05887219949771,0.0,1.9650392532348633,0.6141732335090637
n768,n765,154.9091796875,0.0908203125,80,1,1.9000335931777954,31.578389042927572,0.0,0.8734784126281738,0.5905511975288391
n770,n767,155.0,0.5,45,3,1.05902099609375,56.656100512938735,0.0308990478515625,2.6632232666015625,0.5433070659637451
n771,n766,155.0,0.0,69,1,1.05902099609375,56.656100512938735,0.048614501953125,0.0,0.5905511975288391
n769,n768,155.0,3.0,81,1,1.05902099609375,56.656100512938735,-0.0795135498046875,0.029968982562422752,0.6614173054695129
n772,n769,155.5,0.5,52,3,0.75,80.0,0.0,2.897240400314331,0.5354330539703369
n773,n770,156.0,0.5,60,3,0.8218994140625,73.00163374424477,0.0,2.557227849960327,0.5590550899505615
n774,n771,156.5,0.5,57,3,0.869781494140625,68.98284270727343,0.0,2.206899642944336,0.5826771855354309
n775,n772,157.0,0.5,64,3,1.069793701171875,56.08557980316645,0.0,1.5561095476150513,0.7086614370346069
n776,n773,157.5,0.5,52,3,1.81561279296875,33.046693784247154,0.0,0.19337886571884155,0.6299212574958801
n779,n774,158.0,0.5,36,3,1.26043701171875,47.60253740738947,0.09375,2.3089699745178223,0.6377952694892883
n777,n776,158.0,3.0,64,1,1.26043701171875,47.60253740738947,-0.047393798828125,-0.34271717071533203,0.7007874250411987
n778,n775,158.0,3.0,76,1,1.26043701171875,47.60253740738947,-0.046356201171875,-0.3422132730484009,0.7165354490280151
n780,n777,158.5,0.5,43,3,0.819793701171875,73.18914492052265,0.0,2.5490753650665283,0.6220472455024719
n781,n778,159.0,0.5,52,3,0.776031494140625,77.31644972275748,0.0,2.3579015731811523,0.5590550899505615
n782,n779,159.5,0.5,48,3,0.734375,81.70212765957447,0.0,2.124422073364258,0.6141732335090637
n783,n780,160.0,0.5,60,3,0.771881103515625,77.73217886371724,0.0,1.6767213344573975,0.5669291615486145
n784,n781,160.5,0.5,52,3,1.3461710214614868,44.57085990074298,0.0,0.33313262462615967,0.5039370059967041
n787,n782,161.0,0.5,36,3,1.3975728750228882,42.93157163558814,0.1189168319106102,2.165493965148926,0.4960629940032959
n785,n784,161.0,3.0,63,1,1.3975728750228882,42.93157163558814,-0.0628458634018898,-0.5056435465812683,0.5511810779571533
n786,n783,161.0,3.0,75,1,1.3975728750228882,42.93157163558814,-0.0560709647834301,-0.5023395419120789,0.5905511975288391
n788,n785,161.5,0.5,42,3,0.79583740234375,75.39228468440831,0.0,2.5418291091918945,0.4803149700164795
n789,n786,162.0,0.5,51,3,0.7208251953125,83.23793395427603,0.0,2.412837028503418,0.4724409580230713
n790,n787,162.5,0.5,48,3,0.807281494140625,74.3235171814161,0.0,1.9493422508239746,0.4566929042339325
n791,n788,163.0,0.5,60,3,0.78021240234375,76.90213564890871,0.0,1.5662142038345337,0.3700787425041199
n792,n789,163.5,0.5,51,3,1.268768310546875,47.28995790739627,0.0,0.2702994644641876,0.4015747904777527
n795,n790,164.0,0.5,36,3,1.0374755859375,57.83268619837628,0.07708740234375,2.4250855445861816,0.3700787425041199
n793,n791,164.0,1.0,62,1,1.0374755859375,57.83268619837628,-0.038543701171875,1.3639311790466309,0.4645669162273407
n794,n792,164.0,1.0,74,1,1.0374755859375,57.83268619837628,-0.038543701171875,1.3639311790466309,0.5748031735420227
n796,n793,164.5,0.5,43,3,0.9336954951286316,64.26077914377646,0.0,2.229975461959839,0.32283464074134827
n799,n796,165.0,0.5,50,3,0.8142293095588684,73.68931490872846,-0.0039927163161337376,2.078289747238159,0.36220473051071167
n797,n795,165.0,0.5,69,1,0.8142293095588684,73.68931490872846,-0.0008646647329442203,2.080909490585327,0.4488188922405243
n798,n794,165.0,0.5,81,1,0.8142293095588684,73.68931490872846,0.0048573813401162624,2.085700511932373,0.5669291615486145
n802,n798,165.5,0.5,47,3,0.7399393916130066,81.08772242710984,0.00103759765625,1.8319817781448364,0.4251968562602997
n800,n799,165.5,0.5,67,1,0.7399393916130066,81.08772242710984,-0.00885009765625,1.8211020231246948,0.4566929042339325
n801,n797,165.5,0.5,79,1,0.7399393916130066,81.08772242710984,0.0078125,1.8393787145614624,0.5826771855354309
n805,n802,166.0,0.5,55,3,0.7444356083869934,80.59797156936791,-0.0029551188927143812,1.341461181640625,0.4566929042339325
n803,n801,166.0,0.75,62,1,0.7444356083869934,80.59797156936791,-0.0008646647329442203,0.7596817016601562,0.5118110179901123
n804,n800,166.0,0.75,74,1,0.7444356083869934,80.59797156936791,0.0038197834510356188,0.7668178677558899,0.5826771855354309
n806,n803,166.5,0.5,50,3,0.605224609375,99.1367486889875,0.0,0.9234753847122192,0.4251968562602997
n807,n805,166.75,0.25,63,1,1.61492919921875,37.153331569598244,-0.002349853515625,0.0580633319914341,0.5354330539703369
n808,n804,166.75,0.25,75,1,1.61492919921875,37.153331569598244,0.002349853515625,0.07406386733055115,0.5669291615486145
n811,n806,167.0,0.5,36,3,0.859710693359375,69.79091974015832,0.0644073486328125,2.206761598587036,0.4409448802471161
n809,n808,167.0,1.0,65,1,0.859710693359375,69.79091974015832,-0.0366363525390625,1.131365180015564,0.4566929042339325
n810,n807,167.0,1.0,77,1,0.859710693359375,69.79091974015832,-0.02777099609375,1.138131856918335,0.5354330539703369
n812,n809,167.5,0.5,43,3,0.7538350224494934,79.59301201612713,0.0,1.9830924272537231,0.3858267664909363
n815,n812,168.0,0.5,52,3,0.9284769892692566,64.62195691809451,-0.0069478354416787624,1.252739429473877,0.32283464074134827
n813,n811,168.0,2.0,64,1,0.9284769892692566,64.62195691809451,-0.00017293293785769492,-0.7384575009346008,0.3858267664909363
n814,n810,168.0,2.0,76,1,0.9284769892692566,64.62195691809451,0.0071207680739462376,-0.7290368676185608,0.4173228442668915
n816,n813,168.5,0.5,48,3,1.06561279296875,56.305630333925194,0.0,0.2845144271850586,0.3937007784843445
n817,n814,169.0,1.0,35,3,1.095489501953125,54.770036493300275,0.0,0.05230773985385895,0.4409448802471161
n820,n815,170.0,0.5,33,3,1.691314697265625,35.47536132512946,0.010589599609375,1.8506641387939453,0.3858267664909363
n818,n817,170.0,0.5,72,1,1.691314697265625,35.47536132512946,-0.0102386474609375,1.8407758474349976,0.3858267664909363
n819,n816,170.0,0.5,76,1,1.691314697265625,35.47536132512946,-0.0003509521484375,1.845481276512146,0.5433070659637451
n822,n819,170.5,0.5,52,3,1.0088653564453125,59.47275284722537,-0.0130157470703125,2.112076997756958,0.3779527544975281
n821,n818,170.5,0.5,84,1,1.0088653564453125,59.47275284722537,0.0130157470703125,2.1292033195495605,0.5590550899505615
n824,n821,171.0,0.5,60,3,0.781768798828125,76.7490338447125,-0.00547027587890625,2.1069533824920654,0.4094488322734833
n823,n820,171.0,0.5,83,1,0.781768798828125,76.7490338447125,0.00547027587890625,2.1162941455841064,0.5748031735420227
n826,n822,171.5,0.5,57,3,0.701019287109375,85.5896565234426,0.00260162353515625,1.8921412229537964,0.3700787425041199
n825,n823,171.5,0.5,80,1,0.701019287109375,85.5896565234426,-0.00260162353515625,1.8863542079925537,0.5590550899505615
n828,n825,172.0,0.5,64,3,0.7328338623046875,81.8739459054282,-0.00208282470703125,1.3680998086929321,0.35433071851730347
n827,n824,172.0,0.5,83,1,0.7328338623046875,81.8739459054282,0.00208282470703125,1.374441385269165,0.4881889820098877
n830,n827,172.5,0.5,60,3,0.9395751953125,63.85864622580226,-0.0153656005859375,0.2691650986671448,0.36220473051071167
n829,n826,172.5,0.5,81,1,0.9395751953125,63.85864622580226,0.0153656005859375,0.345420241355896,0.5196850299835205
n832,n829,173.0,0.5,45,3,0.8797653913497925,68.20000035230319,-0.0070343017578125,2.6936604976654053,0.3937007784843445
n831,n828,173.0,0.5,79,1,0.8797653913497925,68.20000035230319,0.0070343017578125,2.7007718086242676,0.5118110179901123
n833,n830,173.3330078125,0.333984375,67,2,0.8436586260795593,71.11881292415285,0.0,3.1835012435913086,0.21259842813014984
n835,n831,173.5,0.5,53,3,1.0837901830673218,55.3612691251633,0.0070343017578125,2.1625187397003174,0.3700787425041199
n834,n832,173.5,0.5,81,1,1.0837901830673218,55.3612691251633,-0.0070343017578125,2.1541318893432617,0.5433070659637451
n836,n833,173.6669921875,0.3330078125,68,2,0.9587609767913818,62.58076981897803,0.0,2.809352397918701,0.4015747904777527
n839,n834,174.0,0.5,60,3,0.835418701171875,71.82027397260273,0.007293701171875,2.2050676345825195,0.33070865273475647
n838,n836,174.0,2.0,69,2,0.835418701171875,71.82027397260273,-0.0124969482421875,0.19016599655151367,0.3779527544975281
n837,n835,174.0,2.0,77,1,0.835418701171875,71.82027397260273,0.0052032470703125,0.20350618660449982,0.5354330539703369
n840,n837,174.5,0.5,57,3,0.79583740234375,75.39228468440831,0.0,1.9154183864593506,0.4094488322734833
n841,n838,175.0,0.5,65,3,0.897918701171875,66.82119430377595,0.0,1.296939492225647,0.4015747904777527
n842,n839,175.5,0.5,53,3,1.282989501953125,46.76577626602602,0.0,0.028220726177096367,0.3779527544975281
n845,n840,176.0,1.0,40,3,1.53680419921875,39.042058858572624,0.0711822509765625,1.1382898092269897,0.3385826647281647
n843,n841,176.0,0.5,68,1,1.53680419921875,39.042058858572624,-0.02569580078125,2.096371650695801,0.36220473051071167
n844,n842,176.0,0.5,71,1,1.53680419921875,39.042058858572624,-0.0454864501953125,2.087655782699585,0.4015747904777527
n846,n843,176.5,0.25,88,1,1.39373779296875,43.049704401138605,0.0,2.8677022457122803,0.4645669162273407
n847,n844,176.75,0.25,87,1,0.9921722412109375,60.47337096104455,0.0,3.1454215049743652,0.4881889820098877
n849,n846,177.0,4.0,52,3,1.5523779392242432,38.650381768490796,0.004299163818359375,-0.682223916053772,0.29133859276771545
n850,n848,177.0,2.0,56,3,1.5523779392242432,38.650381768490796,-0.026950836181640625,0.3060784637928009,0.30708661675453186
n851,n845,177.0,2.0,62,3,1.5523779392242432,38.650381768490796,0.018352508544921875,0.3230091631412506,0.3385826647281647
n848,n847,177.0,0.1337890625,86,1,1.5523779392242432,38.650381768490796,0.004299163818359375,3.2317326068878174,0.4566929042339325
n852,n849,177.1337890625,0.1328125,85,1,1.1881893873214722,50.49700042790116,0.0,3.4620821475982666,0.4960629940032959
n853,n850,177.2666015625,0.1337890625,84,1,0.9654425382614136,62.147665575259495,0.0,3.6137712001800537,0.5275590419769287
n854,n851,177.400390625,0.1328125,83,1,0.840029776096344,71.4260395373396,0.0,3.7021491527557373,0.5039370059967041
n856,n852,177.6669921875,0.1328125,81,1,1.1686581373214722,51.34093374604666,0.0,2.9841415882110596,0.21259842813014984
n857,n853,177.7998046875,0.1337890625,80,1,0.9771897792816162,61.400560333438165,0.0,3.036795139312744,0.5039370059967041
n858,n854,177.93359375,0.1328125,79,1,0.8430606722831726,71.16925504010086,0.0,3.0729148387908936,0.5511810779571533
n859,n855,178.06640625,0.1337890625,78,1,0.8175182342529297,73.39285839273008,0.0,2.9241905212402344,0.5196850299835205
n860,n856,178.2001953125,0.1328125,77,1,0.8628216981887817,69.53928039356313,0.0,2.6531405448913574,0.5118110179901123
n861,n857,178.3330078125,0.1337890625,76,1,0.7046076655387878,85.15377128933189,0.0,2.685060501098633,0.4881889820098877
n862,n858,178.466796875,0.1328125,75,1,0.7450597286224365,80.53045641177764,0.0,2.3712661266326904,0.4724409580230713
n863,n859,178.599609375,0.1337890625,74,1,0.6579607725143433,91.19084678971804,0.0,2.2301809787750244,0.5118110179901123
n864,n860,178.7333984375,0.1328125,73,1,0.7528722286224365,79.69479776108177,0.0,1.7005717754364014,0.5590550899505615
n865,n861,178.8662109375,0.1337890625,72,1,1.1056113243103027,54.268619252275585,0.0,0.6051204800605774,0.4251968562602997
n866,n862,179.0,0.142578125,71,1,1.4867295026779175,40.35703864887808,0.0,-0.0468054860830307,0.5039370059967041
n868,n863,179.142578125,0.1435546875,74,1,1.0993834733963013,54.57604325690227,0.0,3.4986305236816406,0.4566929042339325
n869,n864,179.2861328125,0.142578125,77,1,1.110445261001587,54.03237971935859,0.0,3.3604013919830322,0.4960629940032959
n870,n865,179.4287109375,0.142578125,80,1,0.4749571979045868,126.32717277411022,0.0,4.43787145614624,0.4173228442668915
n871,n866,179.5712890625,0.142578125,83,1,1.446489691734314,41.47972871349061,0.0,2.7630462646484375,0.5196850299835205
n872,n868,179.7138671875,0.1435546875,77,1,0.6422193646430969,93.42602123706443,0.0,3.694690227508545,0.5118110179901123
n873,n869,179.857421875,0.142578125,74,1,0.628317654132843,95.49309908028529,0.0,3.6201608180999756,0.5433070659637451
n874,n870,180.0,0.2001953125,71,1,0.6113567352294922,98.14237178147239,0.0,3.0476133823394775,0.5039370059967041
n875,n871,180.2001953125,0.2001953125,68,1,0.4995426833629608,120.1098564712734,0.0,3.1530418395996094,0.4803149700164795
n876,n872,180.400390625,0.19921875,65,1,0.4862898290157318,123.38320980605778,0.0,3.0268497467041016,0.5196850299835205
n877,n873,180.599609375,0.2001953125,62,1,0.7987042665481567,75.1216720793395,0.0,2.1151065826416016,0.4881889820098877
n878,n874,180.7998046875,0.2001953125,59,1,1.5882622003555298,37.77713779662395,0.0,0.7447705864906311,0.4015747904777527
n880,n875,181.0,0.3330078125,45,3,1.5616751909255981,38.42028121381519,0.07318115234375,2.463437795639038,0.36220473051071167
n879,n876,181.0,2.0,57,1,1.5616751909255981,38.42028121381519,-0.07318115234375,-0.19849365949630737,0.4330708682537079
n881,n877,181.3330078125,0.333984375,52,3,0.8031341433525085,74.7073206843667,0.0,3.084301233291626,0.32283464074134827
n882,n878,181.6669921875,0.3330078125,57,3,0.6662847995758057,90.05158160324139,0.0,3.177037000656128,0.33070865273475647
n883,n879,182.0,0.3330078125,64,3,0.7569648027420044,79.26392321367912,0.0,2.823913812637329,0.35433071851730347
n884,n880,182.3330078125,0.333984375,57,3,0.7594572305679321,79.00379058229679,0.0,2.595288038253784,0.3700787425041199
n885,n881,182.6669921875,0.3330078125,52,3,0.7178794145584106,83.57949647700626,0.0,2.4197628498077393,0.4015747904777527
n886,n882,183.0,0.3330078125,48,3,0.7632423043251038,78.61199472303221,0.0,2.0328869819641113,0.3385826647281647
n887,n883,183.3330078125,0.333984375,52,3,0.7189327478408813,83.45704126038723,0.0,1.710705280303955,0.3779527544975281
n888,n884,183.6669921875,0.3330078125,40,3,1.3612078428268433,44.07850007343257,0.0,0.26801714301109314,0.33070865273475647
n891,n885,184.0,0.3330078125,45,3,1.0880681276321411,55.143605879323275,0.07464599609375,2.778393268585205,0.4094488322734833
n889,n886,184.0,1.0,64,1,1.0880681276321411,55.143605879323275,-0.037322998046875,1.125525712966919,0.4960629940032959
n890,n887,184.0,1.0,76,1,1.0880681276321411,55.143605879323275,-0.037322998046875,1.125525712966919,0.5590550899505615
n892,n888,184.3330078125,0.333984375,52,3,0.7017543911933899,85.49999936297536,0.0,3.128000020980835,0.3700787425041199
n893,n889,184.6669921875,0.3330078125,57,3,0.6719971895217896,89.28608770327975,0.0,3.0194833278656006,0.35433071851730347
n896,n892,185.0,0.3330078125,64,3,0.7058895230293274,84.99913661065514,-0.02412923239171505,2.736556053161621,0.4409448802471161
n894,n891,185.0,0.5,69,1,0.7058895230293274,84.99913661065514,0.009195963852107525,2.1805574893951416,0.4645669162273407
n895,n890,185.0,0.5,81,1,0.7058895230293274,84.99913661065514,0.014933268539607525,2.1857142448425293,0.5748031735420227
n897,n893,185.3330078125,0.333984375,57,3,0.5536366701126099,108.37432424372464,0.0,2.8742051124572754,0.3700787425041199
n898,n895,185.5,0.5,67,1,0.9683845043182373,61.95886007308764,-0.004425048828125,1.3784592151641846,0.5039370059967041
n899,n894,185.5,0.5,79,1,0.9683845043182373,61.95886007308764,0.004425048828125,1.3885709047317505,0.5748031735420227
n900,n896,185.6669921875,0.3330078125,52,3,0.6954728960990906,86.27223337751934,0.0,2.249857187271118,0.4803149700164795
n903,n899,186.0,0.3330078125,48,3,0.790368378162384,75.91396829349463,-0.057464599609375,1.626214623451233,0.4488188922405243
n901,n898,186.0,1.0,69,1,0.790368378162384,75.91396829349463,0.021697998046875,0.17397919297218323,0.4881889820098877
n902,n897,186.0,1.0,81,1,0.790368378162384,75.91396829349463,0.0357666015625,0.19655445218086243,0.5669291615486145
n904,n900,186.3330078125,0.333984375,52,3,0.664336621761322,90.31565931278189,0.0,1.4513847827911377,0.4330708682537079
n905,n901,186.6669921875,0.3330078125,40,3,0.9311003088951111,64.43988840600743,0.0,0.3119035065174103,0.4251968562602997
n908,n904,187.0,0.3330078125,52,3,0.8080859184265137,74.24953044204831,-0.0060831704176962376,3.138551712036133,0.4409448802471161
n906,n903,187.0,0.5,67,1,0.8080859184265137,74.24953044204831,-0.0039927163161337376,2.5534474849700928,0.4960629940032959
n907,n902,187.0,0.5,79,1,0.8080859184265137,74.24953044204831,0.010075886733829975,2.5619757175445557,0.5905511975288391
n909,n905,187.3330078125,0.333984375,57,3,0.5021016001701355,119.49772711273813,0.0,3.6511294841766357,0.3779527544975281
n911,n906,187.5,0.5,81,1,0.8983004093170166,66.79280046818455,0.0,2.1711668968200684,0.5590550899505615
n912,n908,187.6669921875,0.666015625,64,3,0.7014754414558411,85.5339994162534,0.0,2.0031943321228027,0.4803149700164795
n913,n910,188.0,1.0,67,1,0.6404417157173157,93.68534017619079,-0.01171875,1.3456106185913086,0.34645670652389526
n914,n909,188.0,1.0,76,1,0.6404417157173157,93.68534017619079,0.01171875,1.3662372827529907,0.4960629940032959
n916,n911,188.3330078125,0.333984375,57,3,0.6737024784088135,89.06008501217215,0.0,2.66398024559021,0.4488188922405243
n917,n912,188.6669921875,0.3330078125,52,3,0.7428977489471436,80.76481599928626,0.0,2.2794227600097656,0.4094488322734833
n918,n913,189.0,0.3330078125,48,3,0.6474981904029846,92.66435163727283,0.0,2.144949436187744,0.35433071851730347
n919,n914,189.3330078125,0.333984375,52,3,0.7906615734100342,75.88581767193614,0.0,1.4827487468719482,0.4330708682537079
n920,n915,189.6669921875,0.3330078125,45,3,1.2066303491592407,49.72525350601944,0.0,0.23822051286697388,0.36220473051071167
n924,n916,190.0,0.3330078125,45,3,0.9986482858657837,60.08121262430513,0.07682037353515625,2.731961727142334,0.4094488322734833
n921,n918,190.0,1.0,64,1,0.9986482858657837,60.08121262430513,-0.02213287353515625,1.0794793367385864,0.4488188922405243
n922,n919,190.0,1.0,72,1,0.9986482858657837,60.08121262430513,-0.03723907470703125,1.0691169500350952,0.4173228442668915
n923,n917,190.0,1.0,76,1,0.9986482858657837,60.08121262430513,-0.01744842529296875,1.0826802253723145,0.5511810779571533
n925,n920,190.3330078125,0.333984375,48,3,0.6128472089767456,97.90368483554062,0.0,3.136544942855835,0.5118110179901123
n926,n921,190.6669921875,0.3330078125,55,3,0.6400980353355408,93.73564155457511,0.0,2.903846263885498,0.4960629940032959
n930,n925,191.0,0.3330078125,60,3,0.7299990653991699,82.19188605014374,-0.00975799560546875,2.4971022605895996,0.4724409580230713
n927,n924,191.0,0.5,69,1,0.7299990653991699,82.19188605014374,0.00012969970703125,1.9210954904556274,0.4881889820098877
n928,n922,191.0,0.5,72,1,0.7299990653991699,82.19188605014374,0.00481414794921875,1.9259796142578125,0.4566929042339325
n929,n923,191.0,0.5,81,1,0.7299990653991699,82.19188605014374,0.00481414794921875,1.9259796142578125,0.5669291615486145
n931,n926,191.3330078125,0.333984375,55,3,0.5894554257392883,101.7888671136561,0.0,2.5325398445129395,0.4488188922405243
n932,n929,191.5,0.5,67,1,0.7392178177833557,81.16687471078293,-0.008331298828125,1.4817790985107422,0.4960629940032959
n933,n928,191.5,0.5,72,1,0.7392178177833557,81.16687471078293,-0.0041656494140625,1.4875906705856323,0.4173228442668915
n934,n927,191.5,0.5,79,1,0.7392178177833557,81.16687471078293,0.0124969482421875,1.5106052160263062,0.6062992215156555
n935,n930,191.6669921875,0.3330078125,52,3,0.6463297009468079,92.83187808343953,0.0,2.091318368911743,0.4881889820098877
n939,n934,192.0,0.3330078125,55,3,0.6862398982048035,87.43298102742115,-0.03684234619140625,1.5412392616271973,0.4251968562602997
n936,n933,192.0,1.0,69,1,0.6862398982048035,87.43298102742115,0.00429534912109375,0.04146593436598778,0.4803149700164795
n937,n931,192.0,1.0,72,1,0.6862398982048035,87.43298102742115,0.01627349853515625,0.06573120504617691,0.4488188922405243
n938,n932,192.0,1.0,81,1,0.6862398982048035,87.43298102742115,0.01627349853515625,0.06573120504617691,0.5826771855354309
n940,n935,192.3330078125,0.333984375,52,3,0.5629568696022034,106.58010096296934,0.0,1.3322970867156982,0.4173228442668915
n941,n936,192.6669921875,0.3330078125,43,3,0.6955874562263489,86.25802472849021,0.0,0.30120977759361267,0.4409448802471161
n945,n940,193.0,0.3330078125,52,3,0.7198268175125122,83.35338242515127,-0.02982330322265625,3.276587724685669,0.4488188922405243
n942,n938,193.0,0.5,67,1,0.7198268175125122,83.35338242515127,0.00923919677734375,2.7142746448516846,0.4724409580230713
n943,n939,193.0,0.5,72,1,0.7198268175125122,83.35338242515127,-0.00168609619140625,2.707578420639038,0.4724409580230713
n944,n937,193.0,0.5,79,1,0.7198268175125122,83.35338242515127,0.02227020263671875,2.722205877304077,0.5905511975288391
n946,n941,193.3330078125,0.333984375,55,3,1.135325312614441,52.84828879735912,0.0,2.478348731994629,0.4488188922405243
n947,n947,193.5,0.5,67,1,0.27759504318237305,216.14218795895965,-0.228118896484375,3.61049747467041,0.5275590419769287
n948,n943,193.5,0.5,72,1,0.27759504318237305,216.14218795895965,0.1135406494140625,3.875377655029297,0.4251968562602997
n949,n942,193.5,0.5,81,1,0.27759504318237305,216.14218795895965,0.1145782470703125,3.876115083694458,0.5905511975288391
n950,n945,193.6669921875,0.666015625,64,3,0.5466229915618896,109.76486705866394,0.0,2.3662467002868652,0.5275590419769287
n952,n948,194.0,1.0,72,1,0.7436996102333069,80.67773490048937,-0.00702667236328125,1.182540774345398,0.4645669162273407
n953,n946,194.0,1.0,76,1,0.7436996102333069,80.67773490048937,0.00702667236328125,1.194509744644165,0.5511810779571533
n955,n949,194.3330078125,0.333984375,55,3,0.6300255656242371,95.23423059912064,0.0,2.7821247577667236,0.4251968562602997
n956,n950,194.6669921875,0.666015625,52,3,0.6647040247917175,90.2657389787895,0.0,1.4824092388153076,0.4330708682537079
n958,n951,195.3330078125,0.333984375,52,3,0.8062408566474915,74.41944861178561,0.0,1.5605676174163818,0.36220473051071167
n959,n952,195.6669921875,0.3330078125,43,3,1.3424516916275024,44.69434570659287,0.0,0.23189111053943634,0.36220473051071167
n962,n953,196.0,0.3330078125,41,3,1.1459096670150757,52.36014820984195,0.0902811661362648,2.1281962394714355,0.4094488322734833
n960,n954,196.0,1.0,65,1,1.1459096670150757,52.36014820984195,-0.0446217842400074,0.42017796635627747,0.4645669162273407
n961,n955,196.0,1.0,69,1,1.1459096670150757,52.36014820984195,-0.0456593818962574,0.41919755935668945,0.5039370059967041
n963,n956,196.3330078125,0.333984375,48,3,0.6269188523292542,95.70616639948857,0.0,2.51444149017334,0.3700787425041199
n964,n957,196.6669921875,0.3330078125,53,3,0.5901454091072083,101.66985809610891,0.0,2.3283212184906006,0.3779527544975281
n967,n960,197.0,0.3330078125,60,3,0.7486559152603149,80.14362643369674,-0.014414469711482525,1.6382033824920654,0.3937007784843445
n965,n959,197.0,0.5,64,1,0.7486559152603149,80.14362643369674,0.0069478354416787624,1.0909932851791382,0.4409448802471161
n966,n958,197.0,0.5,72,1,0.7486559152603149,80.14362643369674,0.0074666342698037624,1.0919352769851685,0.4566929042339325
n968,n961,197.3330078125,0.333984375,53,3,0.550484299659729,108.99493416449445,0.0,1.5574636459350586,0.34645670652389526
n969,n963,197.5,0.5,62,1,0.8093475699424744,74.13378655633029,-0.00911712646484375,0.12108556926250458,0.4015747904777527
n970,n962,197.5,0.5,71,1,0.8093475699424744,74.13378655633029,0.00911712646484375,0.1796378195285797,0.5039370059967041
n971,n964,197.6669921875,0.3330078125,48,3,0.6779921054840088,88.4966056605731,0.0,0.47615528106689453,0.4803149700164795
n972,n966,198.0,1.0,60,1,0.6217237710952759,96.50588056863168,-0.00598907470703125,0.4378677308559418,0.4645669162273407
n973,n965,198.0,1.0,69,1,0.6217237710952759,96.50588056863168,0.00598907470703125,0.45824384689331055,0.4724409580230713
n974,n967,198.3330078125,0.333984375,48,3,0.8452119827270508,70.98810857651571,0.0,1.183486819267273,0.3700787425041199
n975,n968,198.6669921875,0.3330078125,41,3,0.8576032519340515,69.96242127660905,0.0,0.32945939898490906,0.3385826647281647
n978,n971,199.0,0.3330078125,41,3,0.7298692464828491,82.2065051913513,-0.010248820297420025,3.1795310974121094,0.3385826647281647
n976,n969,199.0,0.5,62,1,0.7298692464828491,82.2065051913513,0.011632283218204975,2.607419729232788,0.4015747904777527
n977,n970,199.0,0.5,65,1,0.7298692464828491,82.2065051913513,-0.0013834635028615594,2.5989482402801514,0.4330708682537079
n979,n972,199.3330078125,0.333984375,50,3,0.7345120906829834,81.68687862470613,0.0,3.004951000213623,0.3700787425041199
n980,n974,199.5,0.5,62,1,0.7095668911933899,84.55862406303737,-0.00963592529296875,2.3723247051239014,0.4488188922405243
n981,n973,199.5,0.5,70,1,0.7095668911933899,84.55862406303737,0.00963592529296875,2.387380361557007,0.5118110179901123
n982,n975,199.6669921875,0.3330078125,53,3,0.7350852489471436,81.6231859990899,0.0,2.819596290588379,0.3858267664909363
n983,n976,200.0,0.5,64,1,0.7210181355476379,83.2156599700893,0.00104522705078125,2.041748046875,0.4881889820098877
n984,n977,200.0,0.5,72,1,0.7210181355476379,83.2156599700893,-0.00104522705078125,2.039721965789795,0.4645669162273407
n986,n979,200.3330078125,0.333984375,53,3,0.7251461744308472,82.74193826795378,0.0,2.359895944595337,0.4566929042339325
n987,n981,200.5,0.5,65,1,0.700531005859375,85.64931387497278,-0.0007781982421875,1.678721308708191,0.4881889820098877
n988,n980,200.5,0.5,74,1,0.700531005859375,85.64931387497278,0.0007781982421875,1.6807301044464111,0.4881889820098877
n992,n982,201.0,0.3330078125,53,3,0.7257148027420044,82.67710645187202,0.0124969482421875,1.6985129117965698,0.4015747904777527
n990,n984,201.0,0.5,67,1,0.7257148027420044,82.67710645187202,-0.00885009765625,1.072319746017456,0.4645669162273407
n991,n983,201.0,0.5,76,1,0.7257148027420044,82.67710645187202,-0.0036468505859375,1.0821340084075928,0.5433070659637451
n993,n985,201.3330078125,0.333984375,50,3,0.7844024300575256,76.49134895668259,0.0,1.0171128511428833,0.4015747904777527
n994,n986,201.5,0.5,69,1,0.6128015518188477,97.9109792100148,0.01796722412109375,0.44527605175971985,0.4645669162273407
n995,n987,201.5,0.5,77,1,0.6128015518188477,97.9109792100148,-0.01796722412109375,0.31531739234924316,0.27559053897857666
n996,n988,201.6669921875,0.3330078125,41,3,0.7910327911376953,75.85020579703856,0.0,0.17249014973640442,0.4015747904777527
n1000,n992,202.0,0.3330078125,39,3,0.7010859847068787,85.58151397804046,-0.02512359619140625,3.1335995197296143,0.3700787425041199
n997,n989,202.0,0.5,63,1,0.7010859847068787,85.58151397804046,0.00872039794921875,2.5708696842193604,0.4881889820098877
n998,n991,202.0,0.5,72,1,0.7010859847068787,85.58151397804046,0.00768280029296875,2.57014799118042,0.4409448802471161
n999,n990,202.0,0.5,75,1,0.7010859847068787,85.58151397804046,0.00872039794921875,2.5708696842193604,0.4960629940032959
n1001,n993,202.3330078125,0.333984375,48,3,0.6705043911933899,89.48487256468172,0.0,3.039024591445923,0.4960629940032959
n1002,n995,202.5,0.5,60,1,0.5489766001701355,109.29427589701486,-0.0031280517578125,2.6522152423858643,0.4488188922405243
n1003,n994,202.5,0.5,72,1,0.5489766001701355,109.29427589701486,0.0031280517578125,2.6574313640594482,0.5275590419769287
n1004,n996,202.6669921875,0.3330078125,51,3,0.6083974838256836,98.61973725254761,0.0,3.01432204246521,0.3937007784843445
n1007,n998,203.0,0.3330078125,60,3,0.7069434523582458,84.8724177299471,-0.0015614827862009406,2.605555295944214,0.4881889820098877
n1005,n999,203.0,0.5,62,1,0.7069434523582458,84.8724177299471,-0.0015614827862009406,2.0191831588745117,0.5275590419769287
n1006,n997,203.0,0.5,74,1,0.7069434523582458,84.8724177299471,0.0031229655724018812,2.023895263671875,0.6141732335090637
n1008,n1000,203.3330078125,0.333984375,51,3,0.6799159646034241,88.24619971233697,0.0,2.400500535964966,0.4881889820098877
n1009,n1002,203.5,0.5,63,1,0.6518640518188477,92.04373186799683,-0.001556396484375,1.733527660369873,0.5826771855354309
n1010,n1001,203.5,0.5,75,1,0.6518640518188477,92.04373186799683,0.001556396484375,1.737681269645691,0.5905511975288391
n1011,n1003,203.6669921875,0.3330078125,48,3,0.7689546942710876,78.02800405149432,0.0,1.9311859607696533,0.5748031735420227
n1014,n1006,204.0,0.3330078125,51,3,1.1156678199768066,53.779448439453354,-0.1059010848402977,0.7261450886726379,0.3858267664909363
n1012,n1005,204.0,0.5,65,1,1.1156678199768066,53.779448439453354,0.0513865165412426,0.46853169798851013,0.5826771855354309
n1013,n1004,204.0,0.5,77,1,1.1156678199768066,53.779448439453354,0.0545145682990551,0.47436070442199707,0.5984252095222473
n1015,n1009,204.3330078125,0.333984375,39,3,0.4195949137210846,142.99506032593027,0.0,1.3162051439285278,0.3937007784843445
n1016,n1008,204.5,0.5,67,1,0.4195949137210846,142.99506032593027,0.1518256664276123,1.0377838611602783,0.5590550899505615
n1017,n1007,204.5,0.5,79,1,0.4195949137210846,142.99506032593027,0.1596381664276123,1.0637167692184448,0.6614173054695129
n1019,n1011,205.0,0.5,68,1,0.8784671425819397,68.300790196491,-0.0013834635028615594,0.8790321946144104,0.5905511975288391
n1020,n1012,205.0,0.5,77,1,0.8784671425819397,68.300790196491,-0.008158366195857525,-1.3362464904785156,0.5196850299835205
n1021,n1010,205.0,0.5,80,1,0.8784671425819397,68.300790196491,0.009541829116642475,0.8984347581863403,0.6220472455024719
n1023,n1014,205.3330078125,0.333984375,48,3,0.558296799659729,107.46971868111876,0.0,1.4703489542007446,0.5590550899505615
n1024,n1015,205.5,0.5,64,1,0.9387792348861694,63.91278989812256,0.000518798828125,-0.14686346054077148,0.6062992215156555
n1025,n1016,205.5,0.5,76,1,0.9387792348861694,63.91278989812256,-0.000518798828125,-0.15041247010231018,0.6299212574958801
n1026,n1017,205.6669921875,0.3330078125,53,3,0.6924715638160706,86.64615723619343,0.0,0.20965476334095,0.5511810779571533
n1029,n1021,206.0,0.3330078125,56,3,0.7761409282684326,77.30554827698595,-0.00846099853515625,2.636145830154419,0.5748031735420227
n1030,n1020,206.0,0.3330078125,60,3,0.7761409282684326,77.30554827698595,-0.00742340087890625,2.637080669403076,0.5905511975288391
n1027,n1019,206.0,0.5,65,1,0.7761409282684326,77.30554827698595,0.00403594970703125,2.0609536170959473,0.6062992215156555
n1028,n1018,206.0,0.5,77,1,0.7761409282684326,77.30554827698595,0.01184844970703125,2.0678975582122803,0.6377952694892883
n1031,n1022,206.3330078125,0.333984375,53,3,0.48656797409057617,123.31267817645312,0.0,3.0616111755371094,0.5905511975288391
n1032,n1024,206.5,0.5,67,1,0.895102322101593,67.03144268370032,-0.0026092529296875,1.5080134868621826,0.5905511975288391
n1033,n1023,206.5,0.5,79,1,0.895102322101593,67.03144268370032,0.0026092529296875,1.5139044523239136,0.6614173054695129
n1034,n1025,206.6669921875,0.666015625,48,3,0.7069510817527771,84.8715017894013,0.0,1.257949948310852,0.6377952694892883
n1035,n1027,207.0,0.5,68,1,0.7256919145584106,82.67971407192883,-0.00156402587890625,1.2929277420043945,0.7007874250411987
n1036,n1026,207.0,0.5,80,1,0.7256919145584106,82.67971407192883,0.00156402587890625,1.2979897260665894,0.7007874250411987
n1038,n1028,207.3330078125,0.1669921875,41,3,0.9034478664398193,66.41224383697931,0.0,2.1048319339752197,0.5669291615486145
n1041,n1031,207.5,0.5,38,3,0.8428090214729309,71.19050516941704,-0.0871531143784523,-0.036286842077970505,0.5669291615486145
n1039,n1029,207.5,0.5,70,1,0.8428090214729309,71.19050516941704,0.0451405830681324,0.36635515093803406,0.6535432934761047
n1040,n1030,207.5,0.5,82,1,0.8428090214729309,71.19050516941704,0.0420125313103199,0.35803183913230896,0.6377952694892883
n1045,n1032,208.0,0.3330078125,37,3,0.9294125437736511,64.55690791129712,0.01236724853515625,3.401179790496826,0.6377952694892883
n1042,n1035,208.0,0.5,71,1,0.9294125437736511,64.55690791129712,-0.00690460205078125,2.8062798976898193,0.6456692814826965
n1043,n1033,208.0,0.5,77,1,0.9294125437736511,64.55690791129712,-0.00168609619140625,2.8085896968841553,0.6299212574958801
n1044,n1034,208.0,0.5,83,1,0.9294125437736511,64.55690791129712,-0.00377655029296875,2.807666063308716,0.6771653294563293
n1046,n1036,208.3330078125,0.333984375,44,3,0.6620065569877625,90.63354337910151,0.0,3.7369258403778076,0.5511810779571533
n1047,n1039,208.5,0.5,72,1,0.9723135828971863,61.708486907299,-0.001434326171875,2.5443320274353027,0.5905511975288391
n1048,n1037,208.5,0.5,77,1,0.9723135828971863,61.708486907299,0.0095062255859375,2.5498855113983154,0.4488188922405243
n1049,n1040,208.5,0.5,80,1,0.9723135828971863,61.708486907299,-0.0123748779296875,2.53875732421875,0.5433070659637451
n1050,n1038,208.5,0.5,84,1,0.9723135828971863,61.708486907299,0.004302978515625,2.54724383354187,0.6456692814826965
n1051,n1041,208.6669921875,0.3330078125,53,3,0.8470765948295593,70.83184728067316,0.0,3.2453465461730957,0.5511810779571533
n1056,n1046,209.0,0.3330078125,56,3,0.9280791878700256,64.6496557451117,-0.04813232272863388,2.9235119819641113,0.5905511975288391
n1052,n1042,209.0,0.5,73,1,0.9280791878700256,64.6496557451117,0.01697692833840847,2.3766510486602783,0.7007874250411987
n1053,n1045,209.0,0.5,77,1,0.9280791878700256,64.6496557451117,0.0076080323196947575,2.371027708053589,0.5590550899505615
n1054,n1043,209.0,0.5,80,1,0.9280791878700256,64.6496557451117,0.01490173302590847,2.37540340423584,0.6062992215156555
n1055,n1044,209.0,0.5,85,1,0.9280791878700256,64.6496557451117,0.00864562951028347,2.3716535568237305,0.6299212574958801
n1057,n1047,209.3330078125,0.333984375,60,3,0.741288959980011,80.94009656048016,0.0,3.073293924331665,0.6614173054695129
n1058,n1050,209.5,0.5,76,1,1.0022234916687012,59.866886476688,-0.0033009846229106188,1.9652705192565918,0.6929134130477905
n1059,n1048,209.5,0.5,83,1,1.0022234916687012,59.866886476688,0.0024363200645893812,1.969488501548767,0.6692913174629211
n1060,n1049,209.5,0.5,88,1,1.0022234916687012,59.866886476688,0.0008646647329442203,1.9683393239974976,0.6929134130477905
n1061,n1051,209.6669921875,0.3330078125,65,3,0.8998350501060486,66.67888741712028,0.0,2.580780267715454,0.6220472455024719
n1062,n1054,210.0,0.5,77,1,1.075513243675232,55.787318615406974,-0.0034637451171875,1.469883680343628,0.6456692814826965
n1063,n1053,210.0,0.5,80,1,1.075513243675232,55.787318615406974,-0.0003509521484375,1.4729070663452148,0.7007874250411987
n1064,n1052,210.0,0.5,89,1,1.075513243675232,55.787318615406974,0.003814697265625,1.4769285917282104,0.7795275449752808
n1066,n1056,210.3330078125,0.333984375,72,3,1.024061918258667,58.59020722304083,0.0,1.7304043769836426,0.6141732335090637
n1067,n1058,210.5,0.5,79,1,1.2153387069702148,49.36895340853359,-0.00034586587571538985,0.6650605797767639,0.7637795209884644
n1068,n1059,210.5,0.5,83,1,1.2153387069702148,49.36895340853359,-0.0013834635028615594,0.6635000109672546,0.6850393414497375
n1069,n1057,210.5,0.5,91,1,1.2153387069702148,49.36895340853359,0.0017293294658884406,0.6681764721870422,0.7322834730148315
n1070,n1060,210.6669921875,0.3330078125,77,3,1.9311766624450684,31.069140988910785,0.0,0.24274179339408875,0.6771653294563293
n1075,n1061,211.0,0.3330078125,38,3,1.228143334388733,48.854232498735975,0.087890625,2.5438194274902344,0.6929134130477905
n1071,n1064,211.0,0.5,80,1,1.228143334388733,48.854232498735975,-0.03033447265625,1.8840932846069336,0.7244094610214233
n1072,n1063,211.0,0.5,84,1,1.228143334388733,48.854232498735975,-0.029296875,1.884756088256836,0.5905511975288391
n1074,n1062,211.0,0.5,92,1,1.228143334388733,48.854232498735975,-0.02825927734375,1.8854186534881592,0.6929134130477905
n1076,n1066,211.3330078125,0.333984375,45,3,0.8919956088066101,67.26490512691342,0.0,2.6639137268066406,0.6535432934761047
n1077,n1067,211.5,0.5,81,1,1.113486886024475,53.88478369441808,0.0,1.6432253122329712,0.6535432934761047
n1078,n1068,211.5,0.5,84,1,1.113486886024475,53.88478369441808,0.0,1.6432253122329712,0.4881889820098877
n1079,n1069,211.5,0.5,89,1,1.113486886024475,53.88478369441808,0.0,1.6432253122329712,0.6929134130477905
n1080,n1070,211.5,0.5,93,1,1.113486886024475,53.88478369441808,0.0,1.6432253122329712,0.6692913174629211
n1081,n1071,211.6669921875,0.3330078125,53,3,1.0983436107635498,54.62771341501137,0.0,2.086216688156128,0.5984252095222473
n1085,n1075,212.0,0.3330078125,60,3,1.049062967300415,57.19389766888806,-0.007686614990234375,1.7556755542755127,0.7401574850082397
n1082,n1074,212.0,0.5,84,1,1.049062967300415,57.19389766888806,0.000644683837890625,1.1794588565826416,0.6692913174629211
n1083,n1073,212.0,0.5,89,1,1.049062967300415,57.19389766888806,0.001697540283203125,1.1807233095169067,0.7165354490280151
n1084,n1072,212.0,0.5,96,1,1.049062967300415,57.19389766888806,0.005344390869140625,1.1851401329040527,0.7322834730148315
n1086,n1076,212.3330078125,0.333984375,62,3,0.8935946822166443,67.1445356536416,0.0,1.4895130395889282,0.7165354490280151
n1087,n1078,212.5,0.5,83,1,1.030747413635254,58.21018729350112,-0.00286102294921875,0.412458211183548,0.6614173054695129
n1090,n1077,212.5,0.5,95,1,1.030747413635254,58.21018729350112,0.00286102294921875,0.42445793747901917,0.7007874250411987
n1091,n1079,212.6669921875,0.3330078125,65,3,1.285025715827942,46.69167259531613,0.0,0.271880567073822,0.6614173054695129
n1096,n1080,213.0,0.3330078125,67,3,1.4145252704620361,42.41705768918627,0.01228942908346653,1.4657213687896729,0.6929134130477905
n1092,n1082,213.0,1.0,81,1,1.4145252704620361,42.41705768918627,-0.0028167725540697575,-0.13749739527702332,0.7086614370346069
n1093,n1083,213.0,1.0,86,1,1.4145252704620361,42.41705768918627,-0.0038543702103197575,-0.13866662979125977,0.6299212574958801
n1094,n1084,213.0,1.0,89,1,1.4145252704620361,42.41705768918627,-0.0048919678665697575,-0.13983668386936188,0.6771653294563293
n1095,n1081,213.0,1.0,93,1,1.4145252704620361,42.41705768918627,-0.0007263183360919356,-0.13516202569007874,0.7244094610214233
n1097,n1085,213.3330078125,0.333984375,69,3,0.9808570742607117,61.170991752517054,0.0,1.3196908235549927,0.6771653294563293
n1098,n1086,213.6669921875,0.3330078125,65,3,1.3303793668746948,45.09991773320343,0.0,0.14569465816020966,0.7007874250411987
n1103,n1087,214.0,0.3330078125,64,3,1.02977454662323,58.26518066187217,0.03103942796587944,1.5121341943740845,0.6377952694892883
n1099,n1090,214.0,0.5,79,1,1.02977454662323,58.26518066187217,-0.011151122860610485,0.8621556162834167,0.6456692814826965
n1100,n1088,214.0,0.5,84,1,1.02977454662323,58.26518066187217,-0.0022857666481286287,0.8757396340370178,0.5984252095222473
n1101,n1091,214.0,0.5,88,1,1.02977454662323,58.26518066187217,-0.012188720516860485,0.8605489730834961,0.5748031735420227
n1102,n1089,214.0,0.5,91,1,1.02977454662323,58.26518066187217,-0.005413818173110485,0.8709598183631897,0.6614173054695129
n1104,n1092,214.3330078125,0.333984375,62,3,0.8597404956817627,69.78850048516186,0.0,1.073192834854126,0.6535432934761047
n1105,n1095,214.5,0.5,77,1,0.8774670958518982,68.3786324109947,-0.003814697265625,0.05812550336122513,0.5905511975288391
n1106,n1094,214.5,0.5,84,1,0.8774670958518982,68.3786324109947,-0.001739501953125,0.06469067186117172,0.6614173054695129
n1107,n1093,214.5,0.5,89,1,0.8774670958518982,68.3786324109947,0.00555419921875,0.08743636310100555,0.6850393414497375
n1108,n1096,214.6669921875,0.3330078125,60,3,0.805855929851532,74.45499595821573,0.0,0.2269018292427063,0.6299212574958801
n1112,n1100,215.0,0.3330078125,57,3,0.8785740733146667,68.29247734756524,-0.0227813720703125,1.7761387825012207,0.6062992215156555
n1109,n1099,215.0,0.5,74,1,0.8785740733146667,68.29247734756524,0.005340576171875,1.2297003269195557,0.6141732335090637
n1110,n1098,215.0,0.5,79,1,0.8785740733146667,68.29247734756524,0.007415771484375,1.2326148748397827,0.5748031735420227
n1111,n1097,215.0,0.5,86,1,0.8785740733146667,68.29247734756524,0.0100250244140625,1.2362496852874756,0.6220472455024719
n1113,n1101,215.3330078125,0.333984375,55,3,0.8718019127845764,68.82297356787986,0.0,1.3305654525756836,0.5590550899505615
n1114,n1103,215.5,0.5,72,1,0.9809027910232544,61.16814076694535,-0.004425048828125,0.24763181805610657,0.5905511975288391
n1116,n1102,215.5,0.5,84,1,0.9809027910232544,61.16814076694535,0.004425048828125,0.269403874874115,0.6771653294563293
n1117,n1104,215.6669921875,0.3330078125,53,3,1.0807276964187622,55.51814781727506,0.0,0.23281444609165192,0.5905511975288391
n1122,n1109,216.0,0.3330078125,55,3,1.1026484966278076,54.41443958205716,-0.009890747256577015,1.1486105918884277,0.5590550899505615
n1118,n1106,216.0,0.5,69,1,1.1026484966278076,54.41443958205716,0.006253051571547985,0.5905724763870239,0.5433070659637451
n1119,n1107,216.0,0.5,72,1,1.1026484966278076,54.41443958205716,-0.0010406493674963713,0.5778453946113586,0.4960629940032959
n1120,n1108,216.0,0.5,76,1,1.1026484966278076,54.41443958205716,-0.0031311034690588713,0.5741882920265198,0.5275590419769287
n1121,n1105,216.0,0.5,81,1,1.1026484966278076,54.41443958205716,0.007809448055922985,0.593285083770752,0.5748031735420227
n1123,n1110,216.3330078125,0.333984375,53,3,1.2335069179534912,48.64180259284308,0.0,0.1489240974187851,0.5590550899505615
n1124,n1113,216.5,0.5,67,1,1.4113212823867798,42.51335308890828,0.00026702880859375,0.518647313117981,0.5354330539703369
n1125,n1114,216.5,0.5,71,1,1.4113212823867798,42.51335308890828,-0.00391387939453125,0.512688934803009,0.5196850299835205
n1126,n1112,216.5,0.5,74,1,1.4113212823867798,42.51335308890828,0.00130462646484375,0.5201332569122314,0.5511810779571533
n1127,n1111,216.5,0.5,77,1,1.4113212823867798,42.51335308890828,0.00234222412109375,0.5216174721717834,0.5590550899505615
n1128,n1115,216.6669921875,0.3330078125,43,3,1.9841092824935913,30.24026979229346,0.0,0.2301487922668457,0.4724409580230713
n1133,n1116,217.0,0.3330078125,36,3,1.4004215002059937,42.84424367319008,0.08052368462085724,2.2857167720794678,0.4724409580230713
n1129,n1117,217.0,1.5,64,1,1.4004215002059937,42.84424367319008,-0.009579467587172985,0.0560528039932251,0.5669291615486145
n1130,n1120,217.0,1.5,67,1,1.4004215002059937,42.84424367319008,-0.03042297437787056,0.04222390055656433,0.4488188922405243
n1131,n1119,217.0,1.5,72,1,1.4004215002059937,42.84424367319008,-0.02729492262005806,0.044306680560112,0.5118110179901123
n1132,n1118,217.0,1.5,76,1,1.4004215002059937,42.84424367319008,-0.013226318173110485,0.053642403334379196,0.6062992215156555
n1134,n1121,217.3330078125,0.333984375,43,3,0.8888888955116272,67.49999949708581,0.0,2.540410280227661,0.4960629940032959
n1135,n1122,217.6669921875,0.3330078125,48,3,0.8477364182472229,70.77671633366396,0.0,2.340909719467163,0.4803149700164795
n1136,n1123,218.0,0.3330078125,60,3,0.86959308385849,68.99778886668777,0.0,1.9869775772094727,0.4960629940032959
n1137,n1124,218.3330078125,0.333984375,62,3,0.9044225215911865,66.34067437245992,0.0,1.5066885948181152,0.5826771855354309
n1138,n1125,218.5,0.5,84,1,0.9762426614761353,61.46012909257268,0.0,0.5350654125213623,0.6456692814826965
n1139,n1126,218.6669921875,0.3330078125,64,3,1.3826062679290771,43.39630261467742,0.0,0.24137823283672333,0.5196850299835205
n1141,n1129,219.0,1.0,56,3,1.037506103515625,57.83098508691943,-0.0036468505859375,0.2328987866640091,0.4645669162273407
n1142,n1127,219.0,1.0,65,3,1.037506103515625,57.83098508691943,0.0041656494140625,0.242113396525383,0.4960629940032959
n1140,n1128,219.0,0.5,72,1,1.037506103515625,57.83098508691943,-0.000518798828125,1.2365916967391968,0.5905511975288391
n1143,n1130,219.5,0.5,74,1,1.1981658935546875,50.07653808438292,0.0,0.23316113650798798,0.6141732335090637
n1147,n1132,220.0,0.3330078125,36,3,1.2164360284805298,49.324418707777824,0.00690460205078125,2.409794569015503,0.4251968562602997
n1144,n1133,220.0,1.3330078125,64,1,1.2164360284805298,49.324418707777824,-0.00299835205078125,0.40208977460861206,0.4881889820098877
n1145,n1134,220.0,1.0,67,1,1.2164360284805298,49.324418707777824,-0.01184844970703125,0.810801088809967,0.4409448802471161
n1146,n1131,220.0,1.3330078125,76,1,1.2164360284805298,49.324418707777824,0.00794219970703125,0.4094352722167969,0.6299212574958801
n1148,n1135,220.3330078125,0.333984375,43,3,0.8654970526695251,69.32432619491536,0.0,2.5901520252227783,0.4251968562602997
n1149,n1136,220.6669921875,0.3330078125,48,3,0.8586418628692627,69.87779491615078,0.0,2.3438503742218018,0.3779527544975281
n1152,n1137,221.0,0.5,60,3,0.6866294145584106,87.38338138133446,0.0,1.7635002136230469,0.4724409580230713
n1153,n1138,221.3330078125,0.333984375,79,1,1.281798243522644,46.80923874190037,0.0,1.130067229270935,0.6377952694892883
n1154,n1139,221.5,0.5,64,3,0.9762426614761353,61.46012909257268,0.0,0.5665894746780396,0.4330708682537079
n1155,n1140,221.6669921875,0.3330078125,81,1,1.3872953653335571,43.2496218896931,0.0,0.27732741832733154,0.5748031735420227
n1157,n1141,222.0,1.0,56,3,1.0260518789291382,58.47657533907577,0.0020802814979106188,0.5859242677688599,0.29133859276771545
n1158,n1143,222.0,1.0,65,3,1.0260518789291382,58.47657533907577,-0.0031229655724018812,0.5810371041297913,0.3700787425041199
n1156,n1142,222.0,0.5,72,1,1.0260518789291382,58.47657533907577,0.0010426839580759406,1.584948182106018,0.4566929042339325
n1159,n1144,222.5,0.5,74,1,1.654693603515625,36.260489478246434,0.0,0.3090597689151764,0.5039370059967041
n1161,n1145,223.0,0.3330078125,36,3,1.461556077003479,41.052136790408746,0.08203125,2.239847183227539,0.25984251499176025
n1160,n1146,223.0,1.5,75,1,1.461556077003479,41.052136790408746,-0.08203125,-0.03830203413963318,0.4645669162273407
n1162,n1147,223.3330078125,0.333984375,43,3,0.9668768048286438,62.05547563076931,0.0,2.42168927192688,0.22834645211696625
n1163,n1148,223.6669921875,0.3330078125,48,3,0.835181474685669,71.84067393566382,0.0,2.3391318321228027,0.14960630238056183
n1164,n1149,224.0,0.3330078125,60,3,0.874312698841095,68.62533288093636,0.0,1.9554094076156616,0.3700787425041199
n1165,n1150,224.3330078125,0.333984375,62,3,0.9824561476707458,61.07142811641097,0.0,1.3527406454086304,0.4173228442668915
n1166,n1151,224.5,0.5,79,1,0.9324744343757629,64.34492763350288,0.0,0.5315952897071838,0.4409448802471161
n1167,n1152,224.6669921875,0.3330078125,63,3,1.2064088582992554,49.73438282323746,0.0,0.3673153221607208,0.4173228442668915
n1169,n1155,225.0,0.3330078125,56,3,0.9832447171211243,61.022448384646346,-0.012318928726017475,2.121711492538452,0.3385826647281647
n1170,n1154,225.0,0.3330078125,65,3,0.9832447171211243,61.022448384646346,0.0017344156512990594,2.135878801345825,0.3700787425041199
n1168,n1153,225.0,0.5,72,1,0.9832447171211243,61.022448384646346,0.010584513656795025,1.5583560466766357,0.4645669162273407
n1171,n1156,225.3330078125,0.333984375,53,3,1.119700312614441,53.58576694499904,0.0,1.569459080696106,0.4488188922405243
n1172,n1157,225.5,0.5,74,1,1.4659173488616943,40.93000198584924,0.0,0.351073682308197,0.5511810779571533
n1173,n1158,225.6669921875,0.3330078125,44,3,1.5663719177246094,38.30507896691548,0.0,0.37856847047805786,0.34645670652389526
n1175,n1159,226.0,0.3330078125,36,3,1.3833624124526978,43.372582238677545,0.05651092529296875,2.364854335784912,0.3937007784843445
n1174,n1160,226.0,1.5,75,1,1.3833624124526978,43.372582238677545,-0.05651092529296875,0.12311465293169022,0.5511810779571533
n1176,n1161,226.3330078125,0.333984375,43,3,0.937225878238678,64.01871885223397,0.0,2.5676651000976562,0.36220473051071167
n1177,n1162,226.6669921875,0.3330078125,48,3,0.86959308385849,68.99778886668777,0.0,2.4134249687194824,0.35433071851730347
n1178,n1163,227.0,0.3330078125,60,3,1.0135172605514526,59.19978113382511,0.0,1.8925317525863647,0.3937007784843445
n1179,n1164,227.3330078125,0.333984375,62,3,1.0947551727294922,54.80677460550868,0.0,1.3243680000305176,0.4094488322734833
n1180,n1165,227.5,0.5,79,1,1.1914291381835938,50.3596882744312,0.0,0.3222157955169678,0.5984252095222473
n1181,n1166,227.6669921875,0.3330078125,63,3,1.4242730140686035,42.12675477758505,0.0,0.17066404223442078,0.4173228442668915
n1183,n1169,228.0,0.3330078125,56,3,1.4800983667373657,40.53784623265288,-0.012674967758357525,2.175159454345703,0.33070865273475647
n1184,n1167,228.0,0.3330078125,65,3,1.4800983667373657,40.53784623265288,0.014409382827579975,2.1926064491271973,0.4094488322734833
n1182,n1168,228.0,0.6669921875,77,1,1.4800983667373657,40.53784623265288,-0.0017344156512990594,1.1801170110702515,0.5196850299835205
n1185,n1170,228.3330078125,0.333984375,53,3,1.8541895151138306,32.35915180780026,0.0,1.495274543762207,0.36220473051071167
n1187,n1172,228.6669921875,0.3330078125,44,3,3.0435988903045654,19.71350436193514,-0.00260162353515625,0.14918245375156403,0.27559053897857666
n1186,n1171,228.6669921875,0.3330078125,64,1,3.0435988903045654,19.71350436193514,0.00260162353515625,0.15585239231586456,0.3937007784843445
n1190,n1173,229.0,0.3330078125,45,3,1.406066656112671,42.67223018137775,0.0989532470703125,2.544543504714966,0.29921260476112366
n1188,n1174,229.0,1.0,64,1,1.406066656112671,42.67223018137775,-0.0437469482421875,0.8807647228240967,0.4330708682537079
n1189,n1175,229.0,1.0,76,1,1.406066656112671,42.67223018137775,-0.055206298828125,0.8743656277656555,0.5354330539703369
n1191,n1176,229.3330078125,0.333984375,52,3,0.8701571822166443,68.95305954627139,0.0,2.8968889713287354,0.3385826647281647
n1192,n1177,229.6669921875,0.3330078125,57,3,0.8419782519340515,71.26074796133753,0.0,2.7406060695648193,0.33070865273475647
n1195,n1180,230.0,0.3330078125,64,3,0.7627229690551758,78.6655213416807,-0.01597086526453495,2.634876251220703,0.4015747904777527
n1193,n1179,230.0,0.5,69,1,0.7627229690551758,78.6655213416807,0.0074666342698037624,2.069779872894287,0.4330708682537079
n1194,n1178,230.0,0.5,81,1,0.7627229690551758,78.6655213416807,0.008504231460392475,2.0707180500030518,0.5433070659637451
n1196,n1181,230.3330078125,0.333984375,57,3,0.7906615734100342,75.88581767193614,0.0,2.342799663543701,0.3779527544975281
n1197,n1183,230.5,0.5,67,1,1.077576756477356,55.68048831727082,-0.0065155029296875,1.1564955711364746,0.4645669162273407
n1198,n1182,230.5,0.5,79,1,1.077576756477356,55.68048831727082,0.0065155029296875,1.172052025794983,0.5511810779571533
n1199,n1184,230.6669921875,0.666015625,52,3,0.6655058860778809,90.15697870623866,0.0,1.213133454322815,0.4015747904777527
n1200,n1186,231.0,1.0,69,1,0.7249358296394348,82.76594637327075,-0.0070343017578125,0.14026698470115662,0.4803149700164795
n1201,n1185,231.0,1.0,81,1,0.7249358296394348,82.76594637327075,0.0070343017578125,0.1654389649629593,0.5748031735420227
n1203,n1187,231.3330078125,0.333984375,52,3,0.690835177898407,86.85139656976689,0.0,1.2909926176071167,0.27559053897857666
n1204,n1188,231.6669921875,0.3330078125,45,3,0.8117057681083679,73.91841028778991,0.0,0.3046332597732544,0.32283464074134827
n1207,n1191,232.0,0.3330078125,52,3,0.822687566280365,72.93169662363962,-0.03073628805577755,3.1735613346099854,0.4015747904777527
n1205,n1190,232.0,0.5,67,1,0.822687566280365,72.93169662363962,0.009379069320857525,2.610407829284668,0.4173228442668915
n1206,n1189,232.0,0.5,79,1,0.822687566280365,72.93169662363962,0.02135721780359745,2.617271661758423,0.5196850299835205
n1208,n1192,232.3330078125,0.333984375,57,3,0.5863487124443054,102.32818581604565,0.0,3.508484125137329,0.4173228442668915
n1210,n1193,232.5,0.5,81,1,1.0947551727294922,54.80677460550868,0.0,1.960739016532898,0.5590550899505615
n1211,n1195,232.6669921875,0.666015625,64,3,0.5677465200424194,105.68096480013136,0.0,2.364985227584839,0.4724409580230713
n1212,n1197,233.0,1.0,67,1,0.802350640296936,74.7802730958064,-0.00208282470703125,1.130621314048767,0.4803149700164795
n1213,n1196,233.0,1.0,76,1,0.802350640296936,74.7802730958064,0.00208282470703125,1.1340389251708984,0.4881889820098877
n1215,n1198,233.3330078125,0.333984375,57,3,0.7298063039779663,82.2135951319646,0.0,2.6134872436523438,0.3937007784843445
n1216,n1199,233.6669921875,0.666015625,52,3,0.7069510817527771,84.8715017894013,0.0,1.406211495399475,0.3937007784843445
n1218,n1200,234.3330078125,0.333984375,52,3,0.7906158566474915,75.89020571181378,0.0,1.5572398900985718,0.3858267664909363
n1219,n1201,234.6669921875,0.3330078125,45,3,1.2397513389587402,48.39680193480867,0.0,0.31341055035591125,0.4173228442668915
n1223,n1202,235.0,0.3330078125,43,3,1.156326413154602,51.88846273632421,0.0748189315199852,2.6606833934783936,0.4724409580230713
n1220,n1205,235.0,1.0,64,1,1.156326413154602,51.88846273632421,-0.0413157157599926,1.0037986040115356,0.4566929042339325
n1222,n1203,235.0,1.0,76,1,1.156326413154602,51.88846273632421,-0.0335032157599926,1.0086512565612793,0.5669291615486145
n1224,n1206,235.3330078125,0.333984375,48,3,0.6113395690917969,98.1451275747384,0.0,3.273954391479492,0.4645669162273407
n1225,n1207,235.6669921875,0.3330078125,55,3,0.6533518433570862,91.83413287962104,0.0,3.0248684883117676,0.4881889820098877
n1229,n1211,236.0,0.3330078125,60,3,0.7949161529541016,75.47965880052308,-0.034503936767578125,2.5203819274902344,0.4960629940032959
n1226,n1210,236.0,0.5,69,1,0.7949161529541016,75.47965880052308,0.007686614990234375,1.9735381603240967,0.4645669162273407
n1227,n1209,236.0,0.5,72,1,0.7949161529541016,75.47965880052308,0.011318206787109375,1.9769039154052734,0.4330708682537079
n1228,n1208,236.0,0.5,81,1,0.7949161529541016,75.47965880052308,0.015499114990234375,1.9807409048080444,0.5433070659637451
n1230,n1212,236.3330078125,0.333984375,55,3,0.516173243522644,116.24004295636811,0.0,2.9019594192504883,0.4645669162273407
n1231,n1215,236.5,0.5,67,1,1.439418911933899,41.68348734517344,-0.0085906982421875,0.7300143241882324,0.4803149700164795
n1233,n1213,236.5,0.5,79,1,1.439418911933899,41.68348734517344,0.0085906982421875,0.750637948513031,0.5905511975288391
n1234,n1216,236.6669921875,0.666015625,48,3,0.47858625650405884,125.3692499201367,0.0,1.59359872341156,0.3937007784843445
n1235,n1219,237.0,1.0,69,1,0.6803671717643738,88.1876764341877,-0.007817585952579975,0.22426314651966095,0.4881889820098877
n1236,n1217,237.0,1.0,72,1,0.6803671717643738,88.1876764341877,0.009379069320857525,0.2551291882991791,0.4094488322734833
n1237,n1218,237.0,1.0,81,1,0.6803671717643738,88.1876764341877,-0.0015614827862009406,0.235563725233078,0.5354330539703369
n1239,n1220,237.3330078125,0.333984375,48,3,0.6923885345458984,86.6565475977312,0.0,1.3167387247085571,0.4724409580230713
n1240,n1221,237.6669921875,0.3330078125,43,3,1.0799463987350464,55.55831295912343,0.0,-0.06079075485467911,0.4488188922405243
n1244,n1223,238.0,0.3330078125,52,3,0.45437362790107727,132.04991732720617,0.08776473999023438,3.983379602432251,0.4566929042339325
n1241,n1224,238.0,0.5,67,1,0.45437362790107727,132.04991732720617,0.07786178588867188,3.3910298347473145,0.4094488322734833
n1242,n1228,238.0,0.5,72,1,0.45437362790107727,132.04991732720617,-0.2653694152832031,3.166691780090332,0.36220473051071167
n1243,n1222,238.0,0.5,79,1,0.45437362790107727,132.04991732720617,0.09974288940429688,3.4042108058929443,0.5511810779571533
n1245,n1226,238.3330078125,0.333984375,55,3,0.6455591917037964,92.94267786915806,0.0,3.3206560611724854,0.4409448802471161
n1247,n1227,238.5,0.5,81,1,0.9418859481811523,63.701980176967496,0.0,2.119431495666504,0.5433070659637451
n1248,n1230,238.6669921875,0.666015625,64,3,0.6167674660682678,97.28139582731949,0.0,2.2012438774108887,0.4566929042339325
n1249,n1232,239.0,1.0,67,1,0.7470979690551758,80.31075238483052,0.0033009846229106188,1.1750727891921997,0.4409448802471161
n1250,n1233,239.0,1.0,72,1,0.7470979690551758,80.31075238483052,-0.0076395669020712376,1.1656886339187622,0.4724409580230713
n1251,n1231,239.0,1.0,76,1,0.7470979690551758,80.31075238483052,0.0043385825119912624,1.175963282585144,0.5039370059967041
n1253,n1234,239.3330078125,0.333984375,55,3,0.7563048005104065,79.33309422273649,0.0,2.506053924560547,0.3937007784843445
n1254,n1235,239.6669921875,0.666015625,52,3,0.6897452473640442,86.98863852893254,0.0,1.36382257938385,0.4330708682537079
n1256,n1236,240.3330078125,0.333984375,52,3,0.6939418911933899,86.46257094641807,0.0,1.6411620378494263,0.4251968562602997
n1257,n1237,240.6669921875,0.3330078125,43,3,1.1871029138565063,50.54321685141835,0.0,0.31315040588378906,0.4645669162273407
n1260,n1238,241.0,0.3330078125,41,3,0.9274957180023193,64.69032561059215,0.0864613875746727,2.9713943004608154,0.5511810779571533
n1258,n1240,241.0,1.0,64,1,0.9274957180023193,64.69032561059215,-0.0479227714240551,1.302687644958496,0.5275590419769287
n1259,n1239,241.0,1.0,76,1,0.9274957180023193,64.69032561059215,-0.0385386161506176,1.3085869550704956,0.6220472455024719
n1261,n1241,241.3330078125,0.333984375,48,3,0.6799159646034241,88.24619971233697,0.0,3.1581246852874756,0.4409448802471161
n1262,n1242,241.6669921875,0.3330078125,53,3,0.6725165247917175,89.21713859534138,0.0,3.006727457046509,0.4881889820098877
n1265,n1245,242.0,0.3330078125,60,3,0.7288306355476379,82.32365253817362,-0.0109405517578125,2.6889750957489014,0.5039370059967041
n1263,n1244,242.0,0.5,69,1,0.7288306355476379,82.32365253817362,0.0,2.112650156021118,0.4960629940032959
n1264,n1243,242.0,0.5,81,1,0.7288306355476379,82.32365253817362,0.0109405517578125,2.1226277351379395,0.6062992215156555
n1266,n1246,242.3330078125,0.333984375,53,3,0.5723227262496948,104.83595574330383,0.0,2.8022842407226562,0.4645669162273407
n1267,n1248,242.5,0.5,67,1,0.9746436476707458,61.560961427688085,-0.00859832763671875,1.3347337245941162,0.4881889820098877
n1268,n1247,242.5,0.5,79,1,0.9746436476707458,61.560961427688085,0.00859832763671875,1.3547674417495728,0.6220472455024719
n1269,n1249,242.6669921875,0.3330078125,48,3,0.6576933860778809,91.22792059352577,0.0,2.2952218055725098,0.5039370059967041
n1270,n1251,243.0,2.0,74,1,0.6811079382896423,88.09176435480758,-0.00598907470703125,0.3107120990753174,0.5039370059967041
n1271,n1250,243.0,2.0,77,1,0.6811079382896423,88.09176435480758,0.00598907470703125,0.32090479135513306,0.4960629940032959
n1272,n1252,243.3330078125,0.333984375,48,3,0.6970943212509155,86.07156617246822,0.0,1.43423593044281,0.4015747904777527
n1273,n1253,243.6669921875,0.3330078125,41,3,0.9196297526359558,65.24364813993961,0.0,0.372109055519104,0.4173228442668915
n1276,n1254,244.0,0.3330078125,45,3,1.0776209831237793,55.67820313416094,0.0,1.3733400106430054,0.4330708682537079
n1277,n1255,244.3330078125,0.333984375,52,3,0.7095668911933899,84.55862406303737,0.0,1.2682783603668213,0.4330708682537079
n1278,n1256,244.6669921875,0.3330078125,62,3,0.8127749562263489,73.82117219577648,0.0,0.30273422598838806,0.4251968562602997
n1281,n1259,245.0,0.3330078125,64,3,0.8717008829116821,68.83095013003332,-0.009552001953125,2.808683395385742,0.4960629940032959
n1279,n1258,245.0,1.0,68,1,0.8717008829116821,68.83095013003332,-0.0032958984375,1.2267377376556396,0.4724409580230713
n1280,n1257,245.0,1.0,76,1,0.8717008829116821,68.83095013003332,0.012847900390625,1.2381106615066528,0.5590550899505615
n1282,n1260,245.3330078125,0.333984375,56,3,0.78125,76.8,0.0,2.748220205307007,0.4330708682537079
n1283,n1261,245.6669921875,0.666015625,47,3,0.7664039731025696,78.28769435668109,0.0,1.5476239919662476,0.4173228442668915
n1284,n1262,246.0,0.3330078125,65,1,0.9915841817855835,60.509234719694405,0.0,1.9053860902786255,0.4488188922405243
n1285,n1263,246.0,0.3330078125,74,1,0.9915841817855835,60.509234719694405,0.0,1.9053860902786255,0.4960629940032959
n1289,n1264,246.3330078125,0.333984375,52,3,1.0089699029922485,59.46659045236254,0.02031453512609005,1.4600352048873901,0.4094488322734833
n1287,n1266,246.3330078125,0.333984375,64,1,1.0089699029922485,59.46659045236254,-0.014582316391170025,1.4046831130981445,0.4251968562602997
n1288,n1265,246.3330078125,0.333984375,72,1,1.0089699029922485,59.46659045236254,-0.0057322182692587376,1.4189300537109375,0.4960629940032959
n1292,n1267,246.6669921875,0.3330078125,44,3,1.3726783990859985,43.71016549830693,0.011454264633357525,0.3466091454029083,0.3937007784843445
n1290,n1269,246.6669921875,0.3330078125,62,1,1.3726783990859985,43.71016549830693,-0.008855183608829975,0.29529041051864624,0.4251968562602997
n1291,n1268,246.6669921875,0.3330078125,71,1,1.3726783990859985,43.71016549830693,-0.0025990803260356188,0.31127601861953735,0.5196850299835205
n1295,n1270,247.0,0.3330078125,45,3,1.0656158924102783,56.30546656383677,0.0904541015625,2.840754985809326,0.4409448802471161
n1293,n1272,247.0,1.0,64,1,1.0656158924102783,56.30546656383677,-0.048614501953125,1.1732243299484253,0.4251968562602997
n1294,n1271,247.0,1.0,72,1,1.0656158924102783,56.30546656383677,-0.041839599609375,1.1772834062576294,0.4645669162273407
n1296,n1273,247.3330078125,0.333984375,52,3,0.6518640518188477,92.04373186799683,0.0,3.26774525642395,0.34645670652389526
n1297,n1274,247.6669921875,0.3330078125,57,3,0.7100592851638794,84.49998648514567,0.0,2.9904537200927734,0.4015747904777527
n1298,n1275,248.0,0.5,62,1,0.7194678783416748,83.3949670391067,0.012502034194767475,2.2020106315612793,0.4251968562602997
n1300,n1277,248.0,0.3330078125,64,3,0.7194678783416748,83.3949670391067,-0.02187601663172245,2.758105516433716,0.4488188922405243
n1299,n1276,248.0,0.5,71,1,0.7194678783416748,83.3949670391067,0.009373982436954975,2.199284315109253,0.4645669162273407
n1301,n1278,248.3330078125,0.333984375,57,3,0.6081871390342712,98.65384541881772,0.0,2.7882039546966553,0.4251968562602997
n1302,n1280,248.5,0.5,64,1,1.038559913635254,57.772304912080614,-0.006256103515625,1.3187156915664673,0.4488188922405243
n1303,n1279,248.5,0.5,72,1,1.038559913635254,57.772304912080614,0.006256103515625,1.3325711488723755,0.5039370059967041
n1304,n1281,248.6669921875,0.666015625,52,3,0.6263975501060486,95.78581523800987,0.0,1.4351484775543213,0.3937007784843445
n1305,n1283,249.0,1.5,60,1,0.9016907811164856,66.54165846711574,-0.00650787353515625,0.35744836926460266,0.4488188922405243
n1306,n1282,249.0,1.5,69,1,0.9016907811164856,66.54165846711574,0.00650787353515625,0.3682485818862915,0.4803149700164795
n1308,n1284,249.3330078125,0.333984375,52,3,0.7251461744308472,82.74193826795378,0.0,1.3544461727142334,0.17322835326194763
n1309,n1285,249.6669921875,0.3330078125,45,3,0.8946114182472229,67.06822512678818,0.0,0.33999425172805786,0.33070865273475647
n1312,n1286,250.0,0.3330078125,45,3,0.8946114182472229,67.06822512678818,0.0,1.5933650732040405,0.3937007784843445
n1313,n1287,250.3330078125,0.333984375,52,3,0.48656797409057617,123.31267817645312,0.0,1.886971116065979,0.27559053897857666
n1314,n1288,250.5,1.0,62,1,1.1508588790893555,52.13497596462603,0.0,0.973545253276825,0.5118110179901123
n1315,n1289,250.6669921875,0.3330078125,57,3,0.8226723074913025,72.9330493486124,0.0,0.2580079734325409,0.36220473051071167
n1316,n1290,251.0,0.3330078125,59,3,0.9040047526359558,66.37133247922436,0.0,2.57494854927063,0.4488188922405243
n1317,n1291,251.3330078125,0.333984375,56,3,0.6207054257392883,96.66421060930357,0.0,2.8480992317199707,0.3700787425041199
n1318,n1292,251.5,0.5,64,1,1.2288011312484741,48.82808004826575,0.0,1.1768600940704346,0.5275590419769287
n1319,n1293,251.6669921875,0.666015625,47,3,0.819556474685669,73.21033004224911,0.0,1.1169482469558716,0.3858267664909363
n1320,n1294,252.0,2.0,65,1,0.8649193644523621,69.37062859956892,0.0,0.5489155054092407,0.5275590419769287
n1322,n1295,252.3330078125,0.333984375,52,3,0.7750365734100342,77.41570147587979,0.0,1.2669222354888916,0.3700787425041199
n1323,n1296,252.6669921875,0.3330078125,44,3,0.9071664214134216,66.14001420656231,0.0,0.2691909372806549,0.29133859276771545
n1325,n1297,253.0,0.3330078125,45,3,0.8492485284805298,70.650696454372,0.0,2.572094440460205,0.3937007784843445
n1326,n1298,253.3330078125,0.333984375,50,3,0.6534174084663391,91.82491807316289,0.0,2.6804237365722656,0.23622047901153564
n1327,n1299,253.6669921875,0.666015625,57,3,0.7507331371307373,79.92187507443305,0.0,1.2396780252456665,0.36220473051071167
n1328,n1300,254.0,0.5,64,1,0.783586859703064,76.57096243642559,0.0,1.2482681274414062,0.4409448802471161
n1330,n1301,254.3330078125,0.333984375,53,3,0.879477322101593,68.22233898723438,0.0,1.1892133951187134,0.32283464074134827
n1331,n1302,254.5,1.0,62,1,1.1977338790893555,50.09460035113841,0.0,0.49012038111686707,0.4960629940032959
n1332,n1303,254.6669921875,0.3330078125,48,3,1.7579270601272583,34.13110894126434,0.0,-0.8582693934440613,0.3937007784843445
n1333,n1305,255.0,0.3330078125,50,3,0.359375,166.95652173913044,0.0,2.9057888984680176,0.33070865273475647
n1335,n1306,255.5,1.0,60,1,1.2507309913635254,47.971946337228786,0.0,1.2611887454986572,0.4881889820098877
n1336,n1307,255.6669921875,0.3330078125,45,3,1.3575879335403442,44.19603218152568,0.0,0.16917309165000916,0.36220473051071167
n1338,n1308,256.0,0.3330078125,33,3,1.3121792078018188,45.72546161626265,0.0,2.4190521240234375,0.4173228442668915
n1339,n1309,256.3330078125,0.333984375,45,3,1.1852155923843384,50.62370119456155,0.0,2.2629973888397217,0.32283464074134827
n1340,n1310,256.5,1.5,58,1,1.344298243522644,44.63295276111795,0.0,0.4330611228942871,0.4566929042339325
n1341,n1311,256.6669921875,0.3330078125,50,3,0.9384164214134216,63.93750005954644,0.0,2.2413318157196045,0.32283464074134827
n1343,n1312,257.0,0.3330078125,53,3,1.096361756324768,54.726462003866715,0.0,1.6741070747375488,0.4015747904777527
n1344,n1313,257.3330078125,0.333984375,50,3,1.0338999032974243,58.032697177590954,0.0,1.212122917175293,0.36220473051071167
n1345,n1314,257.6669921875,0.666015625,46,3,1.245005488395691,48.19255863467378,0.0,0.8309349417686462,0.3779527544975281
n1346,n1315,258.0,0.5,62,1,1.327850103378296,45.18582319446217,0.0,0.6755390167236328,0.4409448802471161
n1348,n1316,258.3330078125,0.333984375,53,3,1.64674711227417,36.43546695955006,0.0,0.1687420904636383,0.3700787425041199
n1349,n1317,258.5,1.5,60,1,2.0834248065948486,28.798735529152143,0.0,2.325179100036621,0.4251968562602997
n1350,n1318,258.6669921875,0.3330078125,45,3,2.6917154788970947,22.290617440957927,0.0,0.06072361767292023,0.25984251499176025
n1352,n1319,259.0,0.3330078125,33,3,2.477410078048706,24.218840688360352,0.0,4.127204895019531,0.3937007784843445
n1353,n1320,259.3330078125,0.333984375,40,3,1.4190881252288818,42.28067230872129,0.0,4.841833591461182,0.3779527544975281
n1354,n1321,259.6669921875,0.3330078125,45,3,1.0760630369186401,55.75881518225268,0.0,5.1940531730651855,0.4094488322734833
n1356,n1322,260.0,0.3330078125,48,3,1.065111756324768,56.33211692924468,0.0036468505859375,5.169265270233154,0.4251968562602997
n1355,n1323,260.0,2.0,57,1,1.065111756324768,56.33211692924468,-0.0036468505859375,2.58206844329834,0.4094488322734833
n1357,n1324,260.3330078125,0.333984375,52,3,1.0806834697723389,55.52041988079992,0.0,5.1030168533325195,0.4251968562602997
n1358,n1325,260.6669921875,0.3330078125,57,3,1.0572763681411743,56.749589613440044,0.0,5.0962324142456055,0.4094488322734833
n1359,n1326,261.0,0.3330078125,60,3,1.3231762647628784,45.34543250044799,0.0,4.729775428771973,0.4094488322734833
n1360,n1327,261.3330078125,0.333984375,64,3,1.5610380172729492,38.43596333727786,0.0,4.431628227233887,0.3858267664909363
n1361,n1328,261.6669921875,0.3330078125,69,3,3.6373870372772217,16.495357624882615,0.0,3.147005796432495,0.34645670652389526
n1362,n1329,262.0,3.0,60,3,3.1728031635284424,18.91072244559748,0.0883687362074852,0.013331015594303608,0.31496062874794006
n1363,n1330,262.0,3.0,64,3,3.1728031635284424,18.91072244559748,0.013371785171329975,0.002023736946284771,0.3937007784843445
n1364,n1331,262.0,3.0,69,3,3.1728031635284424,18.91072244559748,-0.1017405167222023,-0.015503999777138233,0.4566929042339325
