score_id,performance_id,onset_beat,duration_beat,pitch,voice,beat_period,tempo_bpm,timing,articulation_log,velocity_norm
n1,P00_n1,0.0,3.0,57,3,0.6353124976158142,94.44171211044421,0.008437500335276127,-0.06161652132868767,0.5118110179901123
n2,P00_n2,0.0,3.0,60,3,0.6353124976158142,94.44171211044421,0.002187500474974513,-0.07351509481668472,0.6062992215156555
n3,P00_n3,0.0,3.0,64,3,0.6353124976158142,94.44171211044421,-0.021562501788139343,-0.08953406661748886,0.5118110179901123
n0,P00_n0,0.0,1.0,76,1,0.6353124976158142,94.44171211044421,0.01093750074505806,-0.0825037956237793,0.5039370059967041
n4,P00_n4,1.0,0.5,81,1,0.5425000190734863,110.59907445251625,0.0,1.096429705619812,0.5590550899505615
n5,P00_n5,1.5,0.5,79,1,0.6200000047683716,96.77419280410433,0.0,1.5396591424942017,0.6692913174629211
n6,P00_n6,2.0,1.0,81,1,0.5909374952316284,101.53358093563168,0.0,0.15672551095485687,0.6377952694892883
n8,P00_n7,3.0,3.0,55,3,0.6081249713897705,98.66393064386055,0.01093745231628418,0.013283242471516132,0.5433070659637451
n9,P00_n9,3.0,3.0,60,3,0.6081249713897705,98.66393064386055,-0.002812504768371582,-0.031478188931941986,0.5118110179901123
n10,P00_n10,3.0,3.0,64,3,0.6081249713897705,98.66393064386055,-0.006562471389770508,-0.042634375393390656,0.5590550899505615
n7,P00_n8,3.0,0.5,79,1,0.6081249713897705,98.66393064386055,-0.0015624761581420898,0.1505196988582611,0.6062992215156555
n11,P00_n11,3.5,0.5,81,1,0.5500001907348633,109.09087125921378,0.0,2.506352186203003,0.6062992215156555
n12,P00_n12,4.0,1.0,76,1,0.6062500476837158,98.96906438068001,0.0,-0.002977767726406455,0.6377952694892883
n13,P00_n13,5.0,1.0,76,1,0.5949999690055847,100.84034138737381,0.0,0.1979394555091858,0.4724409580230713
n15,P00_n16,6.0,3.0,53,3,0.5900000333786011,101.69490950095964,-0.004999935626983643,0.07252243906259537,0.4724409580230713
n16,P00_n17,6.0,3.0,60,3,0.5900000333786011,101.69490950095964,-0.00875002145767212,0.07639284431934357,0.5590550899505615
n17,P00_n15,6.0,3.0,64,3,0.5900000333786011,101.69490950095964,0.0012499690055847168,0.09177147597074509,0.5748031735420227
n14,P00_n14,6.0,1.5,74,1,0.5900000333786011,101.69490950095964,0.012499988079071045,0.14341919124126434,0.4881889820098877
n18,P00_n18,7.5,0.5,76,1,0.6075000762939453,98.76541969513822,0.0,1.590887188911438,0.6062992215156555
n19,P00_n19,8.0,0.5,79,1,0.6099996566772461,98.36071109749214,0.0,1.1933847665786743,0.5433070659637451
n20,P00_n20,8.5,0.5,74,1,0.619999885559082,96.77421141117675,0.0,0.34501200914382935,0.5118110179901123
n22,P00_n22,9.0,0.5,52,3,0.5837502479553223,102.78368225137292,-0.0025000572204589844,0.23075273633003235,0.4881889820098877
n21,P00_n21,9.0,0.5,76,1,0.5837502479553223,102.78368225137292,0.0025000572204589844,0.23075273633003235,0.4881889820098877
n24,P00_n23,9.5,0.5,60,3,0.6549997329711914,91.60309077963998,0.005625009536743164,0.13650263845920563,0.4173228442668915
n23,P00_n24,9.5,0.5,69,1,0.6549997329711914,91.60309077963998,-0.005625009536743164,0.08551864326000214,0.4173228442668915
n26,P00_n26,10.0,2.0,59,3,0.6215626001358032,96.53090450887939,-0.020624876022338867,-0.01384782325476408,0.4566929042339325
n25,P00_n25,10.0,2.0,68,1,0.6215626001358032,96.53090450887939,0.020624876022338867,-0.010921535082161427,0.5590550899505615
n28,P00_n27,12.0,0.5,53,3,0.5974998474121094,100.41843568642223,0.0,1.0792732238769531,0.3700787425041199
n27,P00_n28,12.0,1.0,81,1,0.5974998474121094,100.41843568642223,0.0,0.07641347497701645,0.5118110179901123
n29,P00_n29,12.5,0.5,57,3,0.5699996948242188,105.26321425225201,0.0,0.22780673205852509,0.4566929042339325
n31,P00_n30,13.0,2.0,64,3,0.6125001907348633,97.95915316861112,0.0,0.005876139272004366,0.4566929042339325
n30,P00_n31,13.0,0.5,84,1,0.6125001907348633,97.95915316861112,0.0,0.005876139272004366,0.5433070659637451
n32,P00_n32,13.5,0.5,83,1,0.5874996185302734,102.12772588703943,0.0,1.6548655033111572,0.5275590419769287
n33,P00_n33,14.0,1.0,81,1,0.6162505149841309,97.36300180056655,0.0,0.03754851594567299,0.5590550899505615
n35,P00_n35,15.0,0.5,50,3,0.6537485122680664,91.77841153602088,-0.006249904632568359,-0.08229660242795944,0.4173228442668915
n34,P00_n34,15.0,0.5,86,1,0.6537485122680664,91.77841153602088,0.006249904632568359,-0.07646752893924713,0.4881889820098877
n37,P00_n37,15.5,0.5,57,3,0.6025009155273438,99.5849109166656,-0.006875038146972656,0.05289275571703911,0.4566929042339325
n36,P00_n36,15.5,0.5,84,1,0.6025009155273438,99.5849109166656,0.006875038146972656,0.023746438324451447,0.4409448802471161
n39,P00_n39,16.0,1.0,64,3,0.6131253242492676,97.859275464549,-0.010624885559082031,0.01317457016557455,0.34645670652389526
n38,P00_n38,16.0,1.0,83,1,0.6131253242492676,97.859275464549,0.010624885559082031,-0.025220701470971107,0.3700787425041199
n41,P00_n40,17.0,1.0,65,3,0.6031246185302734,99.48192820616613,0.006249904632568359,0.09404443204402924,0.34645670652389526
n40,P00_n41,17.0,1.0,81,1,0.6031246185302734,99.48192820616613,-0.006249904632568359,0.06289569288492203,0.4566929042339325
n43,P00_n42,18.0,0.5,52,3,0.5587491989135742,107.38270429141257,0.003124713897705078,1.719433069229126,0.4173228442668915
n42,P00_n43,18.0,1.5,79,1,0.5587491989135742,107.38270429141257,-0.003124713897705078,0.12266124039888382,0.5748031735420227
n44,P00_n44,18.5,0.5,59,3,0.6150016784667969,97.56070934567266,0.0,1.0546610355377197,0.34645670652389526
n45,P00_n45,19.0,2.0,67,3,0.6374988555908203,94.11781601457666,0.0,-0.0606602318584919,0.3700787425041199
n46,P00_n46,19.5,0.5,76,1,0.6100006103515625,98.36055732045926,0.0,1.5691070556640625,0.4409448802471161
n47,P00_n47,20.0,0.5,79,1,0.5900001525878906,101.69488895354476,0.0,1.0272496938705444,0.29133859276771545
n48,P00_n48,20.5,0.5,81,1,0.5962486267089844,100.62916258805014,0.0,-0.08406094461679459,0.34645670652389526
n50,P00_n50,21.0,3.0,45,4,0.6687507629394531,89.7195238122401,-0.015625,-0.10146476328372955,0.20472441613674164
n49,P00_n49,21.0,3.0,81,1,0.6687507629394531,89.7195238122401,0.015625,-0.13463164865970612,0.29133859276771545
n52,P00_n51,21.5,0.5,59,3,0.6687507629394531,89.7195238122401,0.0012502670288085938,2.217374086380005,0.29133859276771545
n51,P00_n52,21.5,0.5,74,2,0.6687507629394531,89.7195238122401,-0.0012502670288085938,2.213890552520752,0.20472441613674164
n54,P00_n54,22.0,2.0,57,3,1.1090621948242188,54.09976129382872,-0.010624885559082031,-0.8202166557312012,0.31496062874794006
n53,P00_n53,22.0,2.0,73,2,1.1090621948242188,54.09976129382872,0.010624885559082031,-0.8317467570304871,0.3937007784843445
n55,P01_n0,24.0,1.0,76,1,0.6100006103515625,98.36055732045926,0.0,-0.02384812757372856,0.5039370059967041
n56,P01_n1,24.5,0.25,72,2,0.6699981689453125,89.55248354551459,0.0,0.8226579427719116,0.4566929042339325
n57,P01_n2,24.75,0.25,71,2,0.6725044250488281,89.21874379583988,0.0,-0.371032178401947,0.5275590419769287
n59,P01_n4,25.0,0.25,69,2,0.6824989318847656,87.91222549507303,-0.010624885559082031,0.9570937156677246,0.4881889820098877
n58,P01_n3,25.0,1.5,81,1,0.6824989318847656,87.91222549507303,0.010624885559082031,-0.26620641350746155,0.5433070659637451
n60,P01_n5,25.25,0.25,68,2,0.6899948120117188,86.95717555479384,0.0,1.9602646827697754,0.5433070659637451
n61,P01_n6,25.5,0.25,69,2,0.6350021362304688,94.48787110571782,0.0,1.6551666259765625,0.5118110179901123
n62,P01_n7,25.75,0.25,71,2,0.6349983215332031,94.48843873339702,0.0,1.1093511581420898,0.5748031735420227
n64,P01_n9,26.0,0.25,57,3,0.6525039672851562,91.9534638994446,-0.005000114440917969,0.15199436247348785,0.5118110179901123
n63,P01_n8,26.0,0.25,72,2,0.6525039672851562,91.9534638994446,0.005000114440917969,0.22001272439956665,0.5748031735420227
n66,P01_n11,26.25,0.25,59,3,0.6824989318847656,87.91222549507303,-0.0006246566772460938,-0.6833639144897461,0.5748031735420227
n65,P01_n10,26.25,0.25,74,2,0.6824989318847656,87.91222549507303,0.0006246566772460938,-0.8833014965057373,0.5748031735420227
n69,P01_n14,26.5,0.25,60,3,0.6350021362304688,94.48787110571782,-0.010000228881835938,0.7186695337295532,0.4566929042339325
n68,P01_n13,26.5,0.5,76,2,0.6350021362304688,94.48787110571782,-0.0012493133544921875,-0.24049662053585052,0.4881889820098877
n67,P01_n12,26.5,0.5,81,1,0.6350021362304688,94.48787110571782,0.011249542236328125,-0.2882498800754547,0.5433070659637451
n70,P01_n15,26.75,0.25,62,3,0.45749664306640625,131.14850329358794,0.0,-0.00789457093924284,0.4173228442668915
n72,P01_n16,27.0,1.25,64,3,0.597503662109375,100.41779457582103,0.00812530517578125,-0.4090225398540497,0.4566929042339325
n71,P01_n17,27.0,0.5,79,1,0.597503662109375,100.41779457582103,-0.00812530517578125,-0.2788238227367401,0.4173228442668915
n73,P01_n18,27.25,0.25,72,2,0.6399993896484375,93.75008940705243,0.0,1.3442972898483276,0.4409448802471161
n75,P01_n20,27.5,0.25,71,2,0.6149978637695312,97.56131449341885,-0.0025005340576171875,0.6795423626899719,0.5433070659637451
n74,P01_n19,27.5,0.5,81,1,0.6149978637695312,97.56131449341885,0.0025005340576171875,-0.2986533045768738,0.5433070659637451
n76,P01_n21,27.75,0.25,69,2,0.6200027465820312,96.77376484341352,0.0,-0.4947710931301117,0.5590550899505615
n78,P01_n24,28.0,1.25,67,2,0.595001220703125,100.84012925065394,-0.00749969482421875,-0.29490789771080017,0.3700787425041199
n77,P01_n23,28.0,2.0,76,1,0.595001220703125,100.84012925065394,0.00749969482421875,-0.0571928508579731,0.4724409580230713
n80,P01_n25,28.25,0.25,63,3,0.6749954223632812,88.88949170933505,0.0,2.552550792694092,0.5275590419769287
n81,P01_n26,28.5,0.25,64,3,0.6350021362304688,94.48787110571782,0.0,0.881675124168396,0.5590550899505615
n82,P01_n27,28.75,0.25,65,3,0.5400009155273438,111.11092273131861,0.0,2.297677993774414,0.5118110179901123
n84,P01_n28,29.0,0.5,64,3,0.6449966430664062,93.02373996049255,0.0,0.7200992703437805,0.5590550899505615
n85,P01_n30,29.25,0.25,72,2,0.597503662109375,100.41779457582103,0.0,0.9000242352485657,0.6062992215156555
n87,P01_n31,29.5,0.5,55,3,0.5224990844726562,114.83273709571439,0.0018749237060546875,2.468652610332356e-06,0.5748031735420227
n86,P01_n32,29.5,0.25,71,2,0.5224990844726562,114.83273709571439,-0.0018749237060546875,0.7520750164985657,0.6062992215156555
n88,P01_n33,29.75,0.25,72,2,0.5800018310546875,103.44794927784062,0.0,-0.15754587948322296,0.6377952694892883
n91,P01_n34,30.0,0.5,53,3,0.5550003051757812,108.10804866313836,0.003749847412109375,1.6339434385299683,0.6062992215156555
n89,P01_n35,30.0,1.5,74,1,0.5550003051757812,108.10804866313836,0.0,-3.4724884033203125,0.4173228442668915
n90,P01_n36,30.0,0.25,74,2,0.5550003051757812,108.10804866313836,-0.003749847412109375,2.619211196899414,0.5275590419769287
n92,P01_n37,30.25,0.25,72,2,0.6899986267089844,86.95669480702568,0.0,2.061403512954712,0.5275590419769287
n94,P01_n39,30.5,0.25,65,3,0.5699958801269531,105.26391872628345,-0.0012502670288085938,1.941907525062561,0.6062992215156555
n93,P01_n38,30.5,1.75,71,2,0.5699958801269531,105.26391872628345,0.0012502670288085938,-1.7393676042556763,0.4881889820098877
n95,P01_n40,30.75,0.25,64,3,0.5999984741210938,100.0002543137978,0.0,1.4418412446975708,0.6062992215156555
n97,P01_n41,31.0,0.25,62,3,0.5600051879882812,107.14186455225406,0.0,1.9837945699691772,0.5433070659637451
n98,P01_n43,31.25,0.25,60,3,0.6199989318847656,96.77436026801371,0.0,0.9765435457229614,0.5748031735420227
n100,P01_n45,31.5,0.25,59,3,0.6049995422363281,99.17362875716438,-0.0037508010864257812,0.7676383256912231,0.4881889820098877
n99,P01_n44,31.5,0.5,76,1,0.6049995422363281,99.17362875716438,0.0037508010864257812,-0.19776302576065063,0.5433070659637451
n101,P01_n46,31.75,0.25,60,3,0.6175003051757812,97.16594388227881,0.0,-0.47263452410697937,0.5590550899505615
n104,P01_n48,32.0,0.5,62,3,0.5674972534179688,105.7273839452563,-0.003124237060546875,0.9548182487487793,0.4881889820098877
n102,P01_n47,32.0,1.0,79,1,0.5674972534179688,105.7273839452563,0.003124237060546875,-0.03212561830878258,0.6377952694892883
n105,P01_n50,32.25,0.25,69,2,0.5700035095214844,105.26250978764983,0.0,1.5334233045578003,0.5433070659637451
n107,P01_n51,32.5,0.5,53,3,0.5050010681152344,118.81162989205562,0.0012502670288085938,0.11657256633043289,0.5275590419769287
n106,P01_n52,32.5,0.25,71,2,0.5050010681152344,118.81162989205562,-0.0012502670288085938,1.0966730117797852,0.4724409580230713
n108,P01_n53,32.75,0.25,72,2,0.6674995422363281,89.88770209337014,0.0,-0.17805196344852448,0.5118110179901123
n110,P01_n55,33.0,0.25,71,2,0.5825004577636719,103.00421089856515,-0.0031251907348632812,1.9073021411895752,0.3937007784843445
n109,P01_n54,33.0,1.25,76,1,0.5825004577636719,103.00421089856515,0.0031251907348632812,-0.4014805853366852,0.5118110179901123
n111,P01_n56,33.25,0.25,69,2,0.5999984741210938,100.0002543137978,0.0,1.4329631328582764,0.6062992215156555
n113,P01_n58,33.5,0.25,52,3,0.6449966430664062,93.02373996049255,-0.0012493133544921875,0.6682603359222412,0.5748031735420227
n112,P01_n57,33.5,2.5,68,2,0.6449966430664062,93.02373996049255,0.0012493133544921875,-2.6466474533081055,0.5433070659637451
n114,P01_n59,33.75,0.25,50,3,0.69000244140625,86.9562140645732,0.0,-0.6490979790687561,0.5433070659637451
n117,P01_n62,34.0,0.5,52,3,0.595001220703125,100.84012925065394,0.0,1.953802227973938,0.5118110179901123
n118,P01_n63,34.25,0.25,75,1,0.7099990844726562,84.5071512233911,0.0,2.5013065338134766,0.6377952694892883
n120,P01_n65,34.5,0.25,64,3,0.625,96.0,-0.00749969482421875,0.9290335774421692,0.5275590419769287
n119,P01_n64,34.5,0.25,76,1,0.625,96.0,0.00749969482421875,2.4200780391693115,0.5590550899505615
n122,P01_n67,34.75,0.25,62,3,0.5675010681152344,105.7266732541491,-0.003749847412109375,1.049965739250183,0.5118110179901123
n121,P01_n66,34.75,0.25,78,1,0.5675010681152344,105.7266732541491,0.003749847412109375,2.2555978298187256,0.5433070659637451
n124,P01_n69,35.0,0.25,64,3,0.6149978637695312,97.56131449341885,-0.008124351501464844,1.7751669883728027,0.5590550899505615
n123,P01_n68,35.0,0.25,80,1,0.6149978637695312,97.56131449341885,0.008124351501464844,1.6197329759597778,0.5590550899505615
n126,P01_n71,35.25,0.25,62,3,0.5850028991699219,102.56359427472205,-0.0031251907348632812,1.3775556087493896,0.4724409580230713
n125,P01_n70,35.25,0.25,81,1,0.5850028991699219,102.56359427472205,0.0031251907348632812,1.3964146375656128,0.6062992215156555
n128,P01_n73,35.5,0.25,60,3,0.6824989318847656,87.91222549507303,-0.00812530517578125,0.43862658739089966,0.5748031735420227
n127,P01_n72,35.5,0.25,83,1,0.6824989318847656,87.91222549507303,0.00812530517578125,0.5292969346046448,0.4724409580230713
n130,P01_n75,35.75,0.25,59,3,0.5866661071777344,102.27282480769355,-0.005000114440917969,-0.06711281090974808,0.4173228442668915
n129,P01_n74,35.75,0.25,80,1,0.5866661071777344,102.27282480769355,0.005000114440917969,-0.23061154782772064,0.5433070659637451
n133,P01_n78,36.0,0.25,57,3,0.5683364868164062,105.57126172929,-0.00208282470703125,1.5764681100845337,0.3700787425041199
n132,P01_n76,36.0,0.5,72,2,0.5683364868164062,105.57126172929,0.0029163360595703125,0.5891790986061096,0.5118110179901123
n131,P01_n77,36.0,0.75,81,1,0.5683364868164062,105.57126172929,-0.0008335113525390625,-0.012756449170410633,0.4724409580230713
n134,P01_n79,36.25,0.25,60,3,0.6349983215332031,94.48843873339702,0.0,0.8442091345787048,0.5275590419769287
n136,P01_n80,36.5,0.25,59,3,0.6266644597053528,95.74501804077258,0.0024995803833007812,-0.25537586212158203,0.5748031735420227
n135,P01_n81,36.5,0.25,74,2,0.6266644597053528,95.74501804077258,-0.0024995803833007812,-0.32576513290405273,0.6062992215156555
n139,P01_n84,36.75,0.25,60,3,0.5408312678337097,110.94033124291974,-0.0045839943923056126,-0.0988951325416565,0.3937007784843445
n138,P01_n83,36.75,0.75,72,2,0.5408312678337097,110.94033124291974,-0.0020834605675190687,-1.669643759727478,0.4566929042339325
n137,P01_n82,36.75,0.25,76,1,0.5408312678337097,110.94033124291974,0.006667455192655325,-0.15719372034072876,0.6062992215156555
n142,P01_n85,37.0,0.25,62,3,0.5075035095214844,118.2257834168928,0.010624885559082031,2.274233341217041,0.3937007784843445
n140,P01_n87,37.0,2.0,77,1,0.5075035095214844,118.2257834168928,-0.010624885559082031,0.18952251970767975,0.4566929042339325
n143,P01_n88,37.25,0.25,60,3,0.6499977111816406,92.3080173481305,0.0,0.9201517701148987,0.4173228442668915
n145,P01_n89,37.5,0.25,59,3,0.5850028991699219,102.56359427472205,0.0024995803833007812,2.5992698669433594,0.4409448802471161
n144,P01_n90,37.5,0.5,69,2,0.5850028991699219,102.56359427472205,-0.0024995803833007812,0.6094083786010742,0.4566929042339325
n146,P01_n91,37.75,0.25,60,3,0.6624984741210938,90.56624632924512,0.0,2.1571691036224365,0.5118110179901123
n148,P01_n93,38.0,0.75,62,3,0.5524978637695312,108.5977049587804,-0.003124237060546875,0.46634429693222046,0.5118110179901123
n147,P01_n92,38.0,0.25,71,2,0.5524978637695312,108.5977049587804,0.003124237060546875,2.063852071762085,0.6062992215156555
n149,P01_n94,38.25,0.25,69,2,0.625,96.0,0.0,1.4895429611206055,0.4881889820098877
n150,P01_n95,38.5,0.25,67,2,0.5700035095214844,105.26250978764983,0.0,0.9936496019363403,0.4409448802471161
n152,P01_n96,38.75,0.25,57,3,0.6049969792366028,99.17404889477166,0.006249427795410156,-0.011965428479015827,0.4173228442668915
n151,P01_n97,38.75,0.25,65,2,0.6049969792366028,99.17404889477166,-0.006249427795410156,-0.15067170560359955,0.4881889820098877
n155,P01_n98,39.0,0.25,59,3,0.6250025629997253,95.99960632485657,0.0050004324875772,1.8639326095581055,0.5118110179901123
n154,P01_n99,39.0,1.0,64,2,0.6250025629997253,95.99960632485657,-0.0012499490985646844,-0.15521860122680664,0.4409448802471161
n153,P01_n100,39.0,0.75,79,1,0.6250025629997253,95.99960632485657,-0.0037504832725971937,-0.2792896628379822,0.4881889820098877
n156,P01_n101,39.25,0.25,55,3,0.6149978637695312,97.56131449341885,0.0,1.0518438816070557,0.6062992215156555
n157,P01_n102,39.5,0.25,57,3,0.6599998474121094,90.90911192671156,0.0,0.6280315518379211,0.6377952694892883
n159,P01_n104,39.75,0.25,55,3,0.6100018620491028,98.36035548883329,-0.0012502670288085938,-0.5557023882865906,0.5275590419769287
n158,P01_n103,39.75,0.25,71,1,0.6100018620491028,98.36035548883329,0.0012502670288085938,-0.6639552712440491,0.5433070659637451
n162,P01_n106,40.0,0.25,57,3,0.6000010371208191,99.99982714682893,0.0012505849590525031,2.935457468032837,0.4409448802471161
n161,P01_n107,40.0,0.5,69,2,0.6000010371208191,99.99982714682893,-0.0037504832725971937,1.003000020980835,0.5433070659637451
n160,P01_n105,40.0,2.0,72,1,0.6000010371208191,99.99982714682893,0.0024998981971293688,-0.06454265117645264,0.6377952694892883
n163,P01_n108,40.25,0.25,59,3,0.6049995422363281,99.17362875716438,0.0,1.0059504508972168,0.5433070659637451
n165,P01_n109,40.5,0.25,60,3,0.6150016784667969,97.56070934567266,0.0024995803833007812,0.9703709483146667,0.5590550899505615
n164,P01_n110,40.5,0.5,64,2,0.6150016784667969,97.56070934567266,-0.0024995803833007812,1.2349010705947876,0.6062992215156555
n166,P01_n111,40.75,0.25,59,3,0.5949974060058594,100.840775765347,0.0,2.2241296768188477,0.5118110179901123
n168,P01_n112,41.0,0.75,60,3,0.5649986267089844,106.19494838330712,0.0024995803833007812,0.37949684262275696,0.5275590419769287
n167,P01_n113,41.0,0.25,69,2,0.5649986267089844,106.19494838330712,-0.0024995803833007812,1.9480088949203491,0.5275590419769287
n169,P01_n114,41.25,0.25,67,2,0.5900039672851562,101.69423144065276,0.0,1.470494031906128,0.4881889820098877
n170,P01_n115,41.5,0.25,65,2,0.55999755859375,107.1433242506812,0.0,0.9068968296051025,0.5433070659637451
n172,P01_n117,41.75,0.25,48,3,0.6349995732307434,94.48825247981301,-0.003749847412109375,-0.3887708783149719,0.6062992215156555
n171,P01_n116,41.75,0.25,64,2,0.6349995732307434,94.48825247981301,0.003749847412109375,-0.3162584602832794,0.5590550899505615
n175,P01_n118,42.0,0.75,50,3,0.4249979555606842,141.17714971321263,0.022500356659293175,0.29567235708236694,0.5118110179901123
n174,P01_n119,42.0,0.25,62,2,0.4249979555606842,141.17714971321263,-0.007500330451875925,1.197946310043335,0.3937007784843445
n173,P01_n120,42.0,0.5,77,1,0.4249979555606842,141.17714971321263,-0.015000025741755962,0.2126678079366684,0.5275590419769287
n176,P01_n121,42.25,0.25,60,2,0.5825004577636719,103.00421089856515,0.0,0.856911838054657,0.6062992215156555
n178,P01_n123,42.5,0.25,62,2,0.5575027465820312,107.62278817073337,-0.0006246566772460938,0.8284496068954468,0.6062992215156555
n177,P01_n122,42.5,0.5,71,1,0.5575027465820312,107.62278817073337,0.0006246566772460938,-0.17155037820339203,0.6062992215156555
n180,P01_n125,42.75,0.25,45,3,0.628332793712616,95.49079818909235,-0.0012502670288085938,-0.5140253305435181,0.4566929042339325
n179,P01_n124,42.75,0.25,64,2,0.628332793712616,95.49079818909235,0.0012502670288085938,-0.4977235198020935,0.5275590419769287
n183,P01_n126,43.0,1.0,50,3,0.5216649174690247,115.0163601016215,0.019583383575081825,0.16222719848155975,0.5275590419769287
n182,P01_n128,43.0,1.5,65,2,0.5216649174690247,115.0163601016215,-0.015416462905704975,-0.5152269601821899,0.4173228442668915
n181,P01_n127,43.0,0.25,72,1,0.5216649174690247,115.0163601016215,-0.0041669211350381374,-0.5152269601821899,0.5118110179901123
n184,P01_n129,43.25,0.25,71,1,0.6450042724609375,93.02263963473776,0.0,0.9660431146621704,0.4724409580230713
n185,P01_n130,43.5,0.25,69,1,0.6199951171875,96.77495569994093,0.0,0.8206021785736084,0.5118110179901123
n186,P01_n131,43.75,0.25,71,1,0.597503662109375,100.41779457582103,0.0,-0.3159131705760956,0.4566929042339325
n189,P01_n132,44.0,0.75,62,3,0.5124969482421875,117.07386786554322,0.00812530517578125,0.04844897612929344,0.4173228442668915
n187,P01_n133,44.0,0.25,72,1,0.5124969482421875,117.07386786554322,-0.00812530517578125,-0.35754337906837463,0.4724409580230713
n190,P01_n135,44.25,0.25,71,1,0.6675033569335938,89.88718839652078,0.0,0.6535422801971436,0.4724409580230713
n192,P01_n137,44.5,0.5,69,2,0.6074981689453125,98.76572978675307,-0.0056247711181640625,-0.21056270599365234,0.6062992215156555
n191,P01_n136,44.5,0.25,72,1,0.6074981689453125,98.76572978675307,0.0056247711181640625,-0.5154171586036682,0.6062992215156555
n194,P01_n139,44.75,0.25,60,3,0.6749992370605469,88.88898935839545,-0.0025005340576171875,-0.5222251415252686,0.6062992215156555
n193,P01_n138,44.75,0.25,74,1,0.6749992370605469,88.88898935839545,0.0025005340576171875,-0.4918515086174011,0.5590550899505615
n196,P01_n141,45.0,0.25,59,3,0.5799980163574219,103.44862966397663,-0.0024995803833007812,1.5083460807800293,0.3700787425041199
n195,P01_n140,45.0,0.75,76,1,0.5799980163574219,103.44862966397663,0.0024995803833007812,-0.06356022506952286,0.5748031735420227
n197,P01_n142,45.25,0.25,62,3,0.5900039672851562,101.69423144065276,0.0,0.878898561000824,0.4173228442668915
n198,P01_n143,45.5,0.25,60,3,0.6749992370605469,88.88898935839545,0.0,-0.4329577684402466,0.5433070659637451
n200,P01_n145,45.75,0.25,59,3,0.6024971008300781,99.58554143635915,-0.0012502670288085938,-0.5034914016723633,0.4724409580230713
n199,P01_n144,45.75,0.25,68,1,0.6024971008300781,99.58554143635915,0.0012502670288085938,-0.5205650329589844,0.5433070659637451
n202,P01_n146,46.0,0.25,60,3,0.6125030517578125,97.95869559801699,0.0056247711181640625,2.930633544921875,0.4566929042339325
n201,P01_n147,46.0,2.25,69,1,0.6125030517578125,97.95869559801699,-0.0056247711181640625,-0.25482112169265747,0.4173228442668915
n203,P01_n148,46.25,0.25,59,3,0.625,96.0,0.0,2.692427158355713,0.6062992215156555
n204,P01_n149,46.5,0.25,57,3,0.6200027465820312,96.77376484341352,0.0,2.4636497497558594,0.6062992215156555
n205,P01_n150,46.75,0.25,55,3,0.5999984741210938,100.0002543137978,0.0,2.2249701023101807,0.5275590419769287
n206,P01_n151,47.0,0.25,53,3,0.5749969482421875,104.34837990605844,0.0,1.942420244216919,0.6062992215156555
n207,P01_n152,47.25,0.25,52,3,0.6399993896484375,93.75008940705243,0.0,1.3575533628463745,0.6062992215156555
n208,P01_n153,47.5,0.25,50,3,0.5849990844726562,102.5642630775852,0.0,0.7806892395019531,0.5748031735420227
n209,P01_n154,47.75,0.25,48,3,0.600006103515625,99.99898275774376,0.0,-0.3219428062438965,0.5118110179901123
n211,P01_n155,48.0,0.5,47,3,0.5699996948242188,105.26321425225201,0.0,-0.1962646096944809,0.5433070659637451
n212,P01_n157,48.25,0.25,68,1,0.5674972534179688,105.7273839452563,0.0,-0.18268531560897827,0.6062992215156555
n214,P01_n158,48.5,0.5,56,3,0.5875015258789062,102.12739432504382,0.004375457763671875,-0.2111847996711731,0.5748031735420227
n213,P01_n159,48.5,0.25,69,1,0.5875015258789062,102.12739432504382,-0.004375457763671875,-0.3373618721961975,0.6062992215156555
n215,P01_n160,48.75,0.25,71,1,0.5949974060058594,100.840775765347,0.0,-0.32495588064193726,0.5433070659637451
n217,P01_n162,49.0,0.5,57,3,0.6000022888183594,99.99961853172863,-0.0012502670288085938,-0.20645643770694733,0.4724409580230713
n216,P01_n161,49.0,0.25,72,1,0.6000022888183594,99.99961853172863,0.0012502670288085938,-0.3991014063358307,0.5433070659637451
n218,P01_n163,49.25,0.25,71,1,0.592498779296875,101.26603141900593,0.0,-0.3968872129917145,0.5590550899505615
n220,P01_n165,49.5,0.5,48,3,0.6125030517578125,97.95869559801699,-0.0018749237060546875,-0.2713092267513275,0.5748031735420227
n219,P01_n164,49.5,0.25,72,1,0.6125030517578125,97.95869559801699,0.0018749237060546875,-0.49370163679122925,0.4724409580230713
n221,P01_n166,49.75,0.25,74,1,0.5774955749511719,103.89689999801833,0.0,-0.37600457668304443,0.5590550899505615
n223,P01_n168,50.0,0.5,53,3,0.5525016784667969,108.59695515586702,-0.0006246566772460938,-0.08746727555990219,0.6062992215156555
n222,P01_n167,50.0,0.25,72,1,0.5525016784667969,108.59695515586702,0.0006246566772460938,-0.21805135905742645,0.5433070659637451
n224,P01_n169,50.25,0.25,71,1,0.5974960327148438,100.41907680520973,0.0,-0.2715005874633789,0.5118110179901123
n226,P01_n170,50.5,0.5,50,3,0.5575027465820312,107.62278817073337,0.0018749237060546875,-0.2009941190481186,0.5590550899505615
n225,P01_n171,50.5,0.25,69,1,0.5575027465820312,107.62278817073337,-0.0018749237060546875,-0.34147539734840393,0.4881889820098877
n227,P01_n172,50.75,0.25,67,1,0.5550003051757812,108.10804866313836,0.0,-0.20945419371128082,0.6062992215156555
n229,P01_n173,51.0,1.0,52,3,0.600006103515625,99.99898275774376,0.0012493133544921875,-0.15871235728263855,0.4566929042339325
n228,P01_n174,51.0,0.25,64,1,0.600006103515625,99.99898275774376,-0.0012493133544921875,-0.549353301525116,0.5275590419769287
n230,P01_n175,51.25,0.25,71,1,0.6199951171875,96.77495569994093,0.0,1.321939468383789,0.5275590419769287
n231,P01_n176,51.5,0.25,68,1,0.6199951171875,96.77495569994093,0.0,0.5927095413208008,0.4724409580230713
n232,P01_n177,51.75,0.25,64,1,0.5850067138671875,102.56292548058113,0.0,-0.5305312871932983,0.5275590419769287
n233,P01_n178,52.0,0.25,64,1,0.5749969482421875,104.34837990605844,0.0,-0.7161993980407715,0.4409448802471161
n234,P01_n179,52.25,0.25,72,1,0.6374969482421875,94.11809760884655,0.0,-0.994346559047699,0.4724409580230713
n236,P01_n180,52.5,0.5,57,3,0.6074981689453125,98.76572978675307,0.0006256103515625,-0.3549525737762451,0.4566929042339325
n235,P01_n181,52.5,0.25,69,1,0.6074981689453125,98.76572978675307,-0.0006256103515625,-0.6959894895553589,0.4881889820098877
n237,P01_n182,52.75,0.25,64,1,0.5650100708007812,106.19279743980988,0.0,-0.5913859605789185,0.5118110179901123
n239,P01_n183,53.0,0.75,56,3,0.5899887084960938,101.69686154323622,0.0025005340576171875,-0.20548312366008759,0.4566929042339325
n238,P01_n184,53.0,0.25,64,1,0.5899887084960938,101.69686154323622,-0.0025005340576171875,-0.7951526045799255,0.5275590419769287
n240,P01_n185,53.25,0.25,74,1,0.6100006103515625,98.36055732045926,0.0,0.6238500475883484,0.5748031735420227
n241,P01_n186,53.5,0.25,71,1,0.5800094604492188,103.44658853241782,0.0,-0.2881489396095276,0.5118110179901123
n243,P01_n187,53.75,0.25,62,3,0.5749969482421875,104.34837990605844,0.010000228881835938,-0.14504273235797882,0.5118110179901123
n242,P01_n188,53.75,0.25,65,1,0.5749969482421875,104.34837990605844,-0.010000228881835938,-0.40253889560699463,0.5748031735420227
n245,P01_n189,54.0,1.0,60,3,0.6099929809570312,98.36178755018574,0.0012493133544921875,-0.1825278252363205,0.4724409580230713
n244,P01_n190,54.0,0.25,64,1,0.6099929809570312,98.36178755018574,-0.0012493133544921875,-0.47128912806510925,0.4566929042339325
n246,P01_n191,54.25,0.25,71,1,0.625,96.0,0.0,1.3010022640228271,0.5590550899505615
n247,P01_n192,54.5,0.25,68,1,0.6200103759765625,96.77257401619373,0.0,0.5693415403366089,0.6062992215156555
n248,P01_n193,54.75,0.25,64,1,0.595001220703125,100.84012925065394,0.0,-0.3712587356567383,0.6062992215156555
n249,P01_n194,55.0,0.25,64,1,0.595001220703125,100.84012925065394,0.0,-0.5910399556159973,0.5275590419769287
n250,P01_n195,55.25,0.25,72,1,0.6299972534179688,95.23851044504995,0.0,-0.8275265693664551,0.4724409580230713
n252,P01_n196,55.5,0.5,48,3,0.6099929809570312,98.36178755018574,0.0025005340576171875,-0.34575825929641724,0.4566929042339325
n251,P01_n197,55.5,0.25,69,1,0.6099929809570312,98.36178755018574,-0.0025005340576171875,-0.6453185677528381,0.4724409580230713
n253,P01_n198,55.75,0.25,64,1,0.5825042724609375,103.00353634577603,0.0,-0.5243467092514038,0.4566929042339325
n255,P01_n199,56.0,0.75,50,3,0.5525054931640625,108.59620536330746,0.0006256103515625,-0.11078459024429321,0.5275590419769287
n254,P01_n200,56.0,0.25,64,1,0.5525054931640625,108.59620536330746,-0.0006256103515625,-0.7218276858329773,0.5433070659637451
n256,P01_n201,56.25,0.25,74,1,0.5999908447265625,100.00152590218967,0.0,0.7151832580566406,0.4173228442668915
n257,P01_n202,56.5,0.25,71,1,0.5800018310546875,103.44794927784062,0.0,-0.4317207634449005,0.4566929042339325
n259,P01_n203,56.75,0.25,45,3,0.625,96.0,0.00875091552734375,-0.41119542717933655,0.5590550899505615
n258,P01_n204,56.75,0.25,65,1,0.625,96.0,-0.00875091552734375,-0.6620035171508789,0.5118110179901123
n261,P01_n205,57.0,1.0,44,3,0.6300048828125,95.23735710133695,0.002498626708984375,-0.21906791627407074,0.5118110179901123
n260,P01_n206,57.0,0.25,64,1,0.6300048828125,95.23735710133695,-0.002498626708984375,-0.6197391152381897,0.6062992215156555
n262,P01_n207,57.25,0.25,71,1,0.6049957275390625,99.17425407954804,0.0,1.3385347127914429,0.5275590419769287
n263,P01_n208,57.5,0.25,68,1,0.6100006103515625,98.36055732045926,0.0,0.6084200143814087,0.5433070659637451
n264,P01_n209,57.75,0.25,64,1,0.5800018310546875,103.44794927784062,0.0,-0.4485945701599121,0.6062992215156555
n265,P01_n210,58.0,0.25,64,1,0.5800018310546875,103.44794927784062,0.0,-0.6485321521759033,0.5748031735420227
n266,P01_n211,58.25,0.25,72,1,0.61749267578125,97.16714441039834,0.0,-0.819067120552063,0.4173228442668915
n268,P01_n212,58.5,0.5,45,3,0.62249755859375,96.38592018825375,0.0006256103515625,-0.36753928661346436,0.6062992215156555
n267,P01_n213,58.5,0.25,69,1,0.62249755859375,96.38592018825375,-0.0006256103515625,-0.7505428791046143,0.5748031735420227
n269,P01_n214,58.75,0.25,64,1,0.5750045776367188,104.3469953693261,0.0,-0.35364848375320435,0.5748031735420227
n271,P01_n215,59.0,0.5,47,3,0.5600051879882812,107.14186455225406,0.0012493133544921875,-0.2916684150695801,0.3937007784843445
n270,P01_n216,59.0,0.25,64,1,0.5600051879882812,107.14186455225406,-0.0012493133544921875,-0.5979148745536804,0.4566929042339325
n272,P01_n217,59.25,0.25,74,1,0.5974960327148438,100.41907680520973,0.0,-0.5085398554801941,0.4173228442668915
n274,P01_n219,59.5,0.5,41,3,0.5824966430664062,103.0048854601894,-0.0018749237060546875,-0.2203216403722763,0.4566929042339325
n273,P01_n218,59.5,0.25,71,1,0.5824966430664062,103.0048854601894,0.0018749237060546875,-0.47186043858528137,0.4881889820098877
n275,P01_n220,59.75,0.25,65,1,0.5050010681152344,118.81162989205562,0.0,-0.13465255498886108,0.4566929042339325
n278,P01_n221,60.0,2.0,40,3,0.7770833969116211,77.21178992944549,0.008749961853027344,-0.41891059279441833,0.3937007784843445
n279,P01_n224,60.0,2.0,56,3,0.7770833969116211,77.21178992944549,-0.009999275207519531,-0.40041425824165344,0.3700787425041199
n276,P01_n223,60.0,2.0,59,1,0.7770833969116211,77.21178992944549,-0.006249427795410156,-0.4407937824726105,0.4409448802471161
n277,P01_n222,60.0,2.0,64,1,0.7770833969116211,77.21178992944549,0.007498741149902344,-0.42201659083366394,0.4566929042339325
n281,P02_n0,63.0,0.25,57,3,0.410003662109375,146.34015630815034,0.0,2.549325704574585,0.4409448802471161
n280,P02_n1,63.0,1.0,76,1,0.410003662109375,146.34015630815034,0.0,0.546316921710968,0.5039370059967041
n282,P02_n2,63.25,0.25,64,3,0.6199951171875,96.77495569994093,0.0,0.9824530482292175,0.5275590419769287
n283,P02_n3,63.5,0.25,60,3,0.6100006103515625,98.36055732045926,0.0,1.1777856349945068,0.5118110179901123
n284,P02_n4,63.75,0.25,64,3,0.7300033569335938,82.19140286153235,0.0,0.08629316836595535,0.6062992215156555
n286,P02_n6,64.0,0.25,57,3,0.6850051879882812,87.59057749067216,-0.016248703002929688,1.6865917444229126,0.4724409580230713
n285,P02_n5,64.0,1.0,81,1,0.6850051879882812,87.59057749067216,0.016248703002929688,-0.2338569164276123,0.5275590419769287
n287,P02_n7,64.25,0.25,64,3,0.654998779296875,91.60322415319386,0.0,0.99448561668396,0.5433070659637451
n288,P02_n8,64.5,0.25,60,3,0.654998779296875,91.60322415319386,0.0,0.5211685299873352,0.5590550899505615
n289,P02_n9,64.75,0.25,64,3,0.6899948120117188,86.95717555479384,0.0,-0.21369577944278717,0.5275590419769287
n291,P02_n11,65.0,0.25,59,3,0.5300064086914062,113.20617829535476,-0.012498855590820312,1.6557663679122925,0.4566929042339325
n290,P02_n10,65.0,0.75,81,1,0.5300064086914062,113.20617829535476,0.012498855590820312,0.15062396228313446,0.4173228442668915
n292,P02_n12,65.25,0.25,65,3,0.4399871826171875,136.3676088087394,0.0,1.3543915748596191,0.4409448802471161
n293,P02_n13,65.5,0.25,62,3,0.6475067138671875,92.6631318487098,0.0,0.2593011260032654,0.5118110179901123
n295,P02_n15,65.75,0.25,65,3,0.649169921875,92.42572395637458,-0.010623931884765625,0.04556497558951378,0.5118110179901123
n294,P02_n14,65.75,0.25,79,1,0.649169921875,92.42572395637458,0.010623931884765625,0.034758228808641434,0.4173228442668915
n298,P02_n18,66.0,0.25,60,3,0.6433258056640625,93.26534000616684,-0.007083892822265625,-0.01879299059510231,0.5118110179901123
n296,P02_n16,66.0,0.25,76,1,0.6433258056640625,93.26534000616684,0.0054168701171875,-0.10058700293302536,0.5118110179901123
n297,P02_n17,66.0,0.25,79,1,0.6433258056640625,93.26534000616684,0.001667022705078125,-0.10058700293302536,0.4724409580230713
n301,P02_n19,66.25,0.25,67,3,0.7100016474723816,84.50684616521815,0.003749847412109375,-0.06228756904602051,0.5590550899505615
n299,P02_n21,66.25,0.25,77,1,0.7100016474723816,84.50684616521815,-0.003749847412109375,-0.25493258237838745,0.4409448802471161
n300,P02_n20,66.25,0.25,81,1,0.7100016474723816,84.50684616521815,0.0,-0.10535625368356705,0.4881889820098877
n304,P02_n24,66.5,0.25,64,3,0.7350056767463684,81.63202257920038,-0.0187505092471838,0.6395202279090881,0.4409448802471161
n302,P02_n22,66.5,0.5,72,1,0.7350056767463684,81.63202257920038,0.02125040628015995,-0.29881665110588074,0.4724409580230713
n303,P02_n23,66.5,0.5,76,1,0.7350056767463684,81.63202257920038,-0.0024998981971293688,-0.28679412603378296,0.5118110179901123
n305,P02_n25,66.75,0.25,67,3,0.5483296513557434,109.42322716207336,0.0,-0.04905126243829727,0.4173228442668915
n308,P02_n26,67.0,0.25,62,3,0.5016682744026184,119.60094560782701,0.010831196792423725,0.3171224296092987,0.4566929042339325
n306,P02_n28,67.0,0.25,74,1,0.5016682744026184,119.60094560782701,-0.0129152936860919,0.051777809858322144,0.4173228442668915
n307,P02_n27,67.0,0.25,77,1,0.5016682744026184,119.60094560782701,0.0020840961951762438,0.22170281410217285,0.4409448802471161
n311,P02_n30,67.25,0.25,69,3,0.6733347773551941,89.10871978969402,-1.271565793103946e-06,-0.16636137664318085,0.4881889820098877
n309,P02_n31,67.25,0.25,76,1,0.6733347773551941,89.10871978969402,-0.0024998981971293688,-0.3590065836906433,0.5118110179901123
n310,P02_n29,67.25,0.25,79,1,0.6733347773551941,89.10871978969402,0.0025011699181050062,-0.2788361608982086,0.4724409580230713
n314,P02_n33,67.5,0.25,65,3,0.5416666865348816,110.76922670623975,-0.0029169719200581312,1.12330961227417,0.4173228442668915
n312,P02_n32,67.5,0.5,71,1,0.5416666865348816,110.76922670623975,0.0058339438401162624,0.02856917679309845,0.4881889820098877
n313,P02_n34,67.5,0.5,74,1,0.5416666865348816,110.76922670623975,-0.0029169719200581312,0.11718348413705826,0.4566929042339325
n315,P02_n35,67.75,0.25,69,3,0.6316630244255066,94.9873550926455,0.0,0.052339766174554825,0.4566929042339325
n318,P02_n36,68.0,0.25,64,3,0.5766703486442566,104.04557845059853,0.0066668190993368626,-0.14923521876335144,0.3937007784843445
n316,P02_n37,68.0,0.25,72,1,0.5766703486442566,104.04557845059853,-0.0008328755502589047,-0.32611289620399475,0.3937007784843445
n317,P02_n38,68.0,0.25,76,1,0.5766703486442566,104.04557845059853,-0.0058339438401162624,-0.3105160593986511,0.5118110179901123
n321,P02_n39,68.25,0.25,71,3,0.568328857421875,105.57267894539011,0.02083333395421505,0.182573139667511,0.4724409580230713
n319,P02_n41,68.25,0.25,74,1,0.568328857421875,105.57267894539011,-0.021666208282113075,-0.28949522972106934,0.5118110179901123
n320,P02_n40,68.25,0.25,77,1,0.568328857421875,105.57267894539011,0.0008328755502589047,-0.02129913866519928,0.4881889820098877
n322,P02_n42,68.5,0.5,68,1,0.6733347773551941,89.10871978969402,0.015416462905704975,-2.1663613319396973,0.5748031735420227
n324,P02_n43,68.5,0.25,68,3,0.6733347773551941,89.10871978969402,-0.0070826211012899876,0.8456112742424011,0.4566929042339325
n323,P02_n44,68.5,0.5,71,1,0.6733347773551941,89.10871978969402,-0.008333842270076275,-1.0845674276351929,0.3937007784843445
n325,P02_n45,68.75,0.25,71,3,0.6416676640510559,93.50634816347228,0.0,-0.17086443305015564,0.5748031735420227
n328,P02_n47,69.0,0.25,57,3,0.5683390498161316,105.57078564179452,0.00041707357740961015,2.0871994495391846,0.5118110179901123
n326,P02_n46,69.0,1.0,72,1,0.5683390498161316,105.57078564179452,0.007916768081486225,0.05701649188995361,0.4409448802471161
n327,P02_n48,69.0,1.0,76,1,0.5683390498161316,105.57078564179452,-0.008333842270076275,0.0631038174033165,0.4566929042339325
n329,P02_n49,69.25,0.25,69,3,0.589996337890625,101.69554647493922,0.0,1.0421783924102783,0.4173228442668915
n330,P02_n50,69.5,0.25,64,3,0.6300048828125,95.23735710133695,0.0,1.0057024955749512,0.5275590419769287
n331,P02_n51,69.75,0.25,69,3,0.671661376953125,89.33072833840701,0.0,-0.0696621984243393,0.6062992215156555
n334,P02_n53,70.0,0.25,60,3,0.6183319091796875,97.0352639241912,0.002918243408203125,1.9169691801071167,0.3937007784843445
n332,P02_n52,70.0,2.0,72,1,0.6183319091796875,97.0352639241912,0.007915496826171875,-1.1656748056411743,0.4881889820098877
n333,P02_n54,70.0,2.0,76,1,0.6183319091796875,97.0352639241912,-0.010833740234375,-1.1205867528915405,0.3937007784843445
n335,P02_n55,70.25,0.25,69,3,0.529998779296875,113.2078079115564,0.0,1.1608260869979858,0.5590550899505615
n336,P02_n56,70.5,0.25,64,3,0.660003662109375,90.90858648911083,0.0,0.8443410396575928,0.5275590419769287
n337,P02_n57,70.75,0.25,69,3,0.80999755859375,74.0742973400648,0.0,-0.6119253039360046,0.5590550899505615
n338,P02_n60,71.0,0.25,57,3,0.5850067138671875,102.56292548058113,0.0,1.8911700248718262,0.34645670652389526
n339,P02_n61,71.25,0.25,64,3,0.6599884033203125,90.91068827595774,0.0,0.966858446598053,0.4409448802471161
n340,P02_n62,71.5,0.25,60,3,0.635009765625,94.48673587081892,0.0,0.5581876039505005,0.4173228442668915
n341,P02_n63,71.75,0.25,64,3,0.6466572880744934,92.78485081125095,0.0,-0.6226120591163635,0.5433070659637451
n344,P02_n65,72.0,0.25,53,3,0.5233408808708191,114.64802806951046,0.00041707357740961015,2.0847368240356445,0.5275590419769287
n342,P02_n66,72.0,1.0,65,1,0.5233408808708191,114.64802806951046,-0.0033327739220112562,0.06839808821678162,0.5433070659637451
n343,P02_n64,72.0,1.0,69,1,0.5233408808708191,114.64802806951046,0.0029157001990824938,0.08798246085643768,0.3700787425041199
n345,P02_n67,72.25,0.25,60,3,0.68499755859375,87.59155306067896,0.0,0.9787886738777161,0.6062992215156555
n346,P02_n68,72.5,0.25,57,3,0.6699981689453125,89.55248354551459,0.0,0.6063400506973267,0.6062992215156555
n347,P02_n69,72.75,0.25,60,3,0.6966705322265625,86.12392404231552,0.0,-0.6794611215591431,0.5590550899505615
n350,P02_n72,73.0,0.25,53,3,0.448333740234375,133.82887482131918,-0.01833343505859375,2.2380127906799316,0.5118110179901123
n348,P02_n70,73.0,1.0,69,1,0.448333740234375,133.82887482131918,0.017917633056640625,0.3272800147533417,0.6062992215156555
n349,P02_n71,73.0,1.0,72,1,0.448333740234375,133.82887482131918,0.000415802001953125,0.28498825430870056,0.5433070659637451
n351,P02_n73,73.25,0.25,60,3,0.6349945068359375,94.4890063678962,0.0,0.9828713536262512,0.5590550899505615
n352,P02_n74,73.5,0.25,57,3,0.625,96.0,0.0,0.8351156115531921,0.5748031735420227
n353,P02_n75,73.75,0.25,60,3,0.7033335566520691,85.30802978547673,0.0,-0.5067804455757141,0.4881889820098877
n356,P02_n78,74.0,0.25,53,3,0.6116688847541809,98.09228733960035,-0.026666006073355675,1.7761274576187134,0.4173228442668915
n354,P02_n76,74.0,1.0,69,1,0.6116688847541809,98.09228733960035,0.0245844516903162,-0.11131172627210617,0.5275590419769287
n355,P02_n77,74.0,1.0,72,1,0.6116688847541809,98.09228733960035,0.0020815532188862562,-0.15004423260688782,0.4409448802471161
n357,P02_n79,74.25,0.25,60,3,0.4900054931640625,122.44760688817613,0.0,1.1199836730957031,0.4566929042339325
n358,P02_n80,74.5,0.25,57,3,0.5800018310546875,103.44794927784062,0.0,0.9364303350448608,0.4566929042339325
n359,P02_n81,74.75,0.25,60,3,0.666656494140625,90.00137331197071,0.0,-0.3174046277999878,0.5118110179901123
n362,P02_n84,75.0,0.25,50,3,0.6216685175895691,96.51445795042257,-0.007083892822265625,-0.6005215644836426,0.4724409580230713
n360,P02_n82,75.0,0.25,67,1,0.6216685175895691,96.51445795042257,0.01291656494140625,-0.43451157212257385,0.5275590419769287
n361,P02_n83,75.0,0.25,71,1,0.6216685175895691,96.51445795042257,-0.005832672119140625,-0.672671377658844,0.5433070659637451
n365,P02_n87,75.25,0.25,57,3,0.660003662109375,90.90858648911083,-0.014165242202579975,-0.7964746356010437,0.3937007784843445
n363,P02_n85,75.25,0.25,69,1,0.660003662109375,90.90858648911083,0.01083246897906065,-0.5366074442863464,0.5118110179901123
n364,P02_n86,75.25,0.25,72,1,0.660003662109375,90.90858648911083,0.0033327739220112562,-0.6181373596191406,0.4566929042339325
n368,P02_n90,75.5,0.25,53,3,0.5566609501838684,107.78553800150998,-0.0116666154935956,0.7481674551963806,0.4566929042339325
n366,P02_n88,75.5,0.5,65,1,0.5566609501838684,107.78553800150998,0.008333842270076275,-0.21376456320285797,0.4173228442668915
n367,P02_n89,75.5,0.5,69,1,0.5566609501838684,107.78553800150998,0.0033327739220112562,-0.1693703979253769,0.34645670652389526
n369,P02_n91,75.75,0.25,57,3,0.5100046992301941,117.64597481271166,0.0,-0.1967051774263382,0.4409448802471161
n372,P02_n94,76.0,0.25,52,3,0.6166636347770691,97.29777566937392,-0.011250813491642475,-0.7764867544174194,0.4724409580230713
n370,P02_n92,76.0,0.25,69,1,0.6166636347770691,97.29777566937392,0.0100008649751544,-0.5034683346748352,0.5433070659637451
n371,P02_n93,76.0,0.25,72,1,0.6166636347770691,97.29777566937392,0.0012499490985646844,-0.6065618395805359,0.5118110179901123
n375,P02_n95,76.25,0.25,59,3,0.7599995732307434,78.94741275306401,0.007916768081486225,-0.7401320338249207,0.5275590419769287
n373,P02_n96,76.25,0.25,71,1,0.7599995732307434,78.94741275306401,-0.0033327739220112562,-0.9811402559280396,0.5590550899505615
n374,P02_n97,76.25,0.25,74,1,0.7599995732307434,78.94741275306401,-0.0045839943923056126,-0.9259986281394958,0.5275590419769287
n378,P02_n100,76.5,0.25,56,3,0.7083333134651184,84.70588472887725,-0.023331960663199425,0.5118549466133118,0.5275590419769287
n376,P02_n98,76.5,0.5,68,1,0.7083333134651184,84.70588472887725,0.035414379090070724,-0.46687647700309753,0.5748031735420227
n377,P02_n99,76.5,0.5,71,1,0.7083333134651184,84.70588472887725,-0.012082417495548725,-0.43211108446121216,0.4409448802471161
n379,P02_n101,76.75,0.25,59,3,0.654998779296875,91.60322415319386,0.0,-0.5098583102226257,0.5748031735420227
n382,P02_n102,77.0,0.25,40,3,0.7483317255973816,80.17834597631543,0.005001068115234375,-0.49768561124801636,0.6062992215156555
n380,P02_n104,77.0,0.25,65,1,0.7483317255973816,80.17834597631543,-0.01000213623046875,-0.7020440101623535,0.5433070659637451
n381,P02_n103,77.0,0.25,69,1,0.7483317255973816,80.17834597631543,0.005001068115234375,-0.5113605260848999,0.4566929042339325
n385,P02_n106,77.25,0.25,62,3,0.711669921875,84.30874785591767,-0.0041669211350381374,-0.6295743584632874,0.5433070659637451
n383,P02_n105,77.25,0.25,68,1,0.711669921875,84.30874785591767,0.008333842270076275,-0.5092801451683044,0.5275590419769287
n384,P02_n107,77.25,0.25,71,1,0.711669921875,84.30874785591767,-0.0041669211350381374,-0.645341694355011,0.4881889820098877
n388,P02_n110,77.5,0.25,59,3,0.7249959111213684,82.75908743705406,-0.028748830780386925,0.3199448585510254,0.4173228442668915
n386,P02_n108,77.5,0.5,64,1,0.7249959111213684,82.75908743705406,0.0274988804012537,-0.47946134209632874,0.5590550899505615
n387,P02_n109,77.5,0.5,68,1,0.7249959111213684,82.75908743705406,0.0012499490985646844,-0.5074756741523743,0.5118110179901123
n389,P02_n111,77.75,0.25,62,3,0.6150093078613281,97.55949907270144,0.0,-0.550218939781189,0.5118110179901123
n393,P02_n113,78.0,1.0,57,3,0.5924978256225586,101.26619441506956,0.0024995803833007812,-0.05901515856385231,0.26771652698516846
n390,P02_n112,78.0,2.0,60,1,0.5924978256225586,101.26619441506956,0.006249427795410156,-1.1106609106063843,0.4409448802471161
n391,P02_n114,78.0,2.0,64,1,0.5924978256225586,101.26619441506956,-0.0012502670288085938,-1.087838053703308,0.3937007784843445
n392,P02_n115,78.0,2.0,69,1,0.5924978256225586,101.26619441506956,-0.007498741149902344,-1.087838053703308,0.29133859276771545
n394,P02_n119,79.0,1.0,45,3,0.589001476764679,101.86731675033053,0.0,-0.0664181262254715,0.34645670652389526
n395,P02_n120,80.25,0.25,81,1,0.595001220703125,100.84012925065394,0.0,-0.0874657928943634,0.5275590419769287
n396,P02_n121,80.5,0.25,80,1,0.595001220703125,100.84012925065394,0.0,-0.32496511936187744,0.3937007784843445
n397,P02_n122,80.75,0.25,81,1,0.5699920654296875,105.26462320974434,0.0,-0.03845404461026192,0.5275590419769287
n398,P02_n123,81.0,0.25,83,1,0.5749969482421875,104.34837990605844,0.0,-0.24556951224803925,0.3937007784843445
n399,P02_n124,81.25,0.25,86,1,0.5633392333984375,106.50776023185894,0.0,0.12658248841762543,0.3937007784843445
n401,P02_n126,81.5,0.5,52,3,0.7166595458984375,83.72176208827474,0.005832672119140625,-0.23247864842414856,0.4409448802471161
n402,P02_n127,81.5,0.5,56,3,0.7166595458984375,83.72176208827474,-0.01416778564453125,-0.256325364112854,0.4881889820098877
n400,P02_n125,81.5,0.25,80,1,0.7166595458984375,83.72176208827474,0.008335113525390625,0.006709044333547354,0.4409448802471161
n403,P02_n128,81.75,0.25,83,1,0.5850117802619934,102.56203725184717,0.0,0.036496832966804504,0.5118110179901123
n405,P02_n129,82.0,0.5,52,3,0.7499949336051941,80.0005404190966,0.01374944020062685,-0.5634729862213135,0.4409448802471161
n406,P02_n131,82.0,0.5,56,3,0.7499949336051941,80.0005404190966,-0.013750712387263775,-0.38331887125968933,0.4566929042339325
n404,P02_n130,82.0,0.25,76,1,0.7499949336051941,80.0005404190966,1.271565793103946e-06,-0.4606245458126068,0.5118110179901123
n407,P02_n132,82.25,0.25,80,1,0.5983327031135559,100.27865715475151,0.0,-0.00805822852998972,0.6062992215156555
n409,P02_n133,82.5,0.5,52,3,0.6416727900505066,93.50560118853933,0.00958379078656435,-0.345554381608963,0.4724409580230713
n410,P02_n135,82.5,0.5,56,3,0.6416727900505066,93.50560118853933,-0.011667887680232525,-0.16456209123134613,0.4881889820098877
n408,P02_n134,82.5,0.25,71,1,0.6416727900505066,93.50560118853933,0.0020840961951762438,-0.48020386695861816,0.5748031735420227
n411,P02_n136,82.75,0.25,80,1,0.4709930419921875,127.39041695014093,0.0,0.36122944951057434,0.5433070659637451
n415,P02_n138,83.0,1.0,52,3,0.5660018920898438,106.00671276638764,0.01399993896484375,0.1285496950149536,0.34645670652389526
n416,P02_n137,83.0,1.0,57,3,0.5660018920898438,106.00671276638764,0.0214996337890625,0.1488085836172104,0.4566929042339325
n412,P02_n139,83.0,1.0,72,1,0.5660018920898438,106.00671276638764,-0.004749298095703125,0.03524598106741905,0.4881889820098877
n413,P02_n140,83.0,1.0,76,1,0.5660018920898438,106.00671276638764,-0.0097503662109375,0.047629695385694504,0.5118110179901123
n414,P02_n141,83.0,1.0,81,1,0.5660018920898438,106.00671276638764,-0.020999908447265625,0.04145112633705139,0.3937007784843445
n417,P02_n142,84.0,1.0,45,3,0.524993896484375,114.28704295762367,0.0,0.19866064190864563,0.3700787425041199
n418,P02_n143,84.25,0.25,69,1,0.649993896484375,92.3085590872811,0.0,0.9606392979621887,0.5275590419769287
n419,P02_n144,84.5,0.25,68,1,0.6200103759765625,96.77257401619373,0.0,1.0057815313339233,0.5118110179901123
n420,P02_n145,84.75,0.25,69,1,0.649993896484375,92.3085590872811,0.0,-0.045074354857206345,0.5275590419769287
n421,P02_n146,85.0,0.25,71,1,0.625,96.0,0.0,-0.9434165358543396,0.5275590419769287
n422,P02_n147,85.25,0.25,74,1,0.6483357548713684,92.54464149043294,0.0,-0.9525800347328186,0.5433070659637451
n424,P02_n149,85.5,0.5,40,3,0.7266642451286316,82.56908249198226,-0.0016657511005178094,-0.5685070753097534,0.4409448802471161
n425,P02_n150,85.5,0.5,44,3,0.7266642451286316,82.56908249198226,-0.0179163608700037,-0.294473797082901,0.5275590419769287
n423,P02_n148,85.5,0.25,68,1,0.7266642451286316,82.56908249198226,0.01958211325109005,-0.9543982744216919,0.5433070659637451
n426,P02_n151,85.75,0.25,71,1,0.6866709589958191,87.37809457930683,0.0,-0.003514915006235242,0.5590550899505615
n428,P02_n153,86.0,0.5,40,3,0.8033345341682434,74.68868503471322,0.0016657511005178094,-0.7354720234870911,0.5433070659637451
n429,P02_n154,86.0,0.5,44,3,0.8033345341682434,74.68868503471322,-0.024583181366324425,-0.42706215381622314,0.4881889820098877
n427,P02_n152,86.0,0.25,64,1,0.8033345341682434,74.68868503471322,0.022917428985238075,-0.713219165802002,0.5118110179901123
n430,P02_n155,86.25,0.25,68,1,0.8066660761833191,74.38021973588572,0.0,-0.18415257334709167,0.6377952694892883
n432,P02_n157,86.5,0.5,40,3,0.9233296513557434,64.98220858812537,0.0066668190993368626,-0.8492938876152039,0.4724409580230713
n433,P02_n158,86.5,0.5,44,3,0.9233296513557434,64.98220858812537,-0.039582569152116776,-0.5980365872383118,0.5275590419769287
n431,P02_n156,86.5,0.25,59,1,0.9233296513557434,64.98220858812537,0.03291575238108635,-0.8145284652709961,0.4566929042339325
n434,P02_n159,86.75,0.25,62,1,0.5790039300918579,103.62623961892817,0.0,0.3244079649448395,0.5433070659637451
n438,P02_n162,87.0,1.0,40,3,0.6012005805969238,99.80030282144243,-0.0039993287064135075,-0.05179349705576897,0.5118110179901123
n439,P02_n163,87.0,1.0,45,3,0.6012005805969238,99.80030282144243,-0.009000396355986595,0.04732752963900566,0.4173228442668915
n435,P02_n161,87.0,1.0,60,1,0.6012005805969238,99.80030282144243,0.00974884070456028,-0.07688445597887039,0.5433070659637451
n436,P02_n160,87.0,1.0,64,1,0.6012005805969238,99.80030282144243,0.01225128211081028,-0.06742405891418457,0.4566929042339325
n437,P02_n164,87.0,1.0,69,1,0.6012005805969238,99.80030282144243,-0.009000396355986595,-0.06742405891418457,0.4724409580230713
n440,P02_n165,88.25,0.25,81,1,0.4499969482421875,133.33423756400256,0.0,0.7465614080429077,0.5590550899505615
n441,P02_n166,88.5,0.25,80,1,0.4749908447265625,126.31822416396287,0.0,0.224588081240654,0.4881889820098877
n442,P02_n167,88.75,0.25,81,1,0.4950103759765625,121.20958046915939,0.0,0.2894764244556427,0.4881889820098877
n443,P02_n168,89.0,0.25,83,1,0.535003662109375,112.14876504477782,0.0,-0.013556485064327717,0.4881889820098877
n444,P02_n169,89.25,0.25,86,1,0.4283243715763092,140.0807518357861,0.0,0.48625874519348145,0.4724409580230713
n446,P02_n170,89.5,0.5,52,3,0.6266682744026184,95.74443521525956,0.00958124827593565,-0.16227516531944275,0.5275590419769287
n447,P02_n171,89.5,0.5,56,3,0.6266682744026184,95.74443521525956,0.0008341471548192203,-0.20144572854042053,0.4566929042339325
n445,P02_n172,89.5,0.25,80,1,0.6266682744026184,95.74443521525956,-0.0104153947904706,0.14931096136569977,0.5433070659637451
n448,P02_n173,89.75,0.25,83,1,0.4833323061466217,124.13819485469827,0.0,0.46033892035484314,0.4173228442668915
n450,P02_n174,90.0,0.5,52,3,0.5616658329963684,106.82508437430259,0.0058314003981649876,-0.07693049311637878,0.6062992215156555
n451,P02_n175,90.0,0.5,56,3,0.5616658329963684,106.82508437430259,0.0045839943923056126,-0.030280444771051407,0.5748031735420227
n449,P02_n176,90.0,0.25,76,1,0.5616658329963684,106.82508437430259,-0.0104153947904706,0.3582848608493805,0.6377952694892883
n452,P02_n177,90.25,0.25,80,1,0.513336181640625,116.8824683431425,0.0,0.46791502833366394,0.5275590419769287
n454,P02_n178,90.5,0.5,52,3,0.606658935546875,98.90235927360531,0.007083892822265625,-0.121913842856884,0.4881889820098877
n455,P02_n179,90.5,0.5,56,3,0.606658935546875,98.90235927360531,-0.002918243408203125,0.001998788909986615,0.5433070659637451
n453,P02_n180,90.5,0.25,71,1,0.606658935546875,98.90235927360531,-0.0041656494140625,0.05446615815162659,0.5275590419769287
n456,P02_n181,90.75,0.25,74,1,0.5550079345703125,108.10656256014076,0.0,0.2716527283191681,0.4724409580230713
n457,P02_n182,91.0,0.25,84,1,0.524993896484375,114.28704295762367,0.0,0.10595021396875381,0.5275590419769287
n458,P02_n183,91.25,0.25,88,1,0.4833424985408783,124.13557711380422,0.0,0.2876690626144409,0.6062992215156555
n460,P02_n185,91.5,0.5,57,3,0.5666605830192566,105.88348969026674,0.0008328755502589047,-0.1309259831905365,0.5433070659637451
n461,P02_n184,91.5,0.5,60,3,0.5666605830192566,105.88348969026674,0.00833257008343935,-0.08294583857059479,0.5590550899505615
n459,P02_n186,91.5,0.25,81,1,0.5666605830192566,105.88348969026674,-0.009165446273982525,-0.004233940038830042,0.6692913174629211
n462,P02_n187,91.75,0.25,84,1,0.4883371889591217,122.86592411257573,0.0,0.2103731781244278,0.5748031735420227
n464,P02_n189,92.0,0.5,57,3,0.6016591191291809,99.72424266890823,0.0008341471548192203,-0.16268156468868256,0.5590550899505615
n465,P02_n188,92.0,0.5,60,3,0.6016591191291809,99.72424266890823,0.0033327739220112562,-0.18977536261081696,0.5748031735420227
n463,P02_n190,92.0,0.25,76,1,0.6016591191291809,99.72424266890823,-0.0041669211350381374,-0.07798448204994202,0.6692913174629211
n466,P02_n191,92.25,0.25,81,1,0.48333740234375,124.13688597045082,0.0,0.31193190813064575,0.6377952694892883
n468,P02_n193,92.5,0.5,57,3,0.570831298828125,105.10986367281475,-0.0041656494140625,-0.08679962158203125,0.5275590419769287
n469,P02_n192,92.5,0.5,60,3,0.570831298828125,105.10986367281475,0.00958251953125,-0.008444059640169144,0.5748031735420227
n467,P02_n194,92.5,0.5,72,1,0.570831298828125,105.10986367281475,-0.0054168701171875,-0.10028284043073654,0.6377952694892883
n470,P02_n195,93.0,0.25,86,1,0.4950103759765625,121.20958046915939,0.0,0.04303845390677452,0.7007874250411987
n471,P02_n196,93.25,0.25,89,1,0.4999898374080658,120.00243907163879,0.0,0.09764021635055542,0.5748031735420227
n473,P02_n198,93.5,0.5,59,3,0.4600016176700592,130.43432391369458,-0.0012499490985646844,-0.0157723780721426,0.5433070659637451
n474,P02_n197,93.5,0.5,62,3,0.4600016176700592,130.43432391369458,0.0062497458420693874,-5.078464255348081e-06,0.6377952694892883
n472,P02_n199,93.5,0.25,83,1,0.4600016176700592,130.43432391369458,-0.0049997963942587376,0.30932292342185974,0.6377952694892883
n475,P02_n200,93.75,0.25,86,1,0.4516703188419342,132.84025426739962,0.0,0.7024741172790527,0.6377952694892883
n477,P02_n203,94.0,0.5,59,3,0.5433400273323059,110.42808735183446,-0.0020840961951762438,-0.015590567141771317,0.6692913174629211
n478,P02_n201,94.0,0.5,62,3,0.5433400273323059,110.42808735183446,0.0029169719200581312,0.03063240461051464,0.6377952694892883
n476,P02_n202,94.0,0.25,79,1,0.5433400273323059,110.42808735183446,-0.0008328755502589047,0.25858429074287415,0.6062992215156555
n479,P02_n204,94.25,0.25,83,1,0.5549977421760559,108.10854791003248,0.0,0.41504332423210144,0.5590550899505615
n481,P02_n206,94.5,0.5,59,3,0.5349985957145691,112.14982708480048,-0.0012499490985646844,-0.054962657392024994,0.5275590419769287
n482,P02_n207,94.5,0.5,62,3,0.5349985957145691,112.14982708480048,-0.0012499490985646844,0.09774062037467957,0.5748031735420227
n480,P02_n205,94.5,0.25,74,1,0.5349985957145691,112.14982708480048,0.0024998981971293688,0.06589177995920181,0.4881889820098877
n483,P02_n208,94.75,0.25,79,1,0.4383341372013092,136.8818782472432,0.0,0.5002371668815613,0.4881889820098877
n485,P02_n210,95.0,1.0,60,3,0.3916676938533783,153.19108760208633,0.0008341471548192203,0.5757205486297607,0.5118110179901123
n486,P02_n209,95.0,1.0,64,3,0.3916676938533783,153.19108760208633,0.034582775086164474,0.6828564405441284,0.5590550899505615
n484,P02_n211,95.0,0.25,88,1,0.3916676938533783,153.19108760208633,-0.035416919738054276,0.35229799151420593,0.5433070659637451
n487,P02_n212,95.25,0.25,91,1,0.464996337890625,129.0332742665879,0.0,2.0974771976470947,0.5433070659637451
n488,P02_n213,95.5,0.25,84,1,0.5399932861328125,111.11249258244086,0.0,1.5025182962417603,0.5590550899505615
n489,P02_n214,95.75,0.25,88,1,0.475006103515625,126.31416639897205,0.0,1.0667505264282227,0.7007874250411987
n490,P02_n215,96.0,0.25,81,1,0.5749969482421875,104.34837990605844,0.0,0.2525497078895569,0.6062992215156555
n491,P02_n216,96.25,0.25,84,1,0.595001220703125,100.84012925065394,0.0,0.012069929391145706,0.5118110179901123
n492,P02_n217,96.5,0.25,76,1,0.649993896484375,92.3085590872811,0.0,0.09658679366111755,0.5275590419769287
n493,P02_n218,96.75,0.25,81,1,0.5900039672851562,101.69423144065276,0.0,0.05986177921295166,0.5748031735420227
n495,P02_n220,97.0,0.25,53,3,0.5575027465820312,107.62278817073337,-0.0025005340576171875,0.04458301514387131,0.5433070659637451
n494,P02_n219,97.0,0.25,65,1,0.5575027465820312,107.62278817073337,0.0025005340576171875,0.08173597604036331,0.5118110179901123
n497,P02_n222,97.25,0.25,52,3,0.660003662109375,90.90858648911083,-0.003124237060546875,0.0745389312505722,0.5433070659637451
n496,P02_n221,97.25,0.25,64,1,0.660003662109375,90.90858648911083,0.003124237060546875,0.11546915769577026,0.6062992215156555
n499,P02_n224,97.5,0.25,50,3,0.75250244140625,79.73396058074458,-0.004375457763671875,-0.32673370838165283,0.6377952694892883
n498,P02_n223,97.5,0.25,62,1,0.75250244140625,79.73396058074458,0.004375457763671875,-0.25634443759918213,0.5748031735420227
n501,P02_n225,97.75,0.25,48,3,0.5999908447265625,100.00152590218967,0.00749969482421875,0.3122999370098114,0.6377952694892883
n500,P02_n226,97.75,0.25,60,1,0.5999908447265625,100.00152590218967,-0.00749969482421875,0.1805942803621292,0.6692913174629211
n503,P02_n227,98.0,0.25,47,3,0.625,96.0,0.003749847412109375,0.04544292762875557,0.4881889820098877
n502,P02_n228,98.0,0.25,59,1,0.625,96.0,-0.003749847412109375,-0.03504691272974014,0.5433070659637451
n505,P02_n229,98.25,0.25,44,3,0.5774993896484375,103.89621370253917,0.003749847412109375,-0.00625749584287405,0.5748031735420227
n504,P02_n230,98.25,0.25,56,1,0.5774993896484375,103.89621370253917,-0.003749847412109375,-0.018857520073652267,0.5590550899505615
n507,P02_n231,98.5,0.25,44,3,0.6200027465820312,96.77376484341352,0.003124237060546875,0.21572235226631165,0.6377952694892883
n506,P02_n232,98.5,0.25,56,1,0.6200027465820312,96.77376484341352,-0.003124237060546875,0.15432174503803253,0.5433070659637451
n509,P02_n233,98.75,0.25,52,3,0.6800003051757812,88.23525451873128,0.0043735504150390625,-6.322890158116934e-07,0.5590550899505615
n508,P02_n234,98.75,0.25,64,1,0.6800003051757812,88.23525451873128,-0.0043735504150390625,-0.021374262869358063,0.5118110179901123
n511,P02_n235,99.0,0.5,52,3,0.6725006103515625,89.21924988087945,0.003124237060546875,-0.3232707679271698,0.5275590419769287
n510,P02_n236,99.0,0.25,64,1,0.6725006103515625,89.21924988087945,-0.003124237060546875,-0.20109900832176208,0.5118110179901123
n512,P02_n237,99.25,0.25,62,1,0.4833323061466217,124.13819485469827,0.0,0.3357938230037689,0.5748031735420227
n514,P02_n238,99.5,0.5,40,3,0.6666615605354309,90.00068933299656,0.01708475686609745,-0.31741562485694885,0.5118110179901123
n515,P02_n239,99.5,0.5,44,3,0.6666615605354309,90.00068933299656,-0.0016682943096384406,-0.12224471569061279,0.5275590419769287
n513,P02_n240,99.5,0.25,60,1,0.6666615605354309,90.00068933299656,-0.015416462905704975,-0.3446372151374817,0.5590550899505615
n516,P02_n241,99.75,0.25,59,1,0.5150070190429688,116.50326652148793,0.0,0.45303112268447876,0.5748031735420227
n518,P02_n242,100.0,0.5,48,3,0.6149978637695312,97.56131449341885,0.0075016021728515625,-0.12872830033302307,0.5748031735420227
n517,P02_n243,100.0,0.25,57,1,0.6149978637695312,97.56131449341885,-0.0075016021728515625,-0.07214482873678207,0.6062992215156555
n519,P02_n244,100.25,0.25,55,1,0.5150044560432434,116.50384631810249,0.0,0.25600147247314453,0.5433070659637451
n521,P02_n245,100.5,0.5,40,3,0.6899973750114441,86.95685255180116,0.01374944020062685,-0.3805985450744629,0.4409448802471161
n522,P02_n246,100.5,0.5,45,3,0.6899973750114441,86.95685255180116,-0.0049997963942587376,-0.28197044134140015,0.5118110179901123
n520,P02_n247,100.5,0.25,53,1,0.6899973750114441,86.95685255180116,-0.0087496442720294,-0.4938090443611145,0.4566929042339325
n523,P02_n248,100.75,0.25,50,1,0.5033366084098816,119.20452237628673,0.0,0.40183091163635254,0.5433070659637451
n525,P02_n249,101.0,1.0,45,3,0.5316670536994934,112.85258242447527,0.008333842270076275,0.11617176234722137,0.6062992215156555
n526,P02_n250,101.0,1.0,48,3,0.5316670536994934,112.85258242447527,0.0070826211012899876,0.25339075922966003,0.5748031735420227
n524,P02_n251,101.0,0.25,52,1,0.5316670536994934,112.85258242447527,-0.015416462905704975,0.03573315218091011,0.6062992215156555
n527,P02_n252,101.25,0.25,57,1,0.5699920654296875,105.26462320974434,0.0,1.796486735343933,0.6692913174629211
n528,P02_n253,101.5,0.25,60,1,0.4900054931640625,122.44760688817613,0.0,1.5299321413040161,0.6377952694892883
n529,P02_n254,101.75,0.25,64,1,0.464996337890625,129.0332742665879,0.0,1.0000113248825073,0.6692913174629211
n531,P02_n255,102.0,0.5,44,3,0.6500091552734375,92.30639216883026,0.009998321533203125,-0.1336449533700943,0.6377952694892883
n532,P02_n256,102.0,0.5,47,3,0.6500091552734375,92.30639216883026,0.00875091552734375,0.07036902010440826,0.5748031735420227
n530,P02_n257,102.0,0.25,52,1,0.6500091552734375,92.30639216883026,-0.018749237060546875,-0.17689810693264008,0.6692913174629211
n533,P02_n258,102.25,0.25,64,1,0.6266581416130066,95.74598336113706,0.0,0.43978428840637207,0.6377952694892883
n535,P02_n259,102.5,0.5,44,3,0.7833302617073059,76.59604503115598,0.00791804026812315,-0.2362663447856903,0.5433070659637451
n536,P02_n261,102.5,0.5,47,3,0.7833302617073059,76.59604503115598,-0.014584858901798725,-0.1316775381565094,0.5748031735420227
n534,P02_n260,102.5,0.25,56,1,0.7833302617073059,76.59604503115598,0.0066668190993368626,-0.17260776460170746,0.6377952694892883
n537,P02_n262,102.75,0.25,64,1,0.5983378291130066,100.27779806091442,0.0,0.51496422290802,0.5748031735420227
n539,P02_n263,103.0,1.0,45,3,0.5816701054573059,103.15125263800229,0.0008341471548192203,0.080385223031044,0.4566929042339325
n540,P02_n265,103.0,1.0,48,3,0.5816701054573059,103.15125263800229,-0.0016682943096384406,0.15746143460273743,0.6377952694892883
n538,P02_n264,103.0,0.25,52,1,0.5816701054573059,103.15125263800229,0.0008341471548192203,0.2568117678165436,0.5118110179901123
n541,P02_n266,103.25,0.25,57,1,0.6199951171875,96.77495569994093,0.0,1.7075932025909424,0.6377952694892883
n542,P02_n267,103.5,0.25,60,1,0.4550018310546875,131.8676011938697,0.0,1.6317508220672607,0.6062992215156555
n543,P02_n268,103.75,0.25,64,1,0.6266682744026184,95.74443521525956,0.0,0.6153323650360107,0.6062992215156555
n545,P02_n269,104.0,0.5,44,3,0.7133280634880066,84.11277092704597,0.0066655478440225124,-0.1678091287612915,0.5118110179901123
n546,P02_n271,104.0,0.5,47,3,0.7133280634880066,84.11277092704597,-0.0045801796950399876,-0.09040456265211105,0.6377952694892883
n544,P02_n270,104.0,0.25,52,1,0.7133280634880066,84.11277092704597,-0.0020853679161518812,-0.03755272924900055,0.6062992215156555
n547,P02_n272,104.25,0.25,64,1,0.6300048828125,95.23735710133695,0.0,0.49031442403793335,0.6062992215156555
n549,P02_n274,104.5,0.5,44,3,0.80499267578125,74.53483963909318,0.0,-0.3029978275299072,0.5433070659637451
n550,P02_n275,104.5,0.5,47,3,0.80499267578125,74.53483963909318,-0.00499725341796875,-0.18624554574489594,0.6062992215156555
n548,P02_n273,104.5,0.25,56,1,0.80499267578125,74.53483963909318,0.00499725341796875,-0.16097868978977203,0.5748031735420227
n551,P02_n276,104.75,0.25,64,1,0.631683349609375,94.98429875839413,0.0,0.3407984673976898,0.5118110179901123
n553,P02_n277,105.0,1.0,40,3,0.638336181640625,93.99435865563895,0.0054168701171875,-0.11054813861846924,0.5748031735420227
n554,P02_n279,105.0,1.0,48,3,0.638336181640625,93.99435865563895,-0.010833740234375,0.0037554490845650434,0.6062992215156555
n552,P02_n278,105.0,0.25,52,1,0.638336181640625,93.99435865563895,0.0054168701171875,-0.06550714373588562,0.5275590419769287
n555,P02_n280,105.25,0.25,57,1,0.574981689453125,104.35114908975108,0.0,1.7766077518463135,0.5748031735420227
n556,P02_n281,105.5,0.25,60,1,0.55499267578125,108.10953480699439,0.0,1.3348861932754517,0.5118110179901123
n557,P02_n282,105.75,0.25,64,1,0.6033427119255066,99.44596796158544,0.0,0.49448519945144653,0.6377952694892883
n559,P02_n283,106.0,0.5,47,3,0.6866658329963684,87.37874686174654,0.010836283676326275,-0.2250194251537323,0.4881889820098877
n560,P02_n285,106.0,0.5,50,3,0.6866658329963684,87.37874686174654,-0.015416462905704975,-0.14733999967575073,0.5590550899505615
n558,P02_n284,106.0,0.25,52,1,0.6866658329963684,87.37874686174654,0.0045801796950399876,-0.3071204423904419,0.5118110179901123
n561,P02_n286,106.25,0.25,64,1,0.5800068974494934,103.44704565384028,0.0,0.31192687153816223,0.5748031735420227
n563,P02_n287,106.5,0.5,47,3,0.6449992060661316,93.02337031690581,0.0074971518479287624,-0.011225467547774315,0.6062992215156555
n564,P02_n289,106.5,0.5,50,3,0.6449992060661316,93.02337031690581,-0.009997050277888775,0.08680665493011475,0.5433070659637451
n562,P02_n288,106.5,0.25,56,1,0.6449992060661316,93.02337031690581,0.0024998981971293688,-0.02254077047109604,0.5748031735420227
n565,P02_n290,106.75,0.25,64,1,0.45374298095703125,132.23345047332404,0.0,0.7629830837249756,0.6692913174629211
n567,P02_n293,107.0,2.0,45,3,1.3238544464111328,45.32220302817683,-0.017812728881835938,-1.1267597675323486,0.6062992215156555
n568,P02_n292,107.0,2.0,48,3,1.3238544464111328,45.32220302817683,0.013437271118164062,-1.0885987281799316,0.5590550899505615
n569,P02_n291,107.0,2.0,52,3,1.3238544464111328,45.32220302817683,0.03969001770019531,-1.0570788383483887,0.5118110179901123
n566,P02_n294,107.0,2.0,57,1,1.3238544464111328,45.32220302817683,-0.03531455993652344,-1.149243712425232,0.6377952694892883
n572,P03_n0,110.0,0.5,45,3,0.41625213623046875,144.14340438791032,0.0,1.5335036516189575,0.34645670652389526
n571,P03_n1,110.0,0.5,76,2,0.41625213623046875,144.14340438791032,0.0,1.5305073261260986,0.34645670652389526
n574,P03_n2,110.5,0.5,52,3,0.6045761108398438,99.2430877175271,0.009372711181640625,0.42644384503364563,0.4566929042339325
n573,P03_n3,110.5,0.5,74,2,0.6045761108398438,99.2430877175271,-0.009372711181640625,0.35361093282699585,0.34645670652389526
n577,P03_n5,111.0,0.5,60,3,0.5950062870979309,100.8392706111435,0.0041656494140625,0.13858988881111145,0.4409448802471161
n576,P03_n4,111.0,0.5,72,2,0.5950062870979309,100.8392706111435,0.0054168701171875,0.13858988881111145,0.34645670652389526
n575,P03_n6,111.0,0.5,81,1,0.5950062870979309,100.8392706111435,-0.00958251953125,0.06516887992620468,0.4566929042339325
n580,P03_n7,111.5,0.5,57,3,0.5425007939338684,110.59891648253345,0.012919108383357525,0.32590946555137634,0.31496062874794006
n579,P03_n8,111.5,0.5,71,2,0.5425007939338684,110.59891648253345,0.0029169719200581312,0.27736565470695496,0.4881889820098877
n578,P03_n9,111.5,0.5,79,1,0.5425007939338684,110.59891648253345,-0.0158360805362463,0.1868138462305069,0.4724409580230713
n583,P03_n10,112.0,0.5,64,3,0.5679143071174622,105.6497419558584,0.007916768081486225,1.158240556716919,0.4724409580230713
n582,P03_n11,112.0,0.5,72,2,0.5679143071174622,105.6497419558584,0.0029195148963481188,1.14394211769104,0.4173228442668915
n581,P03_n12,112.0,1.0,81,1,0.5679143071174622,105.6497419558584,-0.010836283676326275,0.10903656482696533,0.3700787425041199
n585,P03_n13,112.5,0.5,52,3,0.5774993896484375,103.89621370253917,0.006877899169921875,0.2826787829399109,0.5118110179901123
n584,P03_n14,112.5,0.5,69,2,0.5774993896484375,103.89621370253917,-0.006877899169921875,0.21971487998962402,0.5748031735420227
n587,P03_n15,113.0,0.5,45,3,0.5524978637695312,108.5977049587804,0.010623931884765625,0.21772752702236176,0.5433070659637451
n586,P03_n16,113.0,0.5,79,1,0.5524978637695312,108.5977049587804,-0.010623931884765625,0.11296989023685455,0.5433070659637451
n589,P03_n17,113.5,0.5,53,3,0.572509765625,104.80170575692964,0.00937652587890625,0.22146756947040558,0.4173228442668915
n588,P03_n18,113.5,0.5,81,1,0.572509765625,104.80170575692964,-0.00937652587890625,0.13231514394283295,0.4724409580230713
n591,P03_n20,114.0,0.5,60,3,0.6287384033203125,95.4291954859847,-0.00812530517578125,1.9173957109451294,0.29133859276771545
n590,P03_n19,114.0,2.0,76,1,0.6287384033203125,95.4291954859847,0.00812530517578125,-0.06449491530656815,0.3937007784843445
n592,P03_n21,114.5,0.5,57,3,0.6074981689453125,98.76572978675307,0.0,1.538716197013855,0.3937007784843445
n593,P03_n22,115.0,0.5,65,3,0.597503662109375,100.41779457582103,0.0,0.957105278968811,0.3700787425041199
n594,P03_n23,115.5,0.5,53,3,0.595001220703125,100.84012925065394,0.0,-0.01830383576452732,0.5433070659637451
n596,P03_n24,116.0,0.5,45,3,0.55999755859375,107.1433242506812,0.00624847412109375,1.111514687538147,0.3937007784843445
n595,P03_n25,116.0,1.0,74,1,0.55999755859375,107.1433242506812,-0.00624847412109375,0.07834775000810623,0.5433070659637451
n597,P03_n26,116.5,0.5,56,3,0.5875091552734375,102.12606809858973,0.0,0.12346053868532181,0.3700787425041199
n599,P03_n27,117.0,0.5,62,3,0.55499267578125,108.10953480699439,0.00749969482421875,0.26629915833473206,0.29133859276771545
n598,P03_n28,117.0,0.5,64,1,0.55499267578125,108.10953480699439,-0.00749969482421875,0.19428783655166626,0.34645670652389526
n601,P03_n29,117.5,0.5,59,3,0.5787506103515625,103.67159693110813,0.00624847412109375,0.11091437935829163,0.34645670652389526
n600,P03_n30,117.5,0.5,65,1,0.5787506103515625,103.67159693110813,-0.00624847412109375,-0.08668553829193115,0.3937007784843445
n603,P03_n31,118.0,0.5,65,3,0.60125732421875,99.79088417419551,0.00937652587890625,0.6292481422424316,0.29133859276771545
n602,P03_n32,118.0,0.75,79,1,0.60125732421875,99.79088417419551,-0.00937652587890625,-0.01913975179195404,0.29133859276771545
n604,P03_n33,118.5,0.5,53,3,0.584991455078125,102.56560070947884,0.0,0.06629431992769241,0.3700787425041199
n605,P03_n34,118.75,0.25,77,1,0.595001220703125,100.84012925065394,0.0,0.11640649288892746,0.4724409580230713
n607,P03_n36,119.0,0.5,45,3,0.6324920654296875,94.86285011218065,-0.0137481689453125,2.4836108684539795,0.3937007784843445
n606,P03_n35,119.0,3.0,76,1,0.6324920654296875,94.86285011218065,0.0137481689453125,-0.0800979807972908,0.4173228442668915
n608,P03_n37,119.5,0.5,52,3,0.6200103759765625,96.77257401619373,0.0,1.9705921411514282,0.4173228442668915
n609,P03_n38,120.0,0.5,60,3,0.62249755859375,96.38592018825375,0.0,1.8948721885681152,0.4173228442668915
n610,P03_n39,120.5,0.5,57,3,0.6049957275390625,99.17425407954804,0.0,1.4862884283065796,0.4566929042339325
n611,P03_n40,121.0,0.5,64,3,0.5850067138671875,102.56292548058113,0.0,0.9011081457138062,0.3937007784843445
n612,P03_n41,121.5,0.5,52,3,0.6024932861328125,99.58617196403698,0.0,-0.036356370896101,0.4409448802471161
n614,P03_n42,122.0,0.5,41,3,0.597503662109375,100.41779457582103,0.0,1.0269023180007935,0.3700787425041199
n613,P03_n43,122.0,1.0,81,1,0.597503662109375,100.41779457582103,0.0,-0.012132471427321434,0.5275590419769287
n615,P03_n44,122.5,0.5,53,3,0.5766652226448059,104.04650331576646,0.0,0.17270559072494507,0.4724409580230713
n618,P03_n46,123.0,0.5,60,3,0.570831298828125,105.10986367281475,0.0008341471548192203,0.12500940263271332,0.26771652698516846
n616,P03_n47,123.0,0.5,81,1,0.570831298828125,105.10986367281475,-0.0066655478440225124,0.0778968557715416,0.34645670652389526
n617,P03_n45,123.0,0.5,84,1,0.570831298828125,105.10986367281475,0.0058314003981649876,0.14228737354278564,0.4173228442668915
n621,P03_n48,123.5,0.5,57,3,0.5724995732307434,104.80357157544512,0.015001933090388775,0.2588293254375458,0.29133859276771545
n619,P03_n50,123.5,0.5,79,1,0.5724995732307434,104.80357157544512,-0.0174992885440588,0.10331176221370697,0.29133859276771545
n620,P03_n49,123.5,0.5,83,1,0.5724995732307434,104.80357157544512,0.0024973552208393812,0.19971628487110138,0.31496062874794006
n624,P03_n51,124.0,0.5,65,3,0.6200001835823059,96.77416489350912,0.0037511189002543688,0.6003920435905457,0.29133859276771545
n622,P03_n53,124.0,0.75,77,1,0.6200001835823059,96.77416489350912,-0.0037485759239643812,-0.015597302466630936,0.3937007784843445
n623,P03_n52,124.0,0.75,81,1,0.6200001835823059,96.77416489350912,-2.543131586207892e-06,-4.6231889427872375e-07,0.29133859276771545
n625,P03_n54,124.5,0.5,53,3,0.540008544921875,111.10935292455495,0.0,0.14595654606819153,0.4409448802471161
n626,P03_n56,124.75,0.25,72,1,0.486663818359375,123.28839280115382,-0.00749969482421875,0.372426301240921,0.3937007784843445
n627,P03_n55,124.75,0.25,76,1,0.486663818359375,123.28839280115382,0.00749969482421875,0.0816468745470047,0.29133859276771545
n630,P03_n57,125.0,0.5,38,3,0.5666656494140625,105.88254301639874,0.00916290283203125,1.1442409753799438,0.3937007784843445
n628,P03_n58,125.0,1.0,76,1,0.5666656494140625,105.88254301639874,-0.00083160400390625,0.07945598661899567,0.4173228442668915
n629,P03_n59,125.0,1.0,79,1,0.5666656494140625,105.88254301639874,-0.008331298828125,0.10038669407367706,0.31496062874794006
n631,P03_n60,125.5,0.5,45,3,0.6291656494140625,95.36439259816167,0.0,0.1895388662815094,0.34645670652389526
n634,P03_n63,126.0,0.5,57,3,0.640838623046875,93.6273155864565,-0.020416259765625,1.9811043739318848,0.29133859276771545
n632,P03_n61,126.0,2.0,74,1,0.640838623046875,93.6273155864565,0.01958465576171875,-0.06819857656955719,0.24409449100494385
n633,P03_n62,126.0,2.0,77,1,0.640838623046875,93.6273155864565,0.00083160400390625,0.0037353159859776497,0.29133859276771545
n635,P03_n64,126.5,0.5,53,3,0.5800018310546875,103.44794927784062,0.0,1.7363390922546387,0.3700787425041199
n636,P03_n65,127.0,0.5,62,3,0.589996337890625,101.69554647493922,0.0,1.1995149850845337,0.4173228442668915
n637,P03_n66,127.5,0.5,50,3,0.5900039672851562,101.69423144065276,0.0,0.3794420659542084,0.4409448802471161
n639,P03_n67,128.0,0.5,40,3,0.6012420654296875,99.7934167449179,0.003749847412109375,0.1290450096130371,0.5118110179901123
n638,P03_n68,128.0,0.5,74,1,0.6012420654296875,99.7934167449179,-0.003749847412109375,0.0901259258389473,0.4409448802471161
n641,P03_n69,128.5,0.5,52,3,0.5824966430664062,103.0048854601894,0.005626678466796875,0.24434661865234375,0.4409448802471161
n640,P03_n70,128.5,0.5,73,1,0.5824966430664062,103.0048854601894,-0.005626678466796875,0.19110465049743652,0.5433070659637451
n643,P03_n71,129.0,0.5,59,3,0.5837554931640625,102.78275871082417,0.00812530517578125,0.2095233052968979,0.4173228442668915
n642,P03_n72,129.0,0.5,74,1,0.5837554931640625,102.78275871082417,-0.00812530517578125,0.1327076554298401,0.4566929042339325
n645,P03_n73,129.5,0.5,56,3,0.6162490844726562,97.36322781127357,0.0,0.06018281728029251,0.3937007784843445
n644,P03_n74,129.5,0.5,77,1,0.6162490844726562,97.36322781127357,0.0,0.037551864981651306,0.3700787425041199
n647,P03_n76,130.0,0.5,68,3,0.5987472534179688,100.20922794632959,-0.003124237060546875,0.10174928605556488,0.5118110179901123
n646,P03_n75,130.0,0.5,76,1,0.5987472534179688,100.20922794632959,0.003124237060546875,0.1240307092666626,0.5433070659637451
n649,P03_n77,130.5,0.5,59,3,0.6100044250488281,98.359942217136,0.00749969482421875,0.06360560655593872,0.34645670652389526
n648,P03_n78,130.5,0.5,64,1,0.6100044250488281,98.359942217136,-0.00749969482421875,-0.08525778353214264,0.4724409580230713
n652,P03_n79,131.0,0.5,45,3,0.5649986267089844,106.19494838330712,0.011247634887695312,1.1135151386260986,0.26771652698516846
n653,P03_n80,131.0,0.0,64,1,0.5649986267089844,106.19494838330712,0.008752822875976562,0.0,0.5275590419769287
n650,P03_n82,131.0,1.0,71,1,0.5649986267089844,106.19494838330712,-0.017499923706054688,0.03780549764633179,0.4566929042339325
n651,P03_n81,131.0,1.0,74,1,0.5649986267089844,106.19494838330712,-0.0025005340576171875,0.07766999304294586,0.4409448802471161
n654,P03_n83,131.5,0.5,52,3,0.6983286738395691,85.91942769599653,0.0,-0.09792833030223846,0.5748031735420227
n657,P03_n86,132.0,0.5,60,3,0.6491749882698059,92.42500263282354,-0.03083292581140995,1.8358900547027588,0.34645670652389526
n655,P03_n84,132.0,2.0,69,1,0.6491749882698059,92.42500263282354,0.03041585348546505,-0.09572301059961319,0.6062992215156555
n656,P03_n85,132.0,2.0,72,1,0.6491749882698059,92.42500263282354,0.00041707357740961015,-0.12723399698734283,0.5590550899505615
n658,P03_n87,132.5,0.5,57,3,0.589996337890625,101.69554647493922,0.0,1.554077386856079,0.5118110179901123
n659,P03_n88,133.0,0.5,64,3,0.597503662109375,100.41779457582103,0.0,0.9383280873298645,0.5748031735420227
n660,P03_n89,133.5,0.5,52,3,0.59375,101.05263157894737,0.0,-0.11042395979166031,0.5590550899505615
n662,P03_n90,134.0,0.5,45,3,0.5724202990531921,104.81808576537658,0.00687408447265625,-0.07081849128007889,0.4881889820098877
n661,P03_n91,134.0,0.3330078125,76,1,0.5724202990531921,104.81808576537658,-0.00687408447265625,-0.004703292157500982,0.5748031735420227
n663,P03_n92,134.3330078125,0.333984375,75,1,0.6362847089767456,94.29740987566751,0.0,-0.13332873582839966,0.5590550899505615
n664,P03_n93,134.5,0.5,52,3,0.6287463307380676,95.42799228675845,0.0,-0.24648582935333252,0.5275590419769287
n665,P03_n94,134.6669921875,0.3330078125,76,1,0.5780791640281677,103.79201281344992,0.0,-0.11707606166601181,0.6062992215156555
n667,P03_n96,135.0,0.5,60,3,0.6156066656112671,97.464831607083,-0.001251220703125,-0.21601659059524536,0.3937007784843445
n666,P03_n95,135.0,0.3330078125,83,1,0.6156066656112671,97.464831607083,0.001251220703125,-0.38028496503829956,0.5275590419769287
n668,P03_n97,135.3330078125,0.333984375,81,1,0.5688505172729492,105.47586435824658,0.0,-0.19254770874977112,0.4173228442668915
n669,P03_n98,135.5,0.5,57,3,0.5763888955116272,104.0963843460958,0.0,-0.10077770799398422,0.29133859276771545
n670,P03_n99,135.6669921875,0.3330078125,76,1,0.6024674773216248,99.59043808761356,0.0,-0.1665680855512619,0.5118110179901123
n672,P03_n101,136.0,0.5,64,3,0.6024674773216248,99.59043808761356,-0.001873016357421875,-0.30548107624053955,0.5590550899505615
n671,P03_n100,136.0,0.3330078125,72,1,0.6024674773216248,99.59043808761356,0.001873016357421875,-0.32643938064575195,0.5748031735420227
n673,P03_n102,136.3330078125,0.333984375,69,1,0.5838358998298645,102.76860333097808,0.0,-0.4027005434036255,0.5748031735420227
n674,P03_n103,136.5,0.5,52,3,0.6138066649436951,97.7506492300859,0.0,-0.3928179144859314,0.6062992215156555
n675,P03_n104,136.6669921875,0.3330078125,64,1,0.5874496102333069,102.13641979636495,0.0,-0.2132054716348648,0.5748031735420227
n677,P03_n105,137.0,0.5,45,3,0.5874496102333069,102.13641979636495,0.0018768310546875,-0.21818169951438904,0.4173228442668915
n676,P03_n106,137.0,0.5,79,1,0.5874496102333069,102.13641979636495,-0.0018768310546875,-0.24703653156757355,0.5748031735420227
n678,P03_n107,137.3330078125,0.333984375,67,2,0.5988212823867798,100.19683963277359,0.0,-0.1926230937242508,0.4173228442668915
n680,P03_n108,137.5,0.5,53,3,0.5539107918739319,108.32069149079837,0.0,-0.15495719015598297,0.34645670652389526
n679,P03_n109,137.5,0.5,81,1,0.5539107918739319,108.32069149079837,0.0,-0.1622251719236374,0.4409448802471161
n681,P03_n110,137.6669921875,0.3330078125,68,2,0.7006888389587402,85.63002100784578,0.0,-0.48904746770858765,0.4173228442668915
n684,P03_n113,138.0,0.5,60,3,0.6483357548713684,92.54464149043294,-0.03291575238108635,1.8078792095184326,0.3937007784843445
n683,P03_n112,138.0,2.0,69,2,0.6483357548713684,92.54464149043294,-0.0041681923903524876,-0.1575823426246643,0.4173228442668915
n682,P03_n111,138.0,2.0,77,1,0.6483357548713684,92.54464149043294,0.0370839424431324,-0.1747482866048813,0.5433070659637451
n685,P03_n114,138.5,0.5,57,3,0.5749969482421875,104.34837990605844,0.0,1.5553970336914062,0.31496062874794006
n686,P03_n115,139.0,0.5,65,3,0.595001220703125,100.84012925065394,0.0,0.9093102216720581,0.5590550899505615
n687,P03_n116,139.5,0.5,53,3,0.6137542724609375,97.75899361062079,0.0,-0.22534380853176117,0.5433070659637451
n689,P03_n117,140.0,0.5,45,3,0.5774993896484375,103.89621370253917,0.0006256103515625,-0.12382713705301285,0.5748031735420227
n688,P03_n118,140.0,0.5,74,1,0.5774993896484375,103.89621370253917,-0.0006256103515625,-0.137502059340477,0.5748031735420227
n691,P03_n119,140.5,0.5,56,3,0.62249755859375,96.38592018825375,0.00937652587890625,-0.1655803918838501,0.6377952694892883
n690,P03_n120,140.5,0.25,89,1,0.62249755859375,96.38592018825375,-0.00937652587890625,-0.4208374619483948,0.5275590419769287
n692,P03_n121,140.75,0.25,85,1,0.4524993896484375,132.59686393525544,0.0,0.255043625831604,0.5748031735420227
n694,P03_n122,141.0,0.5,62,3,0.5726196765899658,104.78158968848015,0.016872406005859375,0.018475553020834923,0.6062992215156555
n693,P03_n123,141.0,0.1669921875,88,1,0.5726196765899658,104.78158968848015,-0.016872406005859375,-0.3504672646522522,0.6062992215156555
n695,P03_n124,141.1669921875,0.166015625,86,1,0.527068018913269,113.83729964058627,0.0,1.0305631160736084,0.6062992215156555
n696,P03_n125,141.3330078125,0.1669921875,81,1,0.625022828578949,95.99649365834512,0.0,-0.17423614859580994,0.6377952694892883
n698,P03_n127,141.5,0.5,59,3,0.6999040842056274,85.7260321149553,-0.005626678466796875,-0.4566599428653717,0.5748031735420227
n697,P03_n126,141.5,0.1669921875,77,1,0.6999040842056274,85.7260321149553,0.005626678466796875,-0.6400471329689026,0.6377952694892883
n699,P03_n128,141.6669921875,0.166015625,74,1,0.7378676533699036,81.315395418101,0.0,0.24329985678195953,0.5748031735420227
n700,P03_n129,141.8330078125,0.1669921875,69,1,0.7672469019889832,78.20168428762393,0.0,-0.5501885414123535,0.6692913174629211
n702,P03_n131,142.0,0.5,65,3,0.6699333190917969,89.56115226712372,-0.011875152587890625,-0.23305556178092957,0.6377952694892883
n701,P03_n130,142.0,0.1669921875,70,1,0.6699333190917969,89.56115226712372,0.011875152587890625,-0.5296017527580261,0.6692913174629211
n703,P03_n132,142.1669921875,0.166015625,71,1,0.7454044222831726,80.4932171132284,0.0,0.5898261666297913,0.6062992215156555
n704,P03_n133,142.3330078125,0.1669921875,72,1,0.6212993264198303,96.5718091885653,0.0,-0.12714163959026337,0.5748031735420227
n706,P03_n134,142.5,0.5,53,3,0.5539107918739319,108.32069149079837,0.0,0.12130757421255112,0.5590550899505615
n705,P03_n135,142.5,0.1669921875,73,1,0.5539107918739319,108.32069149079837,0.0,0.130415678024292,0.5748031735420227
n707,P03_n136,142.6669921875,0.166015625,74,1,0.7153033018112183,83.88050194662056,0.0,0.8224432468414307,0.5590550899505615
n708,P03_n137,142.8330078125,0.1669921875,75,1,0.6587170958518982,91.0861436234684,0.0,-0.033174846321344376,0.5433070659637451
n711,P03_n140,143.0,0.5,45,3,0.62249755859375,96.38592018825375,-0.003753662109375,0.5752791166305542,0.4724409580230713
n709,P03_n138,143.0,0.75,74,1,0.62249755859375,96.38592018825375,0.00250244140625,-0.009683383628726006,0.5748031735420227
n710,P03_n139,143.0,0.75,77,1,0.62249755859375,96.38592018825375,0.001251220703125,0.0019356888951733708,0.5748031735420227
n712,P03_n141,143.5,0.5,52,3,0.6425018310546875,93.38494787090032,0.0,0.10289578884840012,0.4566929042339325
n713,P03_n142,143.75,0.25,74,1,0.8058421015739441,74.45627360845256,0.009372711181640625,-0.02864445373415947,0.6377952694892883
n714,P03_n143,143.75,0.25,77,1,0.8058421015739441,74.45627360845256,-0.009372711181640625,-0.16250018775463104,0.6692913174629211
n717,P03_n146,144.0,0.5,60,3,0.6183268427848816,97.03605900362673,-0.0254186000674963,1.9640873670578003,0.24409449100494385
n715,P03_n144,144.0,2.0,72,1,0.6183268427848816,97.03605900362673,0.03708140179514885,-0.04491065815091133,0.5748031735420227
n716,P03_n145,144.0,2.0,76,1,0.6183268427848816,97.03605900362673,-0.011662800796329975,-0.02103927731513977,0.3700787425041199
n718,P03_n147,144.5,0.5,57,3,0.57501220703125,104.34561086933446,0.0,1.6839098930358887,0.4566929042339325
n719,P03_n148,145.0,0.5,64,3,0.5749969482421875,104.34837990605844,0.0,1.1488710641860962,0.5118110179901123
n720,P03_n149,145.5,0.5,52,3,0.5612411499023438,106.90591737694221,0.0,0.32387739419937134,0.5590550899505615
n722,P03_n150,146.0,0.5,41,3,0.602508544921875,99.58364990123081,0.003124237060546875,0.029604731127619743,0.4566929042339325
n721,P03_n151,146.0,0.5,81,1,0.602508544921875,99.58364990123081,-0.003124237060546875,-2.0409413991728798e-05,0.6062992215156555
n724,P03_n152,146.5,0.5,57,3,0.5512466430664062,108.84420024082046,0.003124237060546875,0.22099845111370087,0.6062992215156555
n723,P03_n153,146.5,0.5,80,1,0.5512466430664062,108.84420024082046,-0.003124237060546875,0.1869174838066101,0.6692913174629211
n726,P03_n154,147.0,0.5,60,3,0.5742989182472229,104.47520984911787,0.00250244140625,-0.17839409410953522,0.6377952694892883
n725,P03_n155,147.0,0.3330078125,83,1,0.5742989182472229,104.47520984911787,-0.00250244140625,-0.11780659854412079,0.6692913174629211
n727,P03_n156,147.3330078125,0.333984375,81,1,0.5314784646034241,112.89262688144946,0.0,0.06937676668167114,0.7322834730148315
n728,P03_n157,147.5,0.5,57,3,0.5389711260795593,111.32321769523364,0.0,-0.024215703830122948,0.7007874250411987
n729,P03_n158,147.6669921875,0.3330078125,76,1,0.6024560332298279,99.59232988062865,0.0,0.11653157323598862,0.6692913174629211
n731,P03_n160,148.0,0.5,65,3,0.5761775970458984,104.13455904503067,-0.0006256103515625,-0.18310578167438507,0.6377952694892883
n730,P03_n159,148.0,0.3330078125,72,1,0.5761775970458984,104.13455904503067,0.0006256103515625,-0.2286466658115387,0.6377952694892883
n732,P03_n161,148.3330078125,0.333984375,69,1,0.5988669395446777,100.18920070227682,0.0,-0.22398406267166138,0.5433070659637451
n733,P03_n162,148.5,0.5,53,3,0.5688505172729492,105.47586435824658,0.0,-0.09526797384023666,0.5748031735420227
n734,P03_n163,148.6669921875,0.3330078125,64,1,0.6030974984169006,99.48640171364806,0.0,-0.05182293429970741,0.5433070659637451
n737,P03_n166,149.0,0.5,38,3,0.60833740234375,98.62947727500753,-0.0041656494140625,0.9155505895614624,0.4409448802471161
n735,P03_n164,149.0,1.0,72,1,0.60833740234375,98.62947727500753,0.00458526611328125,-0.06881885230541229,0.5433070659637451
n736,P03_n165,149.0,1.0,76,1,0.60833740234375,98.62947727500753,-0.00041961669921875,-0.0781768187880516,0.3937007784843445
n738,P03_n167,149.5,0.5,45,3,0.6024932861328125,99.58617196403698,0.0,-0.05489230528473854,0.5433070659637451
n741,P03_n170,150.0,0.5,57,3,0.597503662109375,100.41779457582103,-0.01000213623046875,1.9694889783859253,0.31496062874794006
n739,P03_n168,150.0,2.0,71,1,0.597503662109375,100.41779457582103,0.0175018310546875,-8.779004019743297e-06,0.5118110179901123
n740,P03_n169,150.0,2.0,74,1,0.597503662109375,100.41779457582103,-0.00749969482421875,-0.02897042967379093,0.31496062874794006
n742,P03_n171,150.5,0.5,53,3,0.5850067138671875,102.56292548058113,0.0,1.593143105506897,0.29133859276771545
n743,P03_n172,151.0,0.5,62,3,0.614990234375,97.56252481143311,0.0,0.9432047605514526,0.3937007784843445
n744,P03_n173,151.5,0.5,50,3,0.6212539672851562,96.57886011126257,0.0,-0.12422125786542892,0.31496062874794006
n746,P03_n175,152.0,0.5,40,3,0.6024674773216248,99.59043808761356,-0.004375457763671875,-0.2545999586582184,0.3700787425041199
n745,P03_n174,152.0,0.3330078125,71,1,0.6024674773216248,99.59043808761356,0.004375457763671875,-0.18688803911209106,0.4173228442668915
n747,P03_n176,152.3330078125,0.333984375,64,1,0.5763431787490845,104.10464149194254,0.0,-0.047540247440338135,0.3937007784843445
n748,P03_n177,152.5,0.5,52,3,0.6138066649436951,97.7506492300859,0.0,-0.17152801156044006,0.3937007784843445
n749,P03_n178,152.6669921875,0.3330078125,65,1,0.5930855870246887,101.16583729677171,0.0,-0.2057642638683319,0.4881889820098877
n751,P03_n180,153.0,0.5,59,3,0.665008544921875,90.22440457069432,-0.003753662109375,-0.5714852213859558,0.5748031735420227
n750,P03_n179,153.0,0.25,66,1,0.665008544921875,90.22440457069432,0.003753662109375,-0.9467765092849731,0.4881889820098877
n752,P03_n181,153.25,0.25,67,1,0.6324920654296875,94.86285011218065,0.0,-0.9829754829406738,0.6692913174629211
n754,P03_n183,153.5,0.5,56,3,0.5624847412109375,106.66956026367903,-0.000621795654296875,-0.4043510854244232,0.7322834730148315
n753,P03_n182,153.5,0.25,68,1,0.5624847412109375,106.66956026367903,0.000621795654296875,-0.9068514108657837,0.7007874250411987
n755,P03_n184,153.75,0.25,69,1,0.56500244140625,106.19423139245976,0.0,-0.6303606033325195,0.7637795209884644
n757,P03_n186,154.0,0.5,68,3,0.6607022881507874,90.8124598265454,-0.00749969482421875,-0.6113001704216003,0.6377952694892883
n756,P03_n185,154.0,0.0908203125,70,1,0.6607022881507874,90.8124598265454,0.00749969482421875,0.32180342078208923,0.6062992215156555
n758,P03_n187,154.0908203125,0.0908203125,71,1,0.6468414068222046,92.75844027173113,0.0,1.489895224571228,0.4881889820098877
n759,P03_n188,154.181640625,0.0908203125,72,1,0.5505712628364563,108.97771832639695,0.0,1.1042486429214478,0.6062992215156555
n760,P03_n189,154.2724609375,0.0908203125,73,1,0.49546369910240173,121.09868010249382,0.0,0.7370243668556213,0.6062992215156555
n761,P03_n190,154.36328125,0.0908203125,74,1,0.6193716526031494,96.87237016390199,0.0,0.4149984121322632,0.5275590419769287
n762,P03_n191,154.4541015625,0.091796875,75,1,0.6535904407501221,91.80060823891233,0.0,0.3219868540763855,0.5748031735420227
n763,P03_n192,154.5,0.5,59,3,0.7897273898124695,75.97558445357674,0.0,-0.8938918709754944,0.4724409580230713
n764,P03_n193,154.5458984375,0.0908203125,76,1,0.44044017791748047,136.22735392510313,0.0,2.1497139930725098,0.5118110179901123
n765,P03_n194,154.63671875,0.0908203125,77,1,0.5918178558349609,101.38254432244112,0.0,1.368175745010376,0.6377952694892883
n766,P03_n195,154.7275390625,0.0908203125,78,1,0.5230174660682678,114.71892220166963,0.0,0.8605784177780151,0.5590550899505615
n767,P03_n196,154.818359375,0.0908203125,79,1,0.44044017791748047,136.22735392510313,0.0,0.9068576097488403,0.4881889820098877
n768,P03_n197,154.9091796875,0.0908203125,80,1,0.688200056552887,87.18395098735233,0.0,0.2629757523536682,0.5748031735420227
n770,P03_n199,155.0,0.5,45,3,0.5824992060661316,103.00443223812421,-0.0037511189002543688,2.5557761192321777,0.4173228442668915
n771,P03_n198,155.0,0.0,69,1,0.5824992060661316,103.00443223812421,0.011248270981013775,0.0,0.5748031735420227
n769,P03_n200,155.0,3.0,81,1,0.5824992060661316,103.00443223812421,-0.0074971518479287624,-0.0334048792719841,0.5748031735420227
n772,P03_n201,155.5,0.5,52,3,0.5800018310546875,103.44794927784062,0.0,2.018531322479248,0.5275590419769287
n773,P03_n202,156.0,0.5,60,3,0.592498779296875,101.26603141900593,0.0,1.9393962621688843,0.6692913174629211
n774,P03_n203,156.5,0.5,57,3,0.589996337890625,101.69554647493922,0.0,1.5118286609649658,0.5748031735420227
n775,P03_n204,157.0,0.5,64,3,0.589996337890625,101.69554647493922,0.0,0.8921530246734619,0.5590550899505615
n776,P03_n205,157.5,0.5,52,3,0.5958404541015625,100.6980972624139,0.0,-0.23151826858520508,0.5748031735420227
n779,P03_n207,158.0,0.5,36,3,0.58416748046875,102.71027060913175,0.0029144287109375,2.575669527053833,0.4173228442668915
n777,P03_n206,158.0,3.0,64,1,0.58416748046875,102.71027060913175,0.0041656494140625,-0.010329140350222588,0.6377952694892883
n778,P03_n208,158.0,3.0,76,1,0.58416748046875,102.71027060913175,-0.007080078125,-0.01864439994096756,0.5590550899505615
n780,P03_n209,158.5,0.5,43,3,0.597503662109375,100.41779457582103,0.0,2.2765438556671143,0.4881889820098877
n781,P03_n210,159.0,0.5,52,3,0.582489013671875,103.00623460994395,0.0,1.6196568012237549,0.6062992215156555
n782,P03_n211,159.5,0.5,48,3,0.6074981689453125,98.76572978675307,0.0,1.499358057975769,0.6062992215156555
n783,P03_n212,160.0,0.5,60,3,0.602508544921875,99.58364990123081,0.0,0.8847516775131226,0.6062992215156555
n784,P03_n213,160.5,0.5,52,3,0.6024983525276184,99.5853345462046,0.0,-0.23340536653995514,0.5748031735420227
n787,P03_n216,161.0,0.5,36,3,0.6124979853630066,97.95950588219495,-0.0050023398362100124,2.5073463916778564,0.5590550899505615
n785,P03_n214,161.0,3.0,63,1,0.6124979853630066,97.95950588219495,0.0062510170973837376,-0.07038453221321106,0.5590550899505615
n786,P03_n215,161.0,3.0,75,1,0.6124979853630066,97.95950588219495,-0.0012486776104196906,-0.0755462571978569,0.5590550899505615
n788,P03_n217,161.5,0.5,42,3,0.5850067138671875,102.56292548058113,0.0,2.300795555114746,0.6377952694892883
n789,P03_n218,162.0,0.5,51,3,0.61749267578125,97.16714441039834,0.0,1.5534870624542236,0.6062992215156555
n790,P03_n219,162.5,0.5,48,3,0.597503662109375,100.41779457582103,0.0,1.4935870170593262,0.6062992215156555
n791,P03_n220,163.0,0.5,60,3,0.5999908447265625,100.00152590218967,0.0,0.8580029606819153,0.6062992215156555
n792,P03_n221,163.5,0.5,51,3,0.5975087285041809,100.41694311345975,0.0,-0.2861780524253845,0.6062992215156555
n795,P03_n222,164.0,0.5,36,3,0.5949961543083191,100.84098790478703,0.009997050277888775,0.9349144101142883,0.4881889820098877
n793,P03_n224,164.0,1.0,62,1,0.5949961543083191,100.84098790478703,-0.009999592788517475,-0.12331895530223846,0.6377952694892883
n794,P03_n223,164.0,1.0,74,1,0.5949961543083191,100.84098790478703,2.543131586207892e-06,-0.09390848129987717,0.5748031735420227
n796,P03_n225,164.5,0.5,43,3,0.5558319091796875,107.94630356603618,0.0,-0.08233129978179932,0.7007874250411987
n799,P03_n226,165.0,0.5,50,3,0.5716755986213684,104.95462836737087,0.01416778564453125,0.13441869616508484,0.5118110179901123
n797,P03_n228,165.0,0.5,69,1,0.5716755986213684,104.95462836737087,-0.01833343505859375,-0.03622494265437126,0.7322834730148315
n798,P03_n227,165.0,0.5,81,1,0.5716755986213684,104.95462836737087,0.0041656494140625,0.0817384272813797,0.6692913174629211
n802,P03_n229,165.5,0.5,47,3,0.5699971318244934,105.2636875697025,0.0062510170973837376,0.018866200000047684,0.7007874250411987
n800,P03_n231,165.5,0.5,67,1,0.5699971318244934,105.2636875697025,-0.011250813491642475,-0.08468989282846451,0.6062992215156555
n801,P03_n230,165.5,0.5,79,1,0.5699971318244934,105.2636875697025,0.0049997963942587376,0.006320958957076073,0.7007874250411987
n805,P03_n233,166.0,0.5,55,3,0.6324971318244934,94.86209024683596,0.0012486776104196906,0.5287656188011169,0.5748031735420227
n803,P03_n234,166.0,0.75,62,1,0.6324971318244934,94.86209024683596,-0.0075022378005087376,-0.09221617132425308,0.6377952694892883
n804,P03_n232,166.0,0.75,74,1,0.6324971318244934,94.86209024683596,0.0062535605393350124,-0.04438759759068489,0.6062992215156555
n806,P03_n235,166.5,0.5,50,3,0.6674957275390625,89.88821579609098,0.0,-0.4682297110557556,0.6062992215156555
n807,P03_n236,166.75,0.25,63,1,0.5575103759765625,107.62131537893094,0.004375457763671875,-0.4258873462677002,0.6377952694892883
n808,P03_n237,166.75,0.25,75,1,0.5575103759765625,107.62131537893094,-0.004375457763671875,-0.5341402292251587,0.6377952694892883
n811,P03_n239,167.0,0.5,36,3,0.595001220703125,100.84012925065394,0.00749969482421875,0.8733636736869812,0.5748031735420227
n809,P03_n240,167.0,1.0,65,1,0.595001220703125,100.84012925065394,-0.0175018310546875,-0.20133380591869354,0.7322834730148315
n810,P03_n238,167.0,1.0,77,1,0.595001220703125,100.84012925065394,0.01000213623046875,-0.12333129346370697,0.6377952694892883
n812,P03_n241,167.5,0.5,43,3,0.6074981689453125,98.76572978675307,0.0,-0.1833411008119583,0.6692913174629211
n815,P03_n244,168.0,0.5,52,3,0.592498779296875,101.26603141900593,-0.00499725341796875,1.986241102218628,0.6377952694892883
n813,P03_n242,168.0,2.0,64,1,0.592498779296875,101.26603141900593,0.00499725341796875,-0.0030438974499702454,0.7007874250411987
n814,P03_n243,168.0,2.0,76,1,0.592498779296875,101.26603141900593,0.0,-0.0076262690126895905,0.6377952694892883
n816,P03_n245,168.5,0.5,48,3,0.597503662109375,100.41779457582103,0.0,1.5646908283233643,0.7007874250411987
n817,P03_n246,169.0,1.0,35,3,0.5958302617073059,100.6998198246504,0.0,-0.023385411128401756,0.5590550899505615
n820,P03_n247,170.0,0.5,33,3,0.5770848393440247,103.97084780151617,0.012082417495548725,0.21537765860557556,0.4566929042339325
n818,P03_n249,170.0,0.5,72,1,0.5770848393440247,103.97084780151617,-0.007914225570857525,0.11507271230220795,0.5118110179901123
n819,P03_n248,170.0,0.5,76,1,0.5770848393440247,103.97084780151617,-0.0041681923903524876,0.13797308504581451,0.5433070659637451
n822,P03_n251,170.5,0.5,52,3,0.5900039672851562,101.69423144065276,-0.000621795654296875,-0.12776519358158112,0.4409448802471161
n821,P03_n250,170.5,0.5,84,1,0.5900039672851562,101.69423144065276,0.000621795654296875,-0.12776519358158112,0.4173228442668915
n824,P03_n252,171.0,0.5,60,3,0.5999984741210938,100.0002543137978,0.0018768310546875,-0.22038644552230835,0.5433070659637451
n823,P03_n253,171.0,0.5,83,1,0.5999984741210938,100.0002543137978,-0.0018768310546875,-0.24867545068264008,0.3937007784843445
n826,P03_n254,171.5,0.5,57,3,0.5712432861328125,105.03405721612309,0.005626678466796875,-0.21398155391216278,0.7007874250411987
n825,P03_n255,171.5,0.5,80,1,0.5712432861328125,105.03405721612309,-0.005626678466796875,-0.28913894295692444,0.5590550899505615
n828,P03_n256,172.0,0.5,64,3,0.5862579345703125,102.34403060826111,0.002498626708984375,-0.3112212121486664,0.6377952694892883
n827,P03_n257,172.0,0.5,83,1,0.5862579345703125,102.34403060826111,-0.002498626708984375,-0.34990164637565613,0.7007874250411987
n830,P03_n258,172.5,0.5,60,3,0.6024932861328125,99.58617196403698,0.003124237060546875,-0.39717337489128113,0.5433070659637451
n829,P03_n259,172.5,0.5,81,1,0.6024932861328125,99.58617196403698,-0.003124237060546875,-0.4452677369117737,0.5433070659637451
n832,P03_n260,173.0,0.5,45,3,0.5499106645584106,109.10863139593994,0.005626678466796875,-0.24974383413791656,0.5118110179901123
n831,P03_n261,173.0,0.5,79,1,0.5499106645584106,109.10863139593994,-0.005626678466796875,-0.3299142122268677,0.6062992215156555
n833,P03_n262,173.3330078125,0.333984375,67,2,0.6250457167625427,95.99297841887977,0.0,-0.6694967746734619,0.6062992215156555
n835,P03_n263,173.5,0.5,53,3,0.5726425647735596,104.77740163050198,0.0018768310546875,-0.4301719665527344,0.6377952694892883
n834,P03_n264,173.5,0.5,81,1,0.5726425647735596,104.77740163050198,-0.0018768310546875,-0.4645235538482666,0.6692913174629211
n836,P03_n265,173.6669921875,0.3330078125,68,2,0.6856518983840942,87.50796160763883,0.0,-0.9280698299407959,0.6377952694892883
n839,P03_n268,174.0,0.5,60,3,0.6308390498161316,95.11142345656627,-0.015416462905704975,1.8281549215316772,0.5433070659637451
n838,P03_n267,174.0,2.0,69,2,0.6308390498161316,95.11142345656627,-0.00041707357740961015,-0.15424132347106934,0.4724409580230713
n837,P03_n266,174.0,2.0,77,1,0.6308390498161316,95.11142345656627,0.01583353616297245,-0.18640974164009094,0.5748031735420227
n840,P03_n269,174.5,0.5,57,3,0.5749969482421875,104.34837990605844,0.0,1.5142672061920166,0.6062992215156555
n841,P03_n270,175.0,0.5,65,3,0.592498779296875,101.26603141900593,0.0,0.8527267575263977,0.6062992215156555
n842,P03_n271,175.5,0.5,53,3,0.5816752314567566,103.15034361998715,0.0,-0.20393045246601105,0.5433070659637451
n845,P03_n272,176.0,1.0,40,3,0.5983327031135559,100.27865715475151,0.0033315022010356188,-0.17495568096637726,0.6377952694892883
n843,P03_n274,176.0,0.5,68,1,0.5983327031135559,100.27865715475151,-0.0041681923903524876,-0.14798849821090698,0.6692913174629211
n844,P03_n273,176.0,0.5,71,1,0.5983327031135559,100.27865715475151,0.0008366902475245297,-0.11497347801923752,0.7007874250411987
n846,P03_n275,176.5,0.25,88,1,0.41998291015625,142.86295596570267,0.0,1.1234411001205444,0.7637795209884644
n847,P03_n276,176.75,0.25,87,1,0.5937576293945312,101.05133311917764,0.0,-0.24794605374336243,0.7007874250411987
n849,P03_n277,177.0,4.0,52,3,0.8992786407470703,66.72014354767212,0.020936965942382812,-1.667328953742981,0.5118110179901123
n850,P03_n279,177.0,2.0,56,3,0.8992786407470703,66.72014354767212,-0.0078105926513671875,-0.5868144631385803,0.5590550899505615
n851,P03_n280,177.0,2.0,62,3,0.8992786407470703,66.72014354767212,-0.027814865112304688,-0.5673688054084778,0.6062992215156555
n848,P03_n278,177.0,0.1337890625,86,1,0.8992786407470703,66.72014354767212,0.014688491821289062,-0.6818376779556274,0.5590550899505615
n852,P03_n281,177.1337890625,0.1328125,85,1,0.3388097286224365,177.09054649626935,0.0,4.640705108642578,0.5275590419769287
n853,P03_n282,177.2666015625,0.1337890625,84,1,0.5232093930244446,114.67684028600146,0.0,3.9458682537078857,0.5118110179901123
n854,P03_n283,177.400390625,0.1328125,83,1,0.6494140625,92.39097744360902,0.0,3.5496819019317627,0.5748031735420227
n855,P03_n284,177.533203125,0.1337890625,82,1,0.5419137477874756,110.7187264485684,0.0,3.6733579635620117,0.5748031735420227
n856,P03_n285,177.6669921875,0.1328125,81,1,0.6494140625,92.39097744360902,0.0,3.3072121143341064,0.5118110179901123
n857,P03_n286,177.7998046875,0.1337890625,80,1,0.625969409942627,95.85132922948948,0.0,3.198390245437622,0.4566929042339325
n858,P03_n287,177.93359375,0.1328125,79,1,0.6588349938392639,91.06984383200236,0.0,2.9713540077209473,0.3937007784843445
n859,P03_n288,178.06640625,0.1337890625,78,1,0.6913777589797974,86.78323712428426,0.0,2.6974563598632812,0.5275590419769287
n860,P03_n289,178.2001953125,0.1328125,77,1,0.621208667755127,96.58590279627471,0.0,2.6244161128997803,0.5433070659637451
n861,P03_n290,178.3330078125,0.1337890625,76,1,0.5886176824569702,101.93373693693985,0.0,2.440561532974243,0.5590550899505615
n862,P03_n291,178.466796875,0.1328125,75,1,0.7058823704719543,84.99999788900222,0.0,1.9004642963409424,0.5275590419769287
n863,P03_n292,178.599609375,0.1337890625,74,1,0.6820255517959595,87.97324358596774,0.0,1.496714472770691,0.6062992215156555
n864,P03_n293,178.7333984375,0.1328125,73,1,0.5929457545280457,101.1896949119012,0.0,1.08879816532135,0.5748031735420227
n865,P03_n294,178.8662109375,0.1337890625,72,1,0.6913777589797974,86.78323712428426,0.0,-0.03950926661491394,0.5748031735420227
n866,P03_n295,179.0,0.142578125,71,1,0.7890625,76.03960396039604,0.0,-0.5850015878677368,0.6377952694892883
n868,P03_n297,179.142578125,0.1435546875,74,1,0.644345223903656,93.11778496083232,0.0,2.0805845260620117,0.6377952694892883
n869,P03_n298,179.2861328125,0.142578125,77,1,0.5084546208381653,118.00463117257665,0.0,1.4996802806854248,0.5748031735420227
n870,P03_n299,179.4287109375,0.142578125,80,1,0.4734589159488678,126.7269407732092,0.0,4.099876403808594,0.5748031735420227
n871,P03_n300,179.5712890625,0.142578125,83,1,0.4646297097206116,129.13509133128582,0.0,4.042003631591797,0.5433070659637451
n872,P03_n301,179.7138671875,0.1435546875,77,1,0.6530612111091614,91.8750018824358,0.0,3.4524197578430176,0.6377952694892883
n873,P03_n302,179.857421875,0.142578125,74,1,0.6926369667053223,86.6254659860316,0.0,3.241112232208252,0.6062992215156555
n874,P03_n303,180.0,0.2001953125,71,1,0.6618521213531494,90.6546916814751,0.0,2.657945394515991,0.6062992215156555
n875,P03_n304,180.2001953125,0.2001953125,68,1,0.6368521451950073,94.21339074178309,0.0,2.4671847820281982,0.7007874250411987
n876,P03_n305,180.400390625,0.19921875,65,1,0.6149280071258545,97.57239758917027,0.0,2.2400975227355957,0.6692913174629211
n877,P03_n306,180.599609375,0.2001953125,62,1,0.6556021571159363,91.51891791196415,0.0,1.8014711141586304,0.6062992215156555
n878,P03_n307,180.7998046875,0.2001953125,59,1,0.8179497122764587,73.35414280299986,0.0,1.069867491722107,0.6062992215156555
n880,P04_n0,181.0,0.3330078125,45,3,0.5142503380775452,116.67469237706645,0.0,2.808863639831543,0.3700787425041199
n879,P04_n1,181.0,2.0,57,1,0.5142503380775452,116.67469237706645,0.0,-1.4603973627090454,0.5039370059967041
n881,P04_n2,181.3330078125,0.333984375,52,3,0.6100603342056274,98.35092799161788,0.0,1.9412864446640015,0.34645670652389526
n882,P04_n3,181.6669921875,0.3330078125,57,3,0.5442861318588257,110.23613589986252,0.0,1.0632526874542236,0.29133859276771545
n883,P04_n4,182.0,0.3330078125,64,3,0.5968199968338013,100.53282450036343,0.0,1.7011685371398926,0.4173228442668915
n884,P04_n5,182.3330078125,0.333984375,57,3,0.5988441109657288,100.1930200219231,0.0,1.1658788919448853,0.3937007784843445
n885,P04_n6,182.6669921875,0.3330078125,52,3,0.6493768095970154,92.39627765154454,0.0,0.2092442512512207,0.3937007784843445
n886,P04_n7,183.0,0.3330078125,48,3,0.7169400453567505,83.68900633824117,0.0,-0.25548043847084045,0.4881889820098877
n887,P04_n8,183.3330078125,0.333984375,52,3,0.6624634265899658,90.57103772332057,0.0,-0.07530409097671509,0.3937007784843445
n888,P04_n9,183.6669921875,0.3330078125,40,3,0.6794125437736511,88.31158704657244,0.0,-0.04863283038139343,0.4173228442668915
n891,P04_n12,184.0,0.3330078125,45,3,0.6118493676185608,98.06335215076206,-0.003753662109375,1.6199344396591187,0.3937007784843445
n889,P04_n11,184.0,1.0,64,1,0.6118493676185608,98.06335215076206,0.001251220703125,-0.11492559313774109,0.4566929042339325
n890,P04_n10,184.0,1.0,76,1,0.6118493676185608,98.06335215076206,0.00250244140625,0.04503508657217026,0.4173228442668915
n892,P04_n13,184.3330078125,0.333984375,52,3,0.6437545418739319,93.20322591487044,0.0,0.9915611743927002,0.5433070659637451
n893,P04_n14,184.6669921875,0.3330078125,57,3,0.4879719614982605,122.95788433371675,0.0,0.4370773434638977,0.4409448802471161
n896,P04_n15,185.0,0.3330078125,64,3,0.5480205416679382,109.48494707403826,0.0162506103515625,0.9650321006774902,0.31496062874794006
n894,P04_n17,185.0,0.5,69,1,0.5480205416679382,109.48494707403826,-0.02500152587890625,0.18962626159191132,0.3937007784843445
n895,P04_n16,185.0,0.5,81,1,0.5480205416679382,109.48494707403826,0.00875091552734375,0.34278303384780884,0.4566929042339325
n897,P04_n18,185.3330078125,0.333984375,57,3,0.5726425647735596,104.77740163050198,0.0,0.10890672355890274,0.6062992215156555
n898,P04_n20,185.5,0.5,67,1,0.48282164335250854,124.26949128333492,-0.00937652587890625,0.2520715892314911,0.5590550899505615
n899,P04_n19,185.5,0.5,79,1,0.48282164335250854,124.26949128333492,0.00937652587890625,0.3490960896015167,0.5118110179901123
n900,P04_n21,185.6669921875,0.3330078125,52,3,0.5405211448669434,111.00398304449277,0.0,0.2813040614128113,0.5748031735420227
n903,P04_n22,186.0,0.3330078125,48,3,0.608099639415741,98.66804074682184,0.02750142477452755,1.6629512310028076,0.5433070659637451
n901,P04_n24,186.0,1.0,69,1,0.608099639415741,98.66804074682184,-0.03125254437327385,-0.06825488805770874,0.7007874250411987
n902,P04_n23,186.0,1.0,81,1,0.608099639415741,98.66804074682184,0.0037511189002543688,0.019207943230867386,0.7007874250411987
n904,P04_n25,186.3330078125,0.333984375,52,3,0.632515549659729,94.85932801537903,0.0,0.8470459580421448,0.5748031735420227
n905,P04_n26,186.6669921875,0.3330078125,40,3,0.563049852848053,106.56250009924406,0.0,0.11103131622076035,0.6062992215156555
n908,P04_n27,187.0,0.3330078125,52,3,0.563049852848053,106.56250009924406,0.0175018310546875,0.7019186615943909,0.5748031735420227
n906,P04_n29,187.0,0.5,67,1,0.563049852848053,106.56250009924406,-0.02375030517578125,-0.1498548686504364,0.5748031735420227
n907,P04_n28,187.0,0.5,79,1,0.563049852848053,106.56250009924406,0.00624847412109375,0.055173903703689575,0.6692913174629211
n909,P04_n30,187.3330078125,0.333984375,57,3,0.47905245423316956,125.2472447845892,0.0,-0.01127956248819828,0.5118110179901123
n910,P04_n32,187.5,0.5,67,1,0.4491273760795593,133.592390924243,-0.011249542236328125,0.1691587120294571,0.4566929042339325
n911,P04_n31,187.5,0.5,81,1,0.4491273760795593,133.592390924243,0.011249542236328125,0.29884982109069824,0.4724409580230713
n912,P04_n33,187.6669921875,0.666015625,64,3,0.6024560332298279,99.59232988062865,0.0,-1.0690240859985352,0.5748031735420227
n913,P04_n35,188.0,1.0,67,1,0.5912069082260132,101.48731208171628,0.0006256103515625,-0.14075744152069092,0.4724409580230713
n914,P04_n36,188.0,1.0,76,1,0.5912069082260132,101.48731208171628,-0.0006256103515625,-0.12071970850229263,0.3937007784843445
n916,P04_n37,188.3330078125,0.333984375,57,3,0.6100603342056274,98.35092799161788,0.0,0.7805505394935608,0.5748031735420227
n917,P04_n38,188.6669921875,0.3330078125,52,3,0.6456423997879028,92.9306997491341,0.0,-0.49555400013923645,0.6377952694892883
n918,P04_n39,189.0,0.3330078125,48,3,0.6456195116043091,92.9339942823369,0.0,-0.3072991371154785,0.5748031735420227
n919,P04_n40,189.3330078125,0.333984375,52,3,0.606313943862915,98.95863456105133,0.0,-0.20029433071613312,0.6062992215156555
n920,P04_n41,189.6669921875,0.3330078125,45,3,0.5592982769012451,107.27728383578439,0.0,-0.07962252199649811,0.7007874250411987
n924,P04_n43,190.0,0.3330078125,45,3,0.6118435859680176,98.06427880595014,0.0049991607666015625,1.5247251987457275,0.5433070659637451
n921,P04_n45,190.0,1.0,64,1,0.6118435859680176,98.06427880595014,-0.010000228881835938,-0.10854256898164749,0.5590550899505615
n922,P04_n44,190.0,1.0,72,1,0.6118435859680176,98.06427880595014,-0.0012493133544921875,-0.0833420380949974,0.5433070659637451
n923,P04_n42,190.0,1.0,76,1,0.6118435859680176,98.06427880595014,0.0062503814697265625,-0.06164691224694252,0.5118110179901123
n925,P04_n46,190.3330078125,0.333984375,48,3,0.6474780440330505,92.66723490153946,0.0,0.8085620403289795,0.6062992215156555
n926,P04_n47,190.6669921875,0.3330078125,55,3,0.5367829203605652,111.77702889595871,0.0,-0.12647180259227753,0.6062992215156555
n930,P04_n48,191.0,0.3330078125,60,3,0.544274628162384,110.23846583217734,0.020000457763671875,0.7916526794433594,0.5118110179901123
n927,P04_n51,191.0,0.5,69,1,0.544274628162384,110.23846583217734,-0.033748626708984375,-0.08678288012742996,0.5433070659637451
n928,P04_n50,191.0,0.5,72,1,0.544274628162384,110.23846583217734,-0.003749847412109375,0.021639641374349594,0.5275590419769287
n929,P04_n49,191.0,0.5,81,1,0.544274628162384,110.23846583217734,0.017498016357421875,0.18793338537216187,0.6062992215156555
n931,P04_n52,191.3330078125,0.333984375,55,3,0.6063292026519775,98.95614418301234,0.0,-0.374097615480423,0.5590550899505615
n932,P04_n55,191.5,0.5,67,1,0.5688809752464294,105.4702171645115,-0.0162480678409338,-0.12961524724960327,0.5748031735420227
n933,P04_n54,191.5,0.5,72,1,0.5688809752464294,105.4702171645115,0.0012461344012990594,-0.029155002906918526,0.5433070659637451
n934,P04_n53,191.5,0.5,79,1,0.5688809752464294,105.4702171645115,0.015001933090388775,0.04646197333931923,0.5748031735420227
n935,P04_n56,191.6669921875,0.3330078125,52,3,0.6550242900848389,91.5996565443837,0.0,-0.2376510351896286,0.4173228442668915
n939,P04_n60,192.0,0.3330078125,55,3,0.6737880110740662,89.04877945862485,-0.005626678466796875,1.3291329145431519,0.5590550899505615
n936,P04_n59,192.0,1.0,69,1,0.6737880110740662,89.04877945862485,-0.003124237060546875,-0.26044172048568726,0.5118110179901123
n937,P04_n57,192.0,1.0,72,1,0.6737880110740662,89.04877945862485,0.009372711181640625,-0.22559991478919983,0.5590550899505615
n938,P04_n58,192.0,1.0,81,1,0.6737880110740662,89.04877945862485,-0.000621795654296875,-0.24767442047595978,0.4881889820098877
n940,P04_n61,192.3330078125,0.333984375,52,3,0.6586942672729492,91.08930042522633,0.0,0.6543525457382202,0.6692913174629211
n941,P04_n62,192.6669921875,0.3330078125,43,3,0.5733767747879028,104.64323397506733,0.0,-0.15700744092464447,0.6377952694892883
n945,P04_n63,193.0,0.3330078125,52,3,0.5639948844909668,106.38394363124935,0.018438339233398438,0.8076809048652649,0.5275590419769287
n942,P04_n66,193.0,0.5,67,1,0.5639948844909668,106.38394363124935,-0.03156471252441406,-0.11717057973146439,0.5748031735420227
n943,P04_n65,193.0,0.5,72,1,0.5639948844909668,106.38394363124935,-0.0053119659423828125,-0.11717057973146439,0.6692913174629211
n944,P04_n64,193.0,0.5,79,1,0.5639948844909668,106.38394363124935,0.018438339233398438,0.21581269800662994,0.4881889820098877
n946,P04_n67,193.3330078125,0.333984375,55,3,0.48655274510383606,123.31653783434167,0.0,0.011046093888580799,0.5118110179901123
n947,P04_n70,193.5,0.5,67,1,0.4491197466850281,133.59466031690334,-0.02375284768640995,0.1475963294506073,0.6062992215156555
n948,P04_n69,193.5,0.5,72,1,0.4491197466850281,133.59466031690334,0.0024998981971293688,0.3311506509780884,0.5118110179901123
n949,P04_n68,193.5,0.5,81,1,0.4491197466850281,133.59466031690334,0.0212529506534338,0.45348623394966125,0.4881889820098877
n950,P04_n71,193.6669921875,0.666015625,64,3,0.6168591380119324,97.2669387591035,0.0,-0.951106071472168,0.6062992215156555
n951,P04_n72,194.0,1.0,67,1,0.6556390523910522,91.51376779828139,0.0066655478440225124,-0.2732785940170288,0.6377952694892883
n952,P04_n73,194.0,1.0,72,1,0.6556390523910522,91.51376779828139,-0.0008341471548192203,-0.28663697838783264,0.6062992215156555
n953,P04_n74,194.0,1.0,76,1,0.6556390523910522,91.51376779828139,-0.0058314003981649876,-0.2933628261089325,0.5433070659637451
n955,P04_n76,194.3330078125,0.333984375,55,3,0.6512244343757629,92.13413507359186,0.0,0.5794323682785034,0.5748031735420227
n956,P04_n77,194.6669921875,0.666015625,52,3,0.645630955696106,92.93234698653697,0.0,-1.4837512969970703,0.7007874250411987
n958,P04_n79,195.3330078125,0.333984375,52,3,0.5950749516487122,100.82763496222493,0.0,-0.20432749390602112,0.5118110179901123
n959,P04_n80,195.6669921875,0.3330078125,43,3,0.5467910170555115,109.73113699471888,0.0,-0.10972988605499268,0.4881889820098877
n962,P04_n81,196.0,0.3330078125,41,3,0.5530532002449036,108.48865890918042,0.0258356723934412,1.7628099918365479,0.4409448802471161
n960,P04_n83,196.0,1.0,65,1,0.5530532002449036,108.48865890918042,-0.0266698207706213,0.04354359954595566,0.6062992215156555
n961,P04_n82,196.0,1.0,69,1,0.5530532002449036,108.48865890918042,0.0008341471548192203,0.11453543603420258,0.4566929042339325
n963,P04_n84,196.3330078125,0.333984375,48,3,0.6474780440330505,92.66723490153946,0.0,0.9447664022445679,0.4409448802471161
n964,P04_n85,196.6669921875,0.3330078125,53,3,0.5417735576629639,110.74737618945565,0.0,0.15767082571983337,0.6062992215156555
n967,P04_n86,197.0,0.3330078125,60,3,0.5730541348457336,104.70215002663234,0.0179163608700037,0.7057744860649109,0.6062992215156555
n965,P04_n88,197.0,0.5,64,1,0.5730541348457336,104.70215002663234,-0.02083333395421505,-0.08571195602416992,0.6062992215156555
n966,P04_n87,197.0,0.5,72,1,0.5730541348457336,104.70215002663234,0.0029169719200581312,0.04204346984624863,0.4724409580230713
n968,P04_n89,197.3330078125,0.333984375,53,3,0.5052768588066101,118.74678001622954,0.0,-0.19421175122261047,0.4724409580230713
n969,P04_n91,197.5,0.5,62,1,0.47530609369277954,126.23444301722293,-0.014377593994140625,0.13657404482364655,0.4173228442668915
n970,P04_n90,197.5,0.5,71,1,0.47530609369277954,126.23444301722293,0.014377593994140625,0.2934010624885559,0.5275590419769287
n971,P04_n92,197.6669921875,0.3330078125,48,3,0.6550242900848389,91.5996565443837,0.0,-0.13422143459320068,0.5118110179901123
n972,P04_n94,198.0,1.0,60,1,0.5123831629753113,117.09986653658065,-0.005626678466796875,0.10548365116119385,0.4881889820098877
n973,P04_n93,198.0,1.0,69,1,0.5123831629753113,117.09986653658065,0.005626678466796875,0.13783255219459534,0.3937007784843445
n974,P04_n95,198.3330078125,0.333984375,48,3,0.6886422038078308,87.12797395836535,0.0,0.757235586643219,0.5118110179901123
n975,P04_n96,198.6669921875,0.3330078125,41,3,0.5718169808387756,104.92867824944335,0.0,-0.20671525597572327,0.4409448802471161
n978,P04_n97,199.0,0.3330078125,41,3,0.6218459606170654,96.48691766118615,0.0216649379581213,0.6777352690696716,0.4409448802471161
n976,P04_n99,199.0,0.5,62,1,0.6218459606170654,96.48691766118615,-0.0208307895809412,-0.11928162723779678,0.4566929042339325
n977,P04_n98,199.0,0.5,65,1,0.6218459606170654,96.48691766118615,-0.0008341471548192203,-0.015970861539244652,0.3937007784843445
n979,P04_n100,199.3330078125,0.333984375,50,3,0.6362847089767456,94.29740987566751,0.0,-0.23952803015708923,0.4566929042339325
n980,P04_n102,199.5,0.5,62,1,0.5090003609657288,117.87810893917977,-0.00875091552734375,0.11830779910087585,0.5433070659637451
n981,P04_n101,199.5,0.5,70,1,0.5090003609657288,117.87810893917977,0.00875091552734375,0.21304820477962494,0.5433070659637451
n982,P04_n103,199.6669921875,0.3330078125,53,3,0.6418774724006653,93.47578405516543,0.0,-0.0780038833618164,0.6062992215156555
n985,P04_n104,200.0,0.3330078125,62,3,0.6118340492248535,98.06580734762207,0.0024998981971293688,0.4392061233520508,0.5275590419769287
n983,P04_n106,200.0,0.5,64,1,0.6118340492248535,98.06580734762207,-0.0049997963942587376,-0.19360147416591644,0.5748031735420227
n984,P04_n105,200.0,0.5,72,1,0.6118340492248535,98.06580734762207,0.0024998981971293688,-0.1537087857723236,0.6692913174629211
n986,P04_n107,200.3330078125,0.333984375,53,3,0.5015533566474915,119.62834901765001,0.0,-0.14732052385807037,0.4409448802471161
n987,P04_n109,200.5,0.5,65,1,0.5464181303977966,109.80601971665826,-0.0149993896484375,-0.023740530014038086,0.5118110179901123
n988,P04_n108,200.5,0.5,74,1,0.5464181303977966,109.80601971665826,0.0149993896484375,0.1349572092294693,0.5748031735420227
n989,P04_n110,200.6669921875,0.3330078125,46,3,0.6619012951850891,90.64795678216954,0.0,-0.1767698973417282,0.4724409580230713
n992,P04_n112,201.0,0.3330078125,53,3,0.6030822396278381,99.48891885296769,-0.0008341471548192203,0.4269767999649048,0.4409448802471161
n990,P04_n113,201.0,0.5,67,1,0.6030822396278381,99.48891885296769,-0.0020853679161518812,-0.17957313358783722,0.5590550899505615
n991,P04_n111,201.0,0.5,76,1,0.6030822396278381,99.48891885296769,0.0029195148963481188,-0.14609846472740173,0.5590550899505615
n993,P04_n114,201.3330078125,0.333984375,50,3,0.5576571822166443,107.59298349122776,0.0,-0.2191590964794159,0.4881889820098877
n994,P04_n116,201.5,0.5,69,1,0.5876279473304749,102.10542278081394,-0.00937652587890625,-0.1557319313287735,0.6377952694892883
n995,P04_n115,201.5,0.5,77,1,0.5876279473304749,102.10542278081394,0.00937652587890625,-0.05028257519006729,0.6692913174629211
n996,P04_n117,201.6669921875,0.3330078125,41,3,0.5855652093887329,102.46510386543207,0.0,-0.1356387734413147,0.6062992215156555
n1000,P04_n120,202.0,0.3330078125,39,3,0.6719036102294922,89.29852301211284,0.0012493133544921875,0.4587041735649109,0.6377952694892883
n997,P04_n121,202.0,0.5,63,1,0.6719036102294922,89.29852301211284,-0.013750076293945312,-0.2184334248304367,0.6377952694892883
n998,P04_n119,202.0,0.5,72,1,0.6719036102294922,89.29852301211284,0.0025005340576171875,-0.13354447484016418,0.6062992215156555
n999,P04_n118,202.0,0.5,75,1,0.6719036102294922,89.29852301211284,0.010000228881835938,-0.0929025262594223,0.5433070659637451
n1001,P04_n122,202.3330078125,0.333984375,48,3,0.6811723113059998,88.083439394304,0.0,-0.3580533564090729,0.7637795209884644
n1002,P04_n124,202.5,0.5,60,1,0.4491273760795593,133.592390924243,-0.013751983642578125,0.2658348083496094,0.6062992215156555
n1003,P04_n123,202.5,0.5,72,1,0.4491273760795593,133.592390924243,0.013751983642578125,0.5053006410598755,0.4566929042339325
n1004,P04_n125,202.6669921875,0.3330078125,51,3,0.6481320261955261,92.57373123836257,0.0,0.09953773021697998,0.7007874250411987
n1007,P04_n127,203.0,0.3330078125,60,3,0.5943304300308228,100.95394240017009,0.0058339438401162624,0.5879966020584106,0.6062992215156555
n1005,P04_n128,203.0,0.5,62,1,0.5943304300308228,100.95394240017009,-0.0166651401668787,-0.12500891089439392,0.5748031735420227
n1006,P04_n126,203.0,0.5,74,1,0.5943304300308228,100.95394240017009,0.010831196792423725,0.01969611458480358,0.6692913174629211
n1008,P04_n129,203.3330078125,0.333984375,51,3,0.6811723113059998,88.083439394304,0.0,-0.3992759883403778,0.6377952694892883
n1009,P04_n131,203.5,0.5,63,1,0.6212764978408813,96.57535768456984,-0.011249542236328125,-0.17580382525920868,0.6377952694892883
n1010,P04_n130,203.5,0.5,75,1,0.6212764978408813,96.57535768456984,0.011249542236328125,-0.056296706199645996,0.6692913174629211
n1011,P04_n132,203.6669921875,0.3330078125,48,3,0.644374668598175,93.11352994451019,0.0,-0.21400247514247894,0.7007874250411987
n1014,P04_n134,204.0,0.3330078125,51,3,0.699444055557251,85.78241465244517,0.0020802814979106188,0.4525887668132782,0.7007874250411987
n1012,P04_n135,204.0,0.5,65,1,0.699444055557251,85.78241465244517,-0.0166651401668787,-0.23331889510154724,0.6692913174629211
n1013,P04_n133,204.0,0.5,77,1,0.699444055557251,85.78241465244517,0.014584858901798725,-0.08374255150556564,0.6377952694892883
n1015,P04_n136,204.3330078125,0.333984375,39,3,0.6961348652839661,86.19019530867041,0.0,-0.22626446187496185,0.6377952694892883
n1016,P04_n138,204.5,0.5,67,1,0.606313943862915,98.95863456105133,-0.00875091552734375,0.14409609138965607,0.6377952694892883
n1017,P04_n137,204.5,0.5,79,1,0.606313943862915,98.95863456105133,0.00875091552734375,0.22266507148742676,0.5590550899505615
n1018,P04_n139,204.6669921875,0.3330078125,36,3,0.5602261424064636,107.09960756609588,0.0,0.3931445777416229,0.5748031735420227
n1022,P04_n142,205.0,0.3330078125,38,3,0.6146730780601501,97.61286469443937,0.0015621185302734375,0.6835437417030334,0.6377952694892883
n1019,P04_n143,205.0,0.5,68,1,0.6146730780601501,97.61286469443937,-0.020936965942382812,-0.022884082049131393,0.5748031735420227
n1020,P04_n141,205.0,0.5,77,1,0.6146730780601501,97.61286469443937,0.009061813354492188,0.11894860863685608,0.5433070659637451
n1021,P04_n140,205.0,0.5,80,1,0.6146730780601501,97.61286469443937,0.010313034057617188,0.12971502542495728,0.6692913174629211
n1023,P04_n144,205.3330078125,0.333984375,48,3,0.5576571822166443,107.59298349122776,0.0,-0.039249926805496216,0.6377952694892883
n1024,P04_n146,205.5,0.5,64,1,0.48282164335250854,124.26949128333492,-0.01812744140625,0.187941312789917,0.5590550899505615
n1025,P04_n145,205.5,0.5,76,1,0.48282164335250854,124.26949128333492,0.01812744140625,0.3723658621311188,0.5590550899505615
n1026,P04_n147,205.6669921875,0.3330078125,53,3,0.5011054277420044,119.73528259384805,0.0,0.3655945658683777,0.4724409580230713
n1029,P04_n149,206.0,0.3330078125,56,3,0.6475153565406799,92.66189503295668,0.008127212524414062,0.500266969203949,0.5748031735420227
n1030,P04_n150,206.0,0.3330078125,60,3,0.6475153565406799,92.66189503295668,-0.0043773651123046875,0.44604647159576416,0.6062992215156555
n1027,P04_n151,206.0,0.5,65,1,0.6475153565406799,92.66189503295668,-0.021871566772460938,-0.24865812063217163,0.4724409580230713
n1028,P04_n148,206.0,0.5,77,1,0.6475153565406799,92.66189503295668,0.018121719360351562,-0.04529894143342972,0.5118110179901123
n1031,P04_n152,206.3330078125,0.333984375,53,3,0.6100374460220337,98.3546180505006,0.0,-0.20912712812423706,0.6062992215156555
n1032,P04_n154,206.5,0.5,67,1,0.7448145151138306,80.5569692621124,-0.004375457763671875,-0.36706027388572693,0.6062992215156555
n1033,P04_n153,206.5,0.5,79,1,0.7448145151138306,80.5569692621124,0.004375457763671875,-0.31794241070747375,0.7007874250411987
n1034,P04_n155,206.6669921875,0.666015625,48,3,0.6005773544311523,99.90386676638862,0.0,-1.2238739728927612,0.6062992215156555
n1035,P04_n158,207.0,0.5,68,1,0.6644061803817749,90.30620390304522,-0.00749969482421875,-0.31252649426460266,0.6692913174629211
n1036,P04_n156,207.0,0.5,80,1,0.6644061803817749,90.30620390304522,0.00749969482421875,-0.2274450659751892,0.7007874250411987
n1038,P04_n159,207.3330078125,0.1669921875,41,3,0.8583394289016724,69.90241620005241,0.0,0.4160589277744293,0.6692913174629211
n1041,P04_n162,207.5,0.5,38,3,0.5270716547966003,113.8365143599959,-0.0779164656996727,-0.3190476596355438,0.7322834730148315
n1039,P04_n161,207.5,0.5,70,1,0.5270716547966003,113.8365143599959,0.0333353690803051,0.28007280826568604,0.6377952694892883
n1040,P04_n160,207.5,0.5,82,1,0.5270716547966003,113.8365143599959,0.0445810966193676,0.33535534143447876,0.7007874250411987
n1045,P04_n163,208.0,0.3330078125,37,3,0.606224775314331,98.97319021461908,0.008129119873046875,0.814338207244873,0.5748031735420227
n1042,P04_n166,208.0,0.5,71,1,0.606224775314331,98.97319021461908,-0.019382476806640625,0.09502727538347244,0.5748031735420227
n1043,P04_n165,208.0,0.5,77,1,0.606224775314331,98.97319021461908,0.003124237060546875,-0.07003195583820343,0.6062992215156555
n1044,P04_n164,208.0,0.5,83,1,0.606224775314331,98.97319021461908,0.008129119873046875,0.22287723422050476,0.6062992215156555
n1046,P04_n167,208.3330078125,0.333984375,44,3,0.5539107918739319,108.32069149079837,0.0,0.130415678024292,0.6062992215156555
n1047,P04_n169,208.5,0.5,72,1,0.7635233998298645,78.58305326774499,-0.001251220703125,-0.28305691480636597,0.5748031735420227
n1048,P04_n168,208.5,0.5,77,1,0.7635233998298645,78.58305326774499,0.00750732421875,-0.2377922087907791,0.6377952694892883
n1049,P04_n170,208.5,0.5,80,1,0.7635233998298645,78.58305326774499,-0.001251220703125,-0.2716068923473358,0.5118110179901123
n1050,P04_n171,208.5,0.5,84,1,0.7635233998298645,78.58305326774499,-0.0050048828125,-0.28305691480636597,0.6377952694892883
n1051,P04_n172,208.6669921875,0.3330078125,53,3,0.6433650851249695,93.25964586397379,0.0,-0.15440720319747925,0.6692913174629211
n1056,P04_n177,209.0,0.3330078125,56,3,0.6291330456733704,95.36933469419193,-0.02075500413775444,0.5058966279029846,0.6062992215156555
n1052,P04_n174,209.0,0.5,73,1,0.6291330456733704,95.36933469419193,0.005505370907485485,0.019060129299759865,0.6377952694892883
n1053,P04_n173,209.0,0.5,77,1,0.6291330456733704,95.36933469419193,0.014248657040297985,0.063625767827034,0.7007874250411987
n1054,P04_n175,209.0,0.5,80,1,0.6291330456733704,95.36933469419193,0.004254150204360485,0.024706687778234482,0.7007874250411987
n1055,P04_n176,209.0,0.5,85,1,0.6291330456733704,95.36933469419193,-0.0032531737815588713,-0.00374973239377141,0.6692913174629211
n1057,P04_n178,209.3330078125,0.333984375,60,3,0.5514132380485535,108.81131583336567,0.0,0.10086622834205627,0.7322834730148315
n1058,P04_n181,209.5,0.5,76,1,0.6910940408706665,86.81886465756487,-0.0041707358323037624,-0.1979207694530487,0.6692913174629211
n1059,P04_n179,209.5,0.5,83,1,0.6910940408706665,86.81886465756487,0.0045878090895712376,-0.15080823004245758,0.6692913174629211
n1060,P04_n180,209.5,0.5,88,1,0.6910940408706665,86.81886465756487,-0.00041707357740961015,-0.16829563677310944,0.7007874250411987
n1061,P04_n182,209.6669921875,0.3330078125,65,3,0.604369044303894,99.27708999243562,0.0,-0.018102804198861122,0.6062992215156555
n1065,P04_n186,210.0,0.3330078125,68,3,0.6531456112861633,91.86312969607039,-0.004993438720703125,0.5112355947494507,0.6377952694892883
n1062,P04_n184,210.0,0.5,77,1,0.6531456112861633,91.86312969607039,0.001247406005859375,-0.0635484904050827,0.6377952694892883
n1063,P04_n183,210.0,0.5,80,1,0.6531456112861633,91.86312969607039,0.002498626708984375,-0.05205285921692848,0.7322834730148315
n1064,P04_n185,210.0,0.5,89,1,0.6531456112861633,91.86312969607039,0.001247406005859375,-0.05205285921692848,0.7007874250411987
n1066,P04_n187,210.3330078125,0.333984375,72,3,0.6811342835426331,88.08835709742178,0.0,-0.19483682513237,0.6377952694892883
n1067,P04_n189,210.5,0.5,79,1,0.5538803339004517,108.3266480639909,-0.0037485759239643812,0.12138690799474716,0.7007874250411987
n1068,P04_n190,210.5,0.5,83,1,0.5538803339004517,108.3266480639909,-0.0062510170973837376,0.10936439037322998,0.7322834730148315
n1069,P04_n188,210.5,0.5,91,1,0.5538803339004517,108.3266480639909,0.009999592788517475,0.19149108231067657,0.6692913174629211
n1070,P04_n191,210.6669921875,0.3330078125,77,3,0.6351447701454163,94.46665204574228,0.0,0.023623231798410416,0.6062992215156555
n1075,P04_n192,211.0,0.3330078125,38,3,0.569813072681427,105.29768949956156,0.01399841345846653,0.7651825547218323,0.5748031735420227
n1071,P04_n196,211.0,0.5,80,1,0.569813072681427,105.29768949956156,-0.00974426232278347,0.050226226449012756,0.7007874250411987
n1072,P04_n194,211.0,0.5,84,1,0.569813072681427,105.29768949956156,-0.0010009765392169356,0.03176933899521828,0.6692913174629211
n1073,P04_n195,211.0,0.5,89,1,0.569813072681427,105.29768949956156,-0.0035034180618822575,0.025564195588231087,0.7007874250411987
n1074,P04_n193,211.0,0.5,92,1,0.569813072681427,105.29768949956156,0.0002502441348042339,0.11009777337312698,0.7322834730148315
n1076,P04_n197,211.3330078125,0.333984375,45,3,0.6381121873855591,94.0273531615639,0.0,0.054014790803194046,0.6692913174629211
n1077,P04_n200,211.5,0.5,81,1,0.5670230388641357,105.81580621519787,-0.00218963623046875,0.27269667387008667,0.7007874250411987
n1078,P04_n198,211.5,0.5,84,1,0.5670230388641357,105.81580621519787,0.00281524658203125,-0.017980489879846573,0.7007874250411987
n1079,P04_n199,211.5,0.5,89,1,0.5670230388641357,105.81580621519787,0.00156402587890625,-0.043975673615932465,0.6692913174629211
n1080,P04_n201,211.5,0.5,93,1,0.5670230388641357,105.81580621519787,-0.00218963623046875,0.2831890285015106,0.6377952694892883
n1081,P04_n202,211.6669921875,0.3330078125,53,3,0.5226929187774658,114.79015277332412,0.0,0.5438162684440613,0.5590550899505615
n1085,P04_n203,212.0,0.3330078125,60,3,0.5395779609680176,111.19801834077575,0.012805938720703125,0.8549802303314209,0.6377952694892883
n1082,P04_n206,212.0,0.5,84,1,0.5395779609680176,111.19801834077575,-0.009685516357421875,0.1471072882413864,0.7007874250411987
n1083,P04_n205,212.0,0.5,89,1,0.5395779609680176,111.19801834077575,-0.005931854248046875,0.027600156143307686,0.7322834730148315
n1084,P04_n204,212.0,0.5,96,1,0.5395779609680176,111.19801834077575,0.002811431884765625,0.21778395771980286,0.7007874250411987
n1086,P04_n207,212.3330078125,0.333984375,62,3,0.6400082111358643,93.74879721232654,0.0,-0.17946632206439972,0.5433070659637451
n1087,P04_n209,212.5,0.5,83,1,0.6474552154541016,92.6705022492068,-0.000621795654296875,-0.12796534597873688,0.7007874250411987
n1088,P04_n210,212.5,0.5,86,1,0.6474552154541016,92.6705022492068,-0.000621795654296875,-0.12189069390296936,0.7007874250411987
n1089,P04_n208,212.5,0.5,89,1,0.6474552154541016,92.6705022492068,0.004367828369140625,-0.09189598262310028,0.6692913174629211
n1090,P04_n211,212.5,0.5,95,1,0.6474552154541016,92.6705022492068,-0.003124237060546875,-0.12189069390296936,0.7007874250411987
n1091,P04_n212,212.6669921875,0.3330078125,65,3,0.6396535634994507,93.80077501913507,0.0,-0.13672247529029846,0.6692913174629211
n1096,P04_n217,213.0,0.3330078125,67,3,0.700430691242218,85.66158043930034,-0.01825256273150444,1.3987160921096802,0.5433070659637451
n1092,P04_n213,213.0,1.0,81,1,0.700430691242218,85.66158043930034,0.012997436337172985,-0.20535790920257568,0.6377952694892883
n1093,P04_n214,213.0,1.0,86,1,0.700430691242218,85.66158043930034,0.010494994930922985,-0.20535790920257568,0.6062992215156555
n1094,P04_n215,213.0,1.0,89,1,0.700430691242218,85.66158043930034,0.0030029297340661287,-0.19353248178958893,0.7007874250411987
n1095,P04_n216,213.0,1.0,93,1,0.700430691242218,85.66158043930034,-0.008242798037827015,-0.16727451980113983,0.6692913174629211
n1097,P04_n218,213.3330078125,0.333984375,69,3,0.6287463307380676,95.42799228675845,0.0,0.9296693801879883,0.6062992215156555
n1098,P04_n219,213.6669921875,0.3330078125,65,3,0.5458027720451355,109.92981910879386,0.0,0.22545519471168518,0.5590550899505615
n1103,P04_n221,214.0,0.3330078125,64,3,0.5878115892410278,102.07352338437383,0.00800476036965847,0.775179386138916,0.6377952694892883
n1099,P04_n223,214.0,0.5,79,1,0.5878115892410278,102.07352338437383,-0.00824584998190403,0.09426166117191315,0.4881889820098877
n1100,P04_n224,214.0,0.5,84,1,0.5878115892410278,102.07352338437383,-0.00949707068502903,-0.04439188912510872,0.4724409580230713
n1101,P04_n222,214.0,0.5,88,1,0.5878115892410278,102.07352338437383,-0.0032562254928052425,0.1283426284790039,0.4173228442668915
n1102,P04_n220,214.0,0.5,91,1,0.5878115892410278,102.07352338437383,0.01299438439309597,0.2048671841621399,0.6062992215156555
n1104,P04_n225,214.3330078125,0.333984375,62,3,0.5963693857192993,100.60878615965869,0.0,0.0503353588283062,0.6062992215156555
n1105,P04_n228,214.5,0.5,77,1,0.3692738711833954,162.4810328651759,-0.009160359390079975,0.7417479157447815,0.6377952694892883
n1106,P04_n227,214.5,0.5,84,1,0.3692738711833954,162.4810328651759,-0.00041707357740961015,0.7877340912818909,0.4173228442668915
n1107,P04_n226,214.5,0.5,89,1,0.3692738711833954,162.4810328651759,0.009577433578670025,0.8377748727798462,0.34645670652389526
n1108,P04_n229,214.6669921875,0.3330078125,60,3,0.6043461561203003,99.2808498777917,0.0,0.3695085644721985,0.6377952694892883
n1112,P04_n231,215.0,0.3330078125,57,3,0.5517663955688477,108.74167126133617,0.002506256103515625,0.8502349853515625,0.4881889820098877
n1109,P04_n232,215.0,0.5,74,1,0.5517663955688477,108.74167126133617,-0.005001068115234375,0.21401426196098328,0.5748031735420227
n1110,P04_n230,215.0,0.5,79,1,0.5517663955688477,108.74167126133617,0.009998321533203125,0.2854766845703125,0.7322834730148315
n1111,P04_n233,215.0,0.5,86,1,0.5517663955688477,108.74167126133617,-0.007503509521484375,0.21401426196098328,0.5118110179901123
n1113,P04_n234,215.3330078125,0.333984375,55,3,0.4666179418563843,128.58485415562268,0.0,0.38670578598976135,0.5590550899505615
n1114,P04_n237,215.5,0.5,72,1,0.6412950754165649,93.56067479705173,-0.01833089254796505,-0.28867098689079285,0.5118110179901123
n1115,P04_n236,215.5,0.5,77,1,0.6412950754165649,93.56067479705173,0.007914225570857525,0.002708082552999258,0.5275590419769287
n1116,P04_n235,215.5,0.5,84,1,0.6412950754165649,93.56067479705173,0.010416666977107525,0.019451331347227097,0.7007874250411987
n1117,P04_n238,215.6669921875,0.3330078125,53,3,0.5307368040084839,113.05038494945019,0.0,0.24015164375305176,0.6692913174629211
n1122,P04_n241,216.0,0.3330078125,55,3,0.6704179048538208,89.49641643756891,0.004254150204360485,0.6842902302742004,0.7322834730148315
n1118,P04_n243,216.0,0.5,69,1,0.6704179048538208,89.49641643756891,-0.03200073167681694,-0.07830407470464706,0.7322834730148315
n1119,P04_n242,216.0,0.5,72,1,0.6704179048538208,89.49641643756891,0.0017517090309411287,0.072562575340271,0.7637795209884644
n1120,P04_n239,216.0,0.5,76,1,0.6704179048538208,89.49641643756891,0.012997436337172985,0.12283585965633392,0.7007874250411987
n1121,P04_n240,216.0,0.5,81,1,0.6704179048538208,89.49641643756891,0.012997436337172985,0.1277681440114975,0.7007874250411987
n1123,P04_n244,216.3330078125,0.333984375,53,3,0.4641127586364746,129.27892819899006,0.0,0.37666094303131104,0.7322834730148315
n1124,P04_n248,216.5,0.5,67,1,0.5763660669326782,104.10050737252759,-0.020000457763671875,-0.1694333702325821,0.7007874250411987
n1125,P04_n247,216.5,0.5,71,1,0.5763660669326782,104.10050737252759,-0.006252288818359375,0.23323562741279602,0.6377952694892883
n1126,P04_n246,216.5,0.5,74,1,0.5763660669326782,104.10050737252759,0.008747100830078125,0.30083364248275757,0.7637795209884644
n1127,P04_n245,216.5,0.5,77,1,0.5763660669326782,104.10050737252759,0.017505645751953125,0.3409111499786377,0.7007874250411987
n1128,P04_n249,216.6669921875,0.3330078125,43,3,0.5322672128677368,112.72533522539065,0.0,0.5105047225952148,0.6692913174629211
n1133,P04_n250,217.0,0.3330078125,36,3,0.5563049912452698,107.85450597107182,0.02350158616900444,2.421563148498535,0.7637795209884644
n1129,P04_n254,217.0,1.5,64,1,0.5563049912452698,107.85450597107182,-0.04150085523724556,0.14079535007476807,0.8031495809555054
n1130,P04_n253,217.0,1.5,67,1,0.5563049912452698,107.85450597107182,-0.003994750790297985,0.20407317578792572,0.7637795209884644
n1131,P04_n252,217.0,1.5,72,1,0.5563049912452698,107.85450597107182,0.0034973144065588713,0.21714624762535095,0.7637795209884644
n1132,P04_n251,217.0,1.5,76,1,0.5563049912452698,107.85450597107182,0.01849670335650444,0.24111483991146088,0.7322834730148315
n1134,P04_n255,217.3330078125,0.333984375,43,3,0.5950749516487122,100.82763496222493,0.0,1.9817688465118408,0.8031495809555054
n1135,P04_n256,217.6669921875,0.3330078125,48,3,0.6343474984169006,94.5853812771991,0.0,1.4756875038146973,0.8031495809555054
n1136,P04_n257,218.0,0.3330078125,60,3,0.6944648027420044,86.39746717630291,0.0,0.7069470882415771,0.7322834730148315
n1137,P04_n258,218.3330078125,0.333984375,62,3,0.7485380172729492,80.1562494027894,0.0,-0.02180434949696064,0.6692913174629211
n1138,P04_n259,218.5,0.5,84,1,0.6362390518188477,94.30417675317959,0.0,0.05835161730647087,0.5433070659637451
n1139,P04_n260,218.6669921875,0.3330078125,64,3,0.5905578136444092,101.59885893259491,0.0,0.20221155881881714,0.7637795209884644
n1141,P04_n262,219.0,1.0,56,3,0.4716695249080658,127.20770970245478,-0.0033365886192768812,0.31373968720436096,0.6062992215156555
n1142,P04_n261,219.0,1.0,65,3,0.4716695249080658,127.20770970245478,0.0316670723259449,0.44592005014419556,0.7007874250411987
n1140,P04_n263,219.0,0.5,72,1,0.4716695249080658,127.20770970245478,-0.02833048440515995,0.4402955174446106,0.6377952694892883
n1143,P04_n264,219.5,0.5,74,1,0.521881103515625,114.9687152798082,0.0,0.5279704332351685,0.7637795209884644
n1147,P04_n267,220.0,0.3330078125,36,3,0.6615652441978455,90.69400263423844,0.0046844482421875,1.607338786125183,0.6692913174629211
n1144,P04_n268,220.0,1.3330078125,64,1,0.6615652441978455,90.69400263423844,-0.0265655517578125,-0.4709748923778534,0.8031495809555054
n1145,P04_n266,220.0,1.0,67,1,0.6615652441978455,90.69400263423844,0.0096893310546875,0.026329876855015755,0.7007874250411987
n1146,P04_n265,220.0,1.3330078125,76,1,0.6615652441978455,90.69400263423844,0.0121917724609375,-0.38034772872924805,0.7007874250411987
n1148,P04_n269,220.3330078125,0.333984375,43,3,0.6662098169326782,90.06171700718592,0.0,1.0080585479736328,0.6377952694892883
n1149,P04_n270,220.6669921875,0.3330078125,48,3,0.7544904947280884,79.52386467323682,0.0,0.21312738955020905,0.6692913174629211
n1152,P04_n273,221.0,0.5,60,3,0.6681634783744812,89.79838309326477,0.0,0.05161290988326073,0.6062992215156555
n1153,P04_n274,221.3330078125,0.333984375,79,1,0.6737024784088135,89.06008501217215,0.0,0.2960103452205658,0.4881889820098877
n1154,P04_n275,221.5,0.5,64,3,0.6960892081260681,86.1958486061365,0.0,-0.007458091247826815,0.4566929042339325
n1155,P04_n276,221.6669921875,0.3330078125,81,1,0.6531341671943665,91.86473930423637,0.0,0.264423668384552,0.5433070659637451
n1157,P04_n279,222.0,1.0,56,3,0.610015869140625,98.35809695332433,-0.00250244140625,0.1053987443447113,0.5118110179901123
n1158,P04_n277,222.0,1.0,65,3,0.610015869140625,98.35809695332433,0.001251220703125,0.1245076134800911,0.4173228442668915
n1156,P04_n278,222.0,0.5,72,1,0.610015869140625,98.35809695332433,0.001251220703125,0.18816618621349335,0.5590550899505615
n1159,P04_n280,222.5,0.5,74,1,0.603729248046875,99.38229793256836,0.0,0.341558039188385,0.5590550899505615
n1161,P04_n282,223.0,0.3330078125,36,3,0.7225989699363708,83.0336085384724,-0.014373779296875,1.9269486665725708,0.5275590419769287
n1160,P04_n281,223.0,1.5,75,1,0.7225989699363708,83.0336085384724,0.014373779296875,-0.20166508853435516,0.5590550899505615
n1162,P04_n283,223.3330078125,0.333984375,43,3,0.6362390518188477,94.30417675317959,0.0,1.6991750001907349,0.4881889820098877
n1163,P04_n284,223.6669921875,0.3330078125,48,3,0.683192789554596,87.82294092874822,0.0,1.0733517408370972,0.4881889820098877
n1164,P04_n285,224.0,0.3330078125,60,3,0.6944189667701721,86.40316994662079,0.0,0.14811764657497406,0.5590550899505615
n1165,P04_n286,224.3330078125,0.333984375,62,3,0.6811951994895935,88.08047978752177,0.0,0.2268608659505844,0.4409448802471161
n1166,P04_n287,224.5,0.5,79,1,0.5912829041481018,101.47426820406002,0.0,0.2227478176355362,0.4173228442668915
n1167,P04_n288,224.6669921875,0.3330078125,63,3,0.610612154006958,98.26204671208738,0.0,0.28354427218437195,0.4409448802471161
n1169,P04_n289,225.0,0.3330078125,56,3,0.5493035316467285,109.22922672666807,0.01458740234375,1.0162938833236694,0.4173228442668915
n1170,P04_n290,225.0,0.3330078125,65,3,0.5493035316467285,109.22922672666807,0.00457763671875,0.9817661643028259,0.5118110179901123
n1168,P04_n291,225.0,0.5,72,1,0.5493035316467285,109.22922672666807,-0.0191650390625,0.2865575850009918,0.5433070659637451
n1171,P04_n292,225.3330078125,0.333984375,53,3,0.5912829041481018,101.47426820406002,0.0,0.17210425436496735,0.4409448802471161
n1172,P04_n293,225.5,0.5,74,1,0.3443896174430847,174.22128008814278,0.0,0.9547262191772461,0.5590550899505615
n1173,P04_n294,225.6669921875,0.3330078125,44,3,0.5573909282684326,107.64437840133763,0.0,0.5801702737808228,0.4173228442668915
n1175,P04_n295,226.0,0.3330078125,36,3,0.5987215638160706,100.21352766648008,0.00562286376953125,2.217833995819092,0.4409448802471161
n1174,P04_n296,226.0,1.5,75,1,0.5987215638160706,100.21352766648008,-0.00562286376953125,0.026923978701233864,0.5275590419769287
n1176,P04_n297,226.3330078125,0.333984375,43,3,0.6100603342056274,98.35092799161788,0.0,1.828687071800232,0.5590550899505615
n1177,P04_n298,226.6669921875,0.3330078125,48,3,0.6268786787986755,95.71229973075735,0.0,1.3201613426208496,0.5748031735420227
n1178,P04_n299,227.0,0.3330078125,60,3,0.6268328428268433,95.71929851252935,0.0,0.5879067778587341,0.4566929042339325
n1179,P04_n300,227.3330078125,0.333984375,62,3,0.5913742780685425,101.45858929807187,0.0,0.12241269648075104,0.4881889820098877
n1180,P04_n301,227.5,0.5,79,1,0.5688961744308472,105.46739931944009,0.0,0.07077333331108093,0.4724409580230713
n1181,P04_n302,227.6669921875,0.3330078125,63,3,0.6055871248245239,99.0774036310394,0.0,0.02366144396364689,0.4881889820098877
n1183,P04_n303,228.0,0.3330078125,56,3,0.5280272364616394,113.63050209694805,0.010411580093204975,1.2604362964630127,0.4173228442668915
n1184,P04_n304,228.0,0.3330078125,65,3,0.5280272364616394,113.63050209694805,0.0041707358323037624,1.243209958076477,0.3937007784843445
n1182,P04_n305,228.0,0.6669921875,77,1,0.5280272364616394,113.63050209694805,-0.014582316391170025,0.1654985398054123,0.4566929042339325
n1185,P04_n306,228.3330078125,0.333984375,53,3,0.49214181303977966,121.91607867943995,0.0,0.5310009121894836,0.34645670652389526
n1187,P04_n307,228.6669921875,0.3330078125,44,3,0.4861009418964386,123.43115354996104,0.014373779296875,0.4178163409233093,0.4409448802471161
n1186,P04_n308,228.6669921875,0.3330078125,64,1,0.4861009418964386,123.43115354996104,-0.014373779296875,0.09171253442764282,0.4566929042339325
n1190,P04_n309,229.0,0.3330078125,45,3,0.5442784428596497,110.23769320122035,0.01999918557703495,1.817278504371643,0.4566929042339325
n1188,P04_n311,229.0,1.0,64,1,0.5442784428596497,110.23769320122035,-0.02625020407140255,-0.014729023911058903,0.4173228442668915
n1189,P04_n310,229.0,1.0,76,1,0.5442784428596497,110.23769320122035,0.0062510170973837376,0.19662287831306458,0.5748031735420227
n1191,P04_n312,229.3330078125,0.333984375,52,3,0.6737024784088135,89.06008501217215,0.0,0.9634349942207336,0.6377952694892883
n1192,P04_n313,229.6669921875,0.3330078125,57,3,0.5455309152603149,109.98460091188299,0.0,0.2430478036403656,0.5590550899505615
n1195,P04_n314,230.0,0.3330078125,64,3,0.5955523252487183,100.74681510972596,0.02166239358484745,0.7935035824775696,0.4724409580230713
n1193,P04_n316,230.0,0.5,69,1,0.5955523252487183,100.74681510972596,-0.02458699606359005,-0.013513310812413692,0.5433070659637451
n1194,P04_n315,230.0,0.5,81,1,0.5955523252487183,100.74681510972596,0.0029246013145893812,0.12065194547176361,0.4409448802471161
n1196,P04_n317,230.3330078125,0.333984375,57,3,0.621345043182373,96.56470371549935,0.0,-0.3307810425758362,0.4409448802471161
n1197,P04_n319,230.5,0.5,67,1,0.5763888955116272,104.0963843460958,-0.00250244140625,-0.08078625053167343,0.4724409580230713
n1198,P04_n318,230.5,0.5,79,1,0.5763888955116272,104.0963843460958,0.00250244140625,-0.04807070642709732,0.4173228442668915
n1199,P04_n320,230.6669921875,0.666015625,52,3,0.6043346524238586,99.2827397193801,0.0,-1.2648144960403442,0.5433070659637451
n1200,P04_n323,231.0,1.0,69,1,0.5592924952507019,107.27839280787256,-0.0149993896484375,0.06483352929353714,0.4724409580230713
n1201,P04_n322,231.0,1.0,81,1,0.5592924952507019,107.27839280787256,0.0149993896484375,0.1399126499891281,0.4173228442668915
n1203,P04_n324,231.3330078125,0.333984375,52,3,0.6512244343757629,92.13413507359186,0.0,0.9190083742141724,0.5590550899505615
n1204,P04_n325,231.6669921875,0.3330078125,45,3,0.5993248820304871,100.11264641094587,0.0,0.003033772576600313,0.4881889820098877
n1207,P04_n326,232.0,0.3330078125,52,3,0.6318884491920471,94.95346856983686,0.0045878090895712376,0.5934587717056274,0.4881889820098877
n1205,P04_n328,232.0,0.5,67,1,0.6318884491920471,94.95346856983686,-0.009175618179142475,-0.06870858371257782,0.5275590419769287
n1206,P04_n327,232.0,0.5,79,1,0.6318884491920471,94.95346856983686,0.0045878090895712376,0.001395588624291122,0.4566929042339325
n1208,P04_n329,232.3330078125,0.333984375,57,3,0.6587170958518982,91.0861436234684,0.0,-0.31988829374313354,0.6377952694892883
n1209,P04_n331,232.5,0.5,67,1,0.5239400863647461,114.51691054276462,-0.00250244140625,0.1528562307357788,0.7322834730148315
n1210,P04_n330,232.5,0.5,81,1,0.5239400863647461,114.51691054276462,0.00250244140625,0.27735480666160583,0.6062992215156555
n1211,P04_n332,232.6669921875,0.666015625,64,3,0.6756781339645386,88.79967692301992,0.0,-1.1255700588226318,0.5275590419769287
n1212,P04_n334,233.0,1.0,67,1,0.5742760300636292,104.47937378363514,0.0,0.09001818299293518,0.5118110179901123
n1213,P04_n335,233.0,1.0,76,1,0.5742760300636292,104.47937378363514,0.0,0.09296553581953049,0.5118110179901123
n1215,P04_n336,233.3330078125,0.333984375,57,3,0.6212993264198303,96.5718091885653,0.0,1.0300723314285278,0.5118110179901123
n1216,P04_n337,233.6669921875,0.666015625,52,3,0.6324917674064636,94.8628948105212,0.0,-0.9957231879234314,0.5433070659637451
n1218,P04_n339,234.3330078125,0.333984375,52,3,0.6175529956817627,97.15765354479664,0.0,0.06828468292951584,0.6062992215156555
n1219,P04_n340,234.6669921875,0.3330078125,45,3,0.45794767141342163,131.01933636831134,0.0,0.5204723477363586,0.5118110179901123
n1223,P04_n341,235.0,0.3330078125,43,3,0.4767114222049713,125.86230831742445,0.045001983642578125,2.1302688121795654,0.24409449100494385
n1220,P04_n344,235.0,1.0,64,1,0.4767114222049713,125.86230831742445,-0.037502288818359375,0.35273364186286926,0.5118110179901123
n1221,P04_n343,235.0,1.0,67,1,0.4767114222049713,125.86230831742445,-0.012493133544921875,0.4136403799057007,0.4173228442668915
n1222,P04_n342,235.0,1.0,76,1,0.4767114222049713,125.86230831742445,0.004993438720703125,0.4556228518486023,0.29133859276771545
n1224,P04_n345,235.3330078125,0.333984375,48,3,0.6362390518188477,94.30417675317959,0.0,1.2127023935317993,0.4173228442668915
n1225,P04_n346,235.6669921875,0.3330078125,55,3,0.5546302199363708,108.18018536184958,0.0,0.6066989302635193,0.4566929042339325
n1229,P04_n347,236.0,0.3330078125,60,3,0.5714694857597351,104.99248252990013,0.029682159423828125,0.8477995991706848,0.4173228442668915
n1226,P04_n350,236.0,0.5,69,1,0.5714694857597351,104.99248252990013,-0.029064178466796875,-0.029249627143144608,0.4724409580230713
n1227,P04_n349,236.0,0.5,72,1,0.5714694857597351,104.99248252990013,-0.005306243896484375,0.09413281828165054,0.3937007784843445
n1228,P04_n348,236.0,0.5,81,1,0.5714694857597351,104.99248252990013,0.004688262939453125,0.14638900756835938,0.34645670652389526
n1230,P04_n351,236.3330078125,0.333984375,55,3,0.6787280440330505,88.40064960845837,0.0,-0.3630629777908325,0.5118110179901123
n1231,P04_n354,236.5,0.5,67,1,0.5788559913635254,103.65272346696608,-0.0104217529296875,-0.04135138913989067,0.5748031735420227
n1232,P04_n353,236.5,0.5,71,1,0.5788559913635254,103.65272346696608,-0.0016632080078125,0.009053518064320087,0.3700787425041199
n1233,P04_n352,236.5,0.5,79,1,0.5788559913635254,103.65272346696608,0.0120849609375,0.08150538802146912,0.5590550899505615
n1234,P04_n355,236.6669921875,0.666015625,48,3,0.5830736756324768,102.90294778771529,0.0,-1.3134499788284302,0.4881889820098877
n1235,P04_n359,237.0,1.0,69,1,0.5542980432510376,108.24501498885218,-0.0220794677734375,0.05290007218718529,0.6062992215156555
n1236,P04_n358,237.0,1.0,72,1,0.5542980432510376,108.24501498885218,0.0054168701171875,0.12328940629959106,0.4409448802471161
n1237,P04_n357,237.0,1.0,81,1,0.5542980432510376,108.24501498885218,0.01666259765625,0.1528538316488266,0.4881889820098877
n1239,P04_n360,237.3330078125,0.333984375,48,3,0.6549707651138306,91.60714217461646,0.0,0.9324931502342224,0.5118110179901123
n1240,P04_n361,237.6669921875,0.3330078125,43,3,0.6409342885017395,93.61334083133104,0.0,-0.09380436688661575,0.6377952694892883
n1244,P04_n363,238.0,0.3330078125,52,3,0.6315639019012451,95.00226314293361,0.002193450927734375,0.649909496307373,0.3700787425041199
n1241,P04_n365,238.0,0.5,67,1,0.6315639019012451,95.00226314293361,-0.009067535400390625,-0.003576833987608552,0.5748031735420227
n1242,P04_n364,238.0,0.5,72,1,0.6315639019012451,95.00226314293361,0.000942230224609375,0.04704919084906578,0.5433070659637451
n1243,P04_n362,238.0,0.5,79,1,0.6315639019012451,95.00226314293361,0.005931854248046875,0.07442573457956314,0.5433070659637451
n1245,P04_n366,238.3330078125,0.333984375,55,3,0.6699104309082031,89.56421221663544,0.0,-0.22636105120182037,0.4173228442668915
n1246,P04_n368,238.5,0.5,67,1,0.4678819477558136,128.23747590132254,-0.00687408447265625,0.2721063196659088,0.5118110179901123
n1247,P04_n367,238.5,0.5,81,1,0.4678819477558136,128.23747590132254,0.00687408447265625,0.34674519300460815,0.5118110179901123
n1248,P04_n369,238.6669921875,0.666015625,64,3,0.6531035900115967,91.86904025276392,0.0,-1.1482471227645874,0.5118110179901123
n1249,P04_n373,239.0,1.0,67,1,0.6155914068222046,97.46724748763303,-0.0049997963942587376,-0.07353650033473969,0.5118110179901123
n1250,P04_n372,239.0,1.0,72,1,0.6155914068222046,97.46724748763303,-0.0024973552208393812,-0.06431790441274643,0.4173228442668915
n1251,P04_n371,239.0,1.0,76,1,0.6155914068222046,97.46724748763303,0.0074971518479287624,-0.03701051324605942,0.31496062874794006
n1253,P04_n374,239.3330078125,0.333984375,55,3,0.6699561476707458,89.55810049449293,0.0,0.8015549182891846,0.3700787425041199
n1254,P04_n375,239.6669921875,0.666015625,52,3,0.6493768095970154,92.39627765154454,0.0,-1.103695034980774,0.4881889820098877
n1256,P04_n377,240.3330078125,0.333984375,52,3,0.6287920475006104,95.42105412829949,0.0,0.1233363226056099,0.5118110179901123
n1257,P04_n378,240.6669921875,0.3330078125,43,3,0.4992363154888153,120.18356465364991,0.0,0.37934935092926025,0.4881889820098877
n1260,P04_n379,241.0,0.3330078125,41,3,0.4091672897338867,146.63928790354348,0.0399983711540699,2.3218655586242676,0.29133859276771545
n1258,P04_n381,241.0,1.0,64,1,0.4091672897338867,146.63928790354348,-0.0349985770881176,0.561260461807251,0.4173228442668915
n1259,P04_n380,241.0,1.0,76,1,0.4091672897338867,146.63928790354348,-0.0049997963942587376,0.6340658068656921,0.29133859276771545
n1261,P04_n382,241.3330078125,0.333984375,48,3,0.6624634265899658,90.57103772332057,0.0,1.1941566467285156,0.5748031735420227
n1262,P04_n383,241.6669921875,0.3330078125,53,3,0.533006489276886,112.5689859449933,0.0,0.6894946694374084,0.5590550899505615
n1265,P04_n384,242.0,0.3330078125,60,3,0.5968047380447388,100.53539487064556,0.02249654196202755,0.8164680004119873,0.34645670652389526
n1263,P04_n386,242.0,0.5,69,1,0.5968047380447388,100.53539487064556,-0.02500406838953495,0.0077035618014633656,0.6062992215156555
n1264,P04_n385,242.0,0.5,81,1,0.5968047380447388,100.53539487064556,0.0025075275916606188,0.13973195850849152,0.4409448802471161
n1266,P04_n387,242.3330078125,0.333984375,53,3,0.6212993264198303,96.5718091885653,0.0,-0.15590061247348785,0.6062992215156555
n1267,P04_n389,242.5,0.5,67,1,0.5839272737503052,102.75252192733983,-0.00624847412109375,0.10382677614688873,0.6062992215156555
n1268,P04_n388,242.5,0.5,79,1,0.5839272737503052,102.75252192733983,0.00624847412109375,0.16570617258548737,0.5118110179901123
n1269,P04_n390,242.6669921875,0.3330078125,48,3,0.6005544066429138,99.90768419367481,0.0,0.1700020134449005,0.4881889820098877
n1270,P04_n392,243.0,2.0,74,1,0.4054023027420044,148.00113268765432,-0.01999664306640625,-0.6167685389518738,0.3937007784843445
n1271,P04_n391,243.0,2.0,77,1,0.4054023027420044,148.00113268765432,0.01999664306640625,-0.5468665361404419,0.26771652698516846
n1272,P04_n393,243.3330078125,0.333984375,48,3,0.6474780440330505,92.66723490153946,0.0,1.1161348819732666,0.29133859276771545
n1273,P04_n394,243.6669921875,0.3330078125,41,3,0.5067356824874878,118.40492405324447,0.0,0.5885463953018188,0.3937007784843445
n1276,P04_n395,244.0,0.3330078125,45,3,0.608137845993042,98.66184187570936,0.0,1.654399037361145,0.26771652698516846
n1277,P04_n398,244.3330078125,0.333984375,52,3,0.6774031519889832,88.57354711714687,0.0,0.947287917137146,0.34645670652389526
n1278,P04_n399,244.6669921875,0.3330078125,62,3,0.6744104623794556,88.9665913371331,0.0,-0.054554637521505356,0.5433070659637451
n1281,P04_n400,245.0,0.3330078125,64,3,0.6581591963768005,91.16335429224877,0.0070851645432412624,1.5002037286758423,0.4724409580230713
n1279,P04_n402,245.0,1.0,68,1,0.6581591963768005,91.16335429224877,-0.007914225570857525,-0.1274753361940384,0.6377952694892883
n1280,P04_n401,245.0,1.0,76,1,0.6581591963768005,91.16335429224877,0.0008290608529932797,-0.10372675210237503,0.4566929042339325
n1282,P04_n403,245.3330078125,0.333984375,56,3,0.6362390518188477,94.30417675317959,0.0,0.8944312930107117,0.4881889820098877
n1283,P04_n404,245.6669921875,0.666015625,47,3,0.5893282890319824,101.81082618408607,0.0,-1.1861029863357544,0.3700787425041199
n1284,P04_n407,246.0,0.3330078125,65,1,0.5567952990531921,107.75953048100006,-0.01500701904296875,-0.013030610047280788,0.4173228442668915
n1285,P04_n406,246.0,0.3330078125,74,1,0.5567952990531921,107.75953048100006,0.01500701904296875,0.2135618031024933,0.5275590419769287
n1289,P04_n408,246.3330078125,0.333984375,52,3,0.6300255656242371,95.23423059912064,0.0079193115234375,-0.10978885740041733,0.6062992215156555
n1287,P04_n410,246.3330078125,0.333984375,64,1,0.6300255656242371,95.23423059912064,-0.008331298828125,-0.2556397020816803,0.6062992215156555
n1288,P04_n409,246.3330078125,0.333984375,72,1,0.6300255656242371,95.23423059912064,0.0004119873046875,-0.1760224997997284,0.4173228442668915
n1292,P04_n411,246.6669921875,0.3330078125,44,3,0.5442784428596497,110.23769320122035,0.005828857421875,0.2209784984588623,0.5118110179901123
n1290,P04_n413,246.6669921875,0.3330078125,62,1,0.5442784428596497,110.23769320122035,-0.0066680908203125,0.11471980065107346,0.6692913174629211
n1291,P04_n412,246.6669921875,0.3330078125,71,1,0.5442784428596497,110.23769320122035,0.0008392333984375,0.17765100300312042,0.5748031735420227
n1295,P04_n414,247.0,0.3330078125,45,3,0.5643175840377808,106.3231090030734,0.01707967184484005,1.7133804559707642,0.3937007784843445
n1293,P04_n416,247.0,1.0,64,1,0.5643175840377808,106.3231090030734,-0.02166239358484745,0.0017435906920582056,0.6692913174629211
n1294,P04_n415,247.0,1.0,72,1,0.5643175840377808,106.3231090030734,0.0045827231369912624,0.09445402026176453,0.4881889820098877
n1296,P04_n417,247.3330078125,0.333984375,52,3,0.6699104309082031,89.56421221663544,0.0,0.8825733065605164,0.5748031735420227
n1297,P04_n418,247.6669921875,0.3330078125,57,3,0.5805840492248535,103.34421016234755,0.0,0.030719785019755363,0.5748031735420227
n1298,P04_n421,248.0,0.5,62,1,0.6393572688102722,93.84424472353166,-0.02042134664952755,-0.13436435163021088,0.5748031735420227
n1300,P04_n419,248.0,0.3330078125,64,3,0.6393572688102722,93.84424472353166,0.01708475686609745,0.6376702189445496,0.34645670652389526
n1299,P04_n420,248.0,0.5,71,1,0.6393572688102722,93.84424472353166,0.0033365886192768812,-0.01555689238011837,0.3937007784843445
n1301,P04_n422,248.3330078125,0.333984375,57,3,0.6025676131248474,99.57388796395279,0.0,-0.08297625929117203,0.5748031735420227
n1302,P04_n424,248.5,0.5,64,1,0.5127466917037964,117.01684471259507,-0.01062774658203125,0.1778065264225006,0.6692913174629211
n1303,P04_n423,248.5,0.5,72,1,0.5127466917037964,117.01684471259507,0.01062774658203125,0.2856098711490631,0.5748031735420227
n1304,P04_n425,248.6669921875,0.666015625,52,3,0.6156295537948608,97.461208010805,0.0,-1.3132244348526,0.4724409580230713
n1305,P04_n428,249.0,1.5,60,1,0.5517549514770508,108.74392670039425,-0.00875091552734375,-0.5380282402038574,0.4566929042339325
n1306,P04_n427,249.0,1.5,69,1,0.5517549514770508,108.74392670039425,0.00875091552734375,-0.4913350045681,0.3937007784843445
n1308,P04_n429,249.3330078125,0.333984375,52,3,0.6699561476707458,89.55810049449293,0.0,0.833565354347229,0.6062992215156555
n1309,P04_n430,249.6669921875,0.3330078125,45,3,0.495509535074234,121.08747814713836,0.0,-0.011045892722904682,0.5433070659637451
n1312,P04_n431,250.0,0.3330078125,45,3,0.593062698841095,101.16974160952311,0.0,0.7837222218513489,0.3700787425041199
n1313,P04_n434,250.3330078125,0.333984375,52,3,0.7410452961921692,80.96671054833968,0.0,-0.44943323731422424,0.5748031735420227
n1314,P04_n435,250.5,1.0,62,1,0.47907528281211853,125.2412765856061,0.0,0.31566494703292847,0.6377952694892883
n1315,P04_n436,250.6669921875,0.3330078125,57,3,0.6681634783744812,89.79838309326477,0.0,1.2177296876907349,0.6692913174629211
n1316,P04_n437,251.0,0.3330078125,59,3,0.6944189667701721,86.40316994662079,0.0,0.357380747795105,0.7007874250411987
n1317,P04_n438,251.3330078125,0.333984375,56,3,0.7185672521591187,83.49949127199255,0.0,-0.053522318601608276,0.6692913174629211
n1318,P04_n439,251.5,0.5,64,1,0.39674708247184753,151.22984553832856,0.0,0.7613146901130676,0.7007874250411987
n1319,P04_n440,251.6669921875,0.666015625,47,3,0.6606488227844238,90.81980914931349,0.0,-1.3509151935577393,0.7007874250411987
n1320,P04_n442,252.0,2.0,65,1,0.5142503380775452,116.67469237706645,0.0,-0.8140343427658081,0.6062992215156555
n1322,P04_n443,252.3330078125,0.333984375,52,3,0.6212993264198303,96.5718091885653,0.0,1.1947864294052124,0.5748031735420227
n1323,P04_n444,252.6669921875,0.3330078125,44,3,0.49170637130737305,122.02404422881293,0.0,0.7148398160934448,0.5748031735420227
n1325,P04_n445,253.0,0.3330078125,45,3,0.6156066656112671,97.464831607083,0.0,1.6813541650772095,0.5118110179901123
n1326,P04_n447,253.3330078125,0.333984375,50,3,0.6474780440330505,92.66723490153946,0.0,1.0692138671875,0.4409448802471161
n1327,P04_n448,253.6669921875,0.666015625,57,3,0.641862154006958,93.4780149062186,0.0,-1.2083661556243896,0.4566929042339325
n1328,P04_n450,254.0,0.5,64,1,0.5555810332298279,107.99504736724828,0.0,0.1640765517950058,0.5118110179901123
n1330,P04_n451,254.3330078125,0.333984375,53,3,0.6512244343757629,92.13413507359186,0.0,-0.016670620068907738,0.4566929042339325
n1331,P04_n452,254.5,1.0,62,1,0.46408990025520325,129.28529573043062,0.0,0.412034809589386,0.5118110179901123
n1332,P04_n453,254.6669921875,0.3330078125,48,3,0.6681176424026489,89.80454367921075,0.0,1.2825649976730347,0.5275590419769287
n1333,P04_n454,255.0,0.3330078125,50,3,0.6268786787986755,95.71229973075735,0.0,0.6162577271461487,0.4409448802471161
n1334,P04_n455,255.3330078125,0.333984375,53,3,0.613852322101593,97.74337872435376,0.0,-0.026755379512906075,0.6062992215156555
n1335,P04_n456,255.5,1.0,60,1,0.49396929144859314,121.46504051708675,0.0,-0.7498325705528259,0.7637795209884644
n1336,P04_n457,255.6669921875,0.3330078125,45,3,0.566807210445404,105.85609867745201,0.0,0.4689449965953827,0.7322834730148315
n1338,P04_n458,256.0,0.3330078125,33,3,0.6568915247917175,91.33928165540631,0.0,0.8841792345046997,0.6692913174629211
n1339,P04_n460,256.3330078125,0.333984375,45,3,0.6662098169326782,90.06171700718592,0.0,0.318658709526062,0.5433070659637451
n1340,P04_n461,256.5,1.5,58,1,0.4565972089767456,131.40684791845888,0.0,-1.2460637092590332,0.5118110179901123
n1341,P04_n462,256.6669921875,0.3330078125,50,3,0.5968199968338013,100.53282450036343,0.0,0.5575127005577087,0.6377952694892883
n1343,P04_n463,257.0,0.3330078125,53,3,0.6306359767913818,95.14205057769541,0.0,1.65203058719635,0.5433070659637451
n1344,P04_n465,257.3330078125,0.333984375,50,3,0.6324926614761353,94.86276071562591,0.0,1.0950255393981934,0.6062992215156555
n1345,P04_n466,257.6669921875,0.666015625,46,3,0.6381506323814392,94.02168854098454,0.0,-1.2097806930541992,0.7322834730148315
n1346,P04_n468,258.0,0.5,62,1,0.566807210445404,105.85609867745201,0.0,0.4652327597141266,0.7007874250411987
n1348,P04_n469,258.3330078125,0.333984375,53,3,0.6437317132949829,93.206531169462,0.0,0.3551195561885834,0.5590550899505615
n1349,P04_n470,258.5,1.5,60,1,0.4191337823867798,143.15238360965986,0.0,-1.1798855066299438,0.5748031735420227
n1350,P04_n471,258.6669921875,0.3330078125,45,3,0.5893511772155762,101.80687223443496,0.0,0.6182058453559875,0.4881889820098877
n1352,P04_n472,259.0,0.3330078125,33,3,0.6606488227844238,90.81980914931349,0.0,1.5876842737197876,0.5118110179901123
n1353,P04_n474,259.3330078125,0.333984375,40,3,0.6549707651138306,91.60714217461646,0.0,1.0163943767547607,0.4173228442668915
n1354,P04_n475,259.6669921875,0.3330078125,45,3,0.5968199968338013,100.53282450036343,0.0,0.30919989943504333,0.3937007784843445
n1356,P04_n476,260.0,0.3330078125,48,3,0.6493768095970154,92.39627765154454,0.0099945068359375,2.551229953765869,0.6377952694892883
n1355,P04_n477,260.0,2.0,57,1,0.6493768095970154,92.39627765154454,-0.0099945068359375,-1.628666639328003,0.5748031735420227
n1357,P04_n478,260.3330078125,0.333984375,52,3,0.6437317132949829,93.206531169462,0.0,2.277663469314575,0.5590550899505615
n1358,P04_n479,260.6669921875,0.3330078125,57,3,0.6419079899787903,93.47134003111957,0.0,1.9549425840377808,0.7007874250411987
n1359,P04_n480,261.0,0.3330078125,60,3,0.671875,89.30232558139535,0.0,1.4616949558258057,0.6377952694892883
n1360,P04_n481,261.3330078125,0.333984375,64,3,0.632538378238678,94.85590450190831,0.0,0.8982744216918945,0.6377952694892883
n1361,P04_n482,261.6669921875,0.3330078125,69,3,0.5768267512321472,104.0173672109265,0.0,-0.12414273619651794,0.5118110179901123
n1362,P04_n485,262.0,3.0,60,3,0.6155558824539185,97.47287242355563,-0.015416462905704975,-0.014066427946090698,0.5275590419769287
n1363,P04_n484,262.0,3.0,64,3,0.6155558824539185,97.47287242355563,0.0008341471548192203,-0.0003263381076976657,0.3700787425041199
n1364,P04_n483,262.0,3.0,69,3,0.6155558824539185,97.47287242355563,0.014582316391170025,0.011347577907145023,0.29133859276771545
